"limit_bal","sex","education","age","bill_amt","pay_amt"
500000,"male","university",35,207237,20001
140000,"male","university",42,139227,4325
50000,"male","high_school",32,40992,2026
580000,"male","graduate_school",31,2507,2190
180000,"female","graduate_school",48,8308,440
340000,"female","university",33,411,11038
30000,"female","graduate_school",30,3836,1016
270000,"female","graduate_school",32,54914,3000
60000,"female","graduate_school",24,6686,1049
260000,"female","graduate_school",30,0,0
20000,"male","high_school",48,10805,5000
100000,"female","high_school",36,101972,16608
360000,"male","other",31,275178,7500
20000,"male","university",24,10768,1502
60000,"female","graduate_school",27,0,0
140000,"male","graduate_school",35,325,537
10000,"female","high_school",43,1593,2006
280000,"female","graduate_school",29,1939,333
200000,"male","university",29,10538,6201
140000,"female","university",32,137647,5004
280000,"female","graduate_school",27,160889,9000
80000,"female","high_school",33,325,107
50000,"female","high_school",39,48694,1803
200000,"female","graduate_school",40,0,0
50000,"male","university",34,37699,2000
80000,"female","university",42,42656,1519
50000,"female","graduate_school",36,11684,45135
280000,"female","university",50,25040,41275
480000,"male","university",44,29112,43111
30000,"female","high_school",60,27331,2000
90000,"female","university",25,28276,1505
130000,"female","university",53,126750,5996
50000,"female","university",50,27525,1900
50000,"male","university",27,48655,460
170000,"female","university",56,4767,0
30000,"female","graduate_school",25,29628,1600
40000,"female","university",37,7613,0
610000,"male","graduate_school",31,348392,323014
110000,"female","high_school",45,9242,5000
20000,"male","graduate_school",25,0,0
280000,"male","graduate_school",32,3981,1355
290000,"female","graduate_school",50,165563,7000
150000,"female","university",25,69333,3401
360000,"male","graduate_school",40,499,0
120000,"male","university",45,63911,0
30000,"male","university",25,7160,1300
80000,"female","graduate_school",22,78028,3200
230000,"female","graduate_school",26,-10,2122
240000,"male","university",25,24640,1700
300000,"female","university",57,2890,390
50000,"female","other",32,10335,1200
280000,"female","graduate_school",34,95278,4525
50000,"male","graduate_school",35,50481,3183
20000,"male","high_school",48,250,0
230000,"female","graduate_school",40,360,0
150000,"male","high_school",27,85993,2922
730000,"male","high_school",56,746814,20500
30000,"female","university",22,-802,21286
500000,"female","university",43,374802,14000
340000,"male","university",34,335002,12510
70000,"female","high_school",43,26193,1500
80000,"female","university",44,7491,2900
230000,"female","high_school",49,224985,10000
440000,"female","university",27,197019,6040
80000,"male","university",48,74349,3400
240000,"female","university",50,978,193
30000,"male","university",38,28484,1905
250000,"male","graduate_school",41,173,0
140000,"female","university",37,143118,6400
400000,"male","high_school",53,15090,4004
20000,"male","graduate_school",44,18091,1600
50000,"male","high_school",40,50693,1747
70000,"female","high_school",48,62775,3000
50000,"male","university",26,46008,1007
240000,"female","university",39,9000,2831
200000,"male","university",33,110006,5000
130000,"male","university",27,7100,1100
170000,"female","graduate_school",31,757,4319
110000,"male","university",44,111188,6010
50000,"female","high_school",59,37201,1503
90000,"female","high_school",46,1609,1372
360000,"male","graduate_school",47,1548,0
120000,"female","university",30,121280,6026
190000,"male","high_school",44,291,0
50000,"male","university",24,51112,2109
110000,"female","high_school",36,114097,5620
200000,"male","graduate_school",28,972,0
160000,"female","university",27,0,418
50000,"female","university",31,47800,3725
400000,"male","university",42,2984,3369
80000,"male","university",32,1253,4091
340000,"female","university",43,106867,12002
120000,"female","graduate_school",26,112774,5000
260000,"male","graduate_school",27,868,1320
380000,"male","graduate_school",46,141102,5034
300000,"female","high_school",53,0,0
360000,"male","university",37,346,9182
60000,"female","university",47,54532,1970
80000,"female","high_school",28,2147,612
170000,"female","university",49,12769,3557
230000,"female","graduate_school",29,0,0
50000,"female","high_school",39,41250,1501
50000,"male","university",26,0,0
130000,"female","university",30,396,792
60000,"female","university",35,5601,0
50000,"male","graduate_school",40,50657,2015
410000,"male","graduate_school",37,5770,2290
10000,"male","university",22,7019,0
200000,"female","high_school",49,0,0
50000,"female","university",55,21371,1376
150000,"male","high_school",44,151009,6913
10000,"male","university",50,3664,1300
500000,"male","university",53,-12,1282
30000,"female","high_school",53,17585,1600
30000,"female","high_school",55,29278,1600
260000,"female","graduate_school",31,33142,2000
160000,"female","university",24,2227,0
50000,"female","graduate_school",27,451,0
120000,"female","university",25,120298,4007
60000,"female","high_school",33,56326,0
240000,"male","university",31,0,780
30000,"female","high_school",60,2365,0
200000,"female","university",31,24605,1462
70000,"male","university",29,-8187,0
10000,"male","university",24,2887,0
50000,"male","high_school",25,39686,5000
70000,"male","graduate_school",50,56551,1900
270000,"female","graduate_school",44,-106,3000
140000,"male","graduate_school",32,32678,5400
120000,"female","other",57,116497,5000
90000,"male","graduate_school",33,498,498
210000,"female","university",49,0,0
50000,"female","graduate_school",34,51400,0
150000,"male","graduate_school",30,-819,36276
340000,"female","graduate_school",27,195524,7524
50000,"male","university",29,5140,9377
80000,"female","university",35,15234,3000
260000,"female","high_school",48,97908,2980
130000,"male","graduate_school",58,137671,4300
490000,"female","university",33,58308,10000
70000,"male","high_school",41,70476,2700
140000,"female","high_school",51,58213,3500
100000,"female","high_school",46,94657,3000
50000,"female","university",27,20762,2000
280000,"male","university",33,265120,9104
200000,"female","graduate_school",39,10140,9984
50000,"female","university",22,49619,1836
50000,"female","high_school",46,46677,2500
280000,"male","graduate_school",31,8383,9044
310000,"female","graduate_school",28,8193,43003
20000,"female","graduate_school",23,6081,0
100000,"female","university",27,0,0
470000,"male","university",29,59235,3106
420000,"male","university",35,9288,17095
140000,"male","graduate_school",31,27123,25000
240000,"male","high_school",35,11119,10722
340000,"female","university",39,66623,2500
30000,"male","graduate_school",33,27274,0
310000,"male","graduate_school",41,247202,8213
50000,"male","university",40,50209,0
50000,"male","university",31,49804,2000
50000,"female","university",25,46528,1794
260000,"female","graduate_school",37,58261,3000
50000,"male","high_school",40,37245,1700
590000,"female","graduate_school",31,-154,1000
50000,"male","university",50,16242,1215
280000,"male","university",32,204057,0
30000,"male","high_school",29,28547,1700
80000,"male","high_school",44,10350,1199
500000,"female","graduate_school",41,10386,28854
50000,"male","university",26,27570,2000
120000,"female","university",40,109399,3900
70000,"female","university",27,31455,4000
230000,"female","graduate_school",36,3240,0
180000,"female","university",44,108,131
190000,"male","graduate_school",31,158416,6004
250000,"female","graduate_school",42,25298,0
50000,"male","university",25,61143,3000
110000,"female","university",40,84589,3700
300000,"female","graduate_school",27,131760,4700
150000,"female","graduate_school",49,850,0
80000,"male","graduate_school",30,5504,1004
100000,"male","high_school",49,33333,0
150000,"female","graduate_school",26,15079,5018
50000,"female","graduate_school",42,1618,0
130000,"female","university",24,48764,1034
20000,"female","university",23,15596,0
50000,"male","university",41,49401,1803
80000,"female","high_school",44,817,1131
50000,"male","graduate_school",23,17528,1000
300000,"male","graduate_school",38,0,0
50000,"male","high_school",53,41674,1660
200000,"male","graduate_school",38,5607,0
30000,"female","high_school",26,27594,2595
20000,"male","university",26,1050,0
150000,"female","graduate_school",27,3467,2008
250000,"male","graduate_school",31,377399,10045
20000,"male","university",23,17682,1500
50000,"male","university",25,49007,1922
20000,"female","high_school",54,16120,1308
420000,"male","high_school",32,41104,6887
70000,"male","university",42,70293,3300
130000,"female","university",28,98606,4500
200000,"female","graduate_school",47,4503,0
180000,"male","graduate_school",51,134327,6015
20000,"female","high_school",23,17589,1313
310000,"male","university",27,22936,240101
50000,"female","graduate_school",23,50025,1626
100000,"female","university",36,14891,0
20000,"male","university",24,6215,1300
20000,"female","university",34,6827,1200
30000,"female","university",27,20581,1700
110000,"female","university",27,0,0
360000,"female","university",32,11646,5000
30000,"female","high_school",46,22352,1700
150000,"female","high_school",43,125403,5018
240000,"female","graduate_school",55,80199,3900
10000,"male","high_school",22,9363,1200
120000,"female","university",33,68493,3500
200000,"female","university",44,120515,3030
20000,"female","university",40,19816,1601
130000,"male","graduate_school",38,131197,7000
200000,"female","graduate_school",42,23242,1711
50000,"male","high_school",49,36728,36
90000,"female","graduate_school",27,7624,0
20000,"male","graduate_school",30,6885,2000
300000,"female","university",40,184164,7028
20000,"female","university",42,21001,0
360000,"male","graduate_school",37,5225,6
110000,"female","high_school",39,107441,4023
50000,"female","university",43,23587,1800
140000,"female","graduate_school",36,4036,0
50000,"female","university",39,48651,2200
20000,"male","high_school",45,18011,1500
350000,"female","graduate_school",32,87611,3300
230000,"female","university",32,328,1621
420000,"female","university",25,17685,30553
140000,"female","graduate_school",29,14943,2888
500000,"male","graduate_school",44,150758,63256
50000,"male","university",48,42850,1000
50000,"male","graduate_school",23,18666,2000
60000,"female","university",23,22241,2000
170000,"female","university",35,121231,5000
20000,"female","university",22,16072,1700
210000,"female","graduate_school",34,-300,0
160000,"female","graduate_school",27,288,451
210000,"female","university",41,0,8333
100000,"female","university",38,36414,2000
160000,"female","university",27,75652,1020
430000,"female","graduate_school",29,42130,1000
270000,"male","graduate_school",36,109611,6285
500000,"female","graduate_school",49,1088,4031
230000,"female","graduate_school",28,207128,6300
120000,"male","graduate_school",27,880,880
50000,"male","university",29,400,0
200000,"female","university",35,3773,4000
750000,"female","high_school",40,16372,15420
160000,"female","university",52,465,10451
20000,"male","university",46,17483,1363
100000,"female","university",28,1215,1042
400000,"female","graduate_school",31,203,770
100000,"female","university",28,50697,1959
230000,"female","university",44,5630,390
200000,"female","university",33,64932,2365
210000,"female","university",34,4141,1283
80000,"female","university",26,78768,3500
300000,"female","graduate_school",34,19357,5032
210000,"female","university",43,3577,1003
170000,"female","university",47,62927,1566
50000,"male","other",33,47423,1600
100000,"female","university",41,96509,4500
500000,"female","graduate_school",37,315816,10000
180000,"male","university",37,8788,40970
50000,"female","university",23,50643,2741
240000,"male","graduate_school",34,30851,10000
200000,"female","university",41,-780,0
80000,"male","university",42,97841,0
80000,"female","university",27,725,2968
230000,"male","university",39,35289,1646
120000,"female","university",35,0,0
200000,"male","university",31,29070,3019
100000,"male","high_school",44,39649,5000
20000,"female","high_school",43,0,0
280000,"male","university",38,3596,963
350000,"male","high_school",37,70257,20001
480000,"female","university",38,4658,6000
200000,"female","high_school",29,203621,7464
270000,"female","graduate_school",45,0,0
160000,"male","graduate_school",31,24465,7751
50000,"male","university",29,30117,1370
100000,"male","graduate_school",27,55734,1631
360000,"female","high_school",36,2473,0
120000,"female","university",31,21134,0
230000,"male","high_school",29,-4,1500
60000,"female","university",34,30834,3000
150000,"female","university",32,49760,2538
570000,"female","graduate_school",32,47758,3000
390000,"female","graduate_school",25,21382,4000
20000,"female","university",27,17311,0
200000,"male","graduate_school",38,3810,3063
100000,"female","university",49,0,0
200000,"male","graduate_school",27,0,0
220000,"male","graduate_school",39,96473,10000
500000,"female","university",50,290301,11000
30000,"male","university",36,18811,0
20000,"male","university",24,390,780
20000,"male","university",28,10926,2500
70000,"male","graduate_school",31,45450,0
200000,"male","high_school",33,5868,8697
70000,"male","university",36,20857,2000
180000,"male","graduate_school",38,153099,7005
400000,"female","university",36,69376,2255
550000,"female","graduate_school",44,27093,30820
360000,"female","high_school",45,0,700
200000,"female","university",36,8812,15234
110000,"female","graduate_school",55,632,0
320000,"male","university",26,303703,12167
220000,"female","graduate_school",36,4952,1734
50000,"female","graduate_school",25,30587,1800
220000,"female","university",31,75451,4000
310000,"male","university",36,32782,11406
30000,"female","high_school",44,21007,7200
310000,"female","graduate_school",28,3473,201153
30000,"female","university",29,15455,2000
310000,"female","university",46,12479,423
20000,"male","university",34,12857,1541
30000,"female","high_school",25,26769,1500
150000,"female","graduate_school",30,7674,432
410000,"female","university",27,-58,33049
250000,"female","university",36,126751,4559
150000,"female","graduate_school",37,4787,1054
180000,"female","high_school",49,92140,3892
20000,"male","high_school",25,1650,0
220000,"female","university",47,103078,10000
210000,"female","high_school",40,2616,7537
300000,"male","graduate_school",37,298,752
220000,"female","graduate_school",30,6391,2402
280000,"male","university",26,2103,2781
500000,"female","graduate_school",44,71921,368199
500000,"female","graduate_school",34,30376,15000
110000,"male","university",46,44953,3087
230000,"female","graduate_school",25,264,264
260000,"female","graduate_school",30,235961,7988
180000,"female","graduate_school",44,2788,5646
80000,"male","university",28,49302,1412
110000,"male","university",30,35283,1500
120000,"female","university",40,32130,3613
120000,"male","graduate_school",43,165,0
50000,"female","graduate_school",34,0,0
100000,"male","high_school",41,0,840
500000,"female","graduate_school",39,10840,1108
120000,"male","graduate_school",33,291,291
450000,"male","university",32,-3768,179
200000,"female","university",47,0,0
290000,"male","graduate_school",28,18359,1500
200000,"male","graduate_school",38,-57,0
120000,"male","university",26,109110,0
180000,"female","university",31,112900,0
50000,"male","graduate_school",39,49869,2146
20000,"male","high_school",25,15706,1700
50000,"female","high_school",40,49941,2400
10000,"male","university",23,10041,2000
80000,"female","graduate_school",25,0,0
220000,"female","graduate_school",28,55477,3000
50000,"female","high_school",28,2350,50
260000,"female","university",26,264249,9800
130000,"female","university",26,187600,6074
20000,"male","university",24,5212,1500
90000,"male","graduate_school",36,87678,3573
140000,"female","graduate_school",34,103288,4500
140000,"male","university",36,59693,3000
210000,"male","university",45,56024,1836
120000,"male","high_school",37,2284,2007
180000,"female","high_school",47,3735,3404
210000,"female","university",33,98,1120
30000,"male","university",26,29160,2015
470000,"female","university",27,152478,3001
420000,"female","graduate_school",46,19629,8765
130000,"male","graduate_school",39,390,390
20000,"male","university",24,19401,3232
170000,"female","graduate_school",27,106,18719
360000,"female","graduate_school",47,2500,0
30000,"female","university",34,26330,0
120000,"male","graduate_school",31,25719,5000
30000,"male","university",34,18402,2000
100000,"female","high_school",58,43386,2000
70000,"male","university",26,67864,3517
50000,"male","university",29,43205,4000
350000,"female","high_school",50,41069,315
20000,"female","university",23,17772,1877
280000,"female","graduate_school",44,146390,5111
260000,"male","graduate_school",51,62635,6000
220000,"male","graduate_school",48,113061,5600
20000,"male","graduate_school",23,5996,1300
100000,"female","university",23,101771,3800
140000,"female","graduate_school",29,51822,2000
50000,"male","university",32,50240,6000
230000,"female","university",41,38975,5000
80000,"female","high_school",48,44508,1785
140000,"male","university",34,135949,8408
310000,"female","graduate_school",26,11683,3000
320000,"female","university",33,7444,5783
50000,"male","university",41,43474,40003
210000,"female","other",29,43933,2000
290000,"male","graduate_school",46,194301,10744
110000,"male","high_school",40,84965,3280
20000,"male","graduate_school",23,3206,1100
260000,"female","high_school",44,148803,5100
180000,"female","university",25,3231,15000
50000,"female","graduate_school",37,8014,1200
260000,"female","university",33,3342,9023
20000,"female","graduate_school",23,11967,1031
50000,"female","high_school",25,31097,0
50000,"female","university",31,44105,2000
80000,"male","high_school",34,45876,1752
50000,"male","university",44,16726,2000
60000,"male","graduate_school",25,13123,1500
360000,"male","university",36,4671,929
500000,"male","graduate_school",29,367965,55000
200000,"female","high_school",51,-186,1032
100000,"female","graduate_school",29,63542,5000
140000,"male","university",26,105930,3029
210000,"female","high_school",30,1661,5793
260000,"female","graduate_school",29,1476,1476
300000,"female","high_school",34,-75,29089
130000,"female","graduate_school",29,106271,15107
80000,"female","high_school",25,80012,3010
220000,"female","graduate_school",29,-12,0
50000,"male","high_school",34,9110,1500
200000,"female","university",33,11253,2000
240000,"female","high_school",31,298,0
50000,"female","university",31,422,1532
70000,"female","high_school",26,7139,1500
20000,"male","high_school",44,11623,1300
260000,"female","high_school",27,106164,3834
100000,"female","high_school",24,440,500
120000,"male","high_school",43,41439,2000
190000,"female","graduate_school",28,159438,8150
100000,"male","university",28,9125,2000
30000,"male","university",42,24317,4491
280000,"male","university",32,35038,2000
350000,"male","graduate_school",52,713,2272
120000,"male","graduate_school",28,120942,4585
20000,"female","graduate_school",22,18553,1500
140000,"male","university",30,326,326
170000,"male","graduate_school",36,8433,644
130000,"female","university",44,99801,5100
80000,"female","high_school",37,7070,3087
30000,"female","university",45,30488,1600
80000,"female","high_school",62,36088,2100
100000,"female","graduate_school",29,3788,0
30000,"male","university",29,390,390
90000,"female","other",49,1722,0
20000,"female","high_school",53,4400,0
50000,"male","high_school",53,49696,2000
30000,"female","high_school",36,25437,2000
380000,"male","university",31,6749,7959
80000,"female","university",36,81606,0
10000,"male","high_school",35,7536,1136
20000,"male","high_school",40,0,0
20000,"female","university",39,19565,0
60000,"male","high_school",46,56869,2110
170000,"female","university",43,20699,11614
200000,"male","graduate_school",47,696,696
170000,"male","university",34,91450,3400
280000,"female","high_school",48,166473,7750
30000,"female","graduate_school",25,27396,1753
240000,"male","university",44,8421,14230
80000,"male","university",32,78239,4500
50000,"female","university",49,3126,25368
200000,"female","university",33,103876,2034
70000,"female","graduate_school",25,68839,3213
150000,"female","high_school",52,170,1125
90000,"female","university",42,390,0
80000,"male","high_school",41,81070,2385
290000,"female","university",37,140599,13010
90000,"female","high_school",49,104494,3592
60000,"female","university",28,5669,2000
80000,"male","high_school",41,90894,4000
110000,"female","university",28,10048,2000
280000,"female","graduate_school",31,103,168
50000,"male","university",51,46926,3000
80000,"male","university",29,37822,3700
20000,"male","university",24,14619,2850
150000,"female","university",23,956,66470
50000,"female","graduate_school",55,25043,1775
370000,"female","high_school",34,104114,210000
300000,"female","university",30,8805,2186
180000,"male","university",29,-2,0
50000,"male","graduate_school",30,37570,0
250000,"female","university",30,197436,7500
260000,"female","university",46,0,135
50000,"female","university",23,865,1202
210000,"female","university",34,86792,3319
70000,"male","graduate_school",27,51923,5265
300000,"female","graduate_school",31,7834,1093
120000,"female","graduate_school",33,53087,2572
50000,"male","university",41,51449,1700
110000,"male","university",34,102638,4600
50000,"female","high_school",39,38506,2008
200000,"female","university",41,6981,1000
80000,"female","high_school",48,66321,0
80000,"female","high_school",39,5280,5000
360000,"female","graduate_school",27,130640,4500
360000,"female","university",43,0,0
30000,"female","university",22,24426,1712
340000,"female","graduate_school",30,24400,27800
70000,"male","high_school",26,39073,2000
200000,"male","graduate_school",42,470,740
50000,"male","high_school",27,49684,1961
110000,"female","university",39,109221,4230
120000,"female","graduate_school",33,332,332
220000,"female","graduate_school",41,-65,0
160000,"female","university",28,1426,326
200000,"male","graduate_school",32,270160,11000
90000,"female","high_school",53,88363,3200
80000,"female","university",24,0,0
230000,"female","university",40,0,0
230000,"female","graduate_school",31,-7,6792
110000,"male","high_school",37,61807,2300
220000,"female","graduate_school",29,13488,16130
100000,"female","university",26,22320,1227
100000,"male","other",37,7642,0
390000,"female","university",28,116720,7000
60000,"female","graduate_school",32,31142,1842
500000,"female","graduate_school",38,600,0
50000,"male","graduate_school",49,25801,0
30000,"female","graduate_school",22,8679,1190
100000,"female","high_school",55,1520,0
140000,"male","university",40,139282,4945
30000,"female","university",38,6061,1007
360000,"female","graduate_school",28,26349,4045
290000,"female","graduate_school",35,190453,8100
80000,"female","high_school",34,3500,9295
50000,"female","university",23,25622,10122
240000,"female","graduate_school",28,0,1748
50000,"male","high_school",23,11744,1507
80000,"female","university",27,78672,7018
200000,"female","university",34,4798,1125
50000,"female","university",52,15377,2000
420000,"male","graduate_school",52,11097,16106
200000,"female","graduate_school",29,3215,676
170000,"female","graduate_school",50,1978,2191
80000,"female","other",25,75296,4000
50000,"female","graduate_school",31,30291,2000
200000,"male","university",37,4757,1500
140000,"female","university",26,37283,7023
100000,"male","university",27,10458,2500
20000,"female","graduate_school",23,6988,1444
210000,"male","graduate_school",31,161159,8000
20000,"female","university",28,20583,0
500000,"female","university",34,60278,1745
240000,"male","graduate_school",27,2961,2000
240000,"male","university",38,6848,836
100000,"male","graduate_school",31,91176,6000
130000,"female","other",39,264,264
300000,"female","graduate_school",29,45117,1281
260000,"female","graduate_school",31,263688,8993
250000,"female","graduate_school",38,14766,990
50000,"male","graduate_school",23,27101,88
440000,"female","university",29,485921,20000
160000,"female","university",24,157389,6800
20000,"female","university",36,9845,3000
70000,"female","graduate_school",24,28059,2000
190000,"female","university",37,115049,6000
280000,"female","graduate_school",47,257561,20000
60000,"female","university",39,58574,0
230000,"male","university",28,651,651
160000,"male","university",37,99793,4300
330000,"female","university",39,156853,5757
230000,"female","university",38,10906,1364
400000,"female","high_school",44,120456,3557
50000,"female","university",23,13717,2008
230000,"female","graduate_school",42,6087,16050
130000,"female","university",25,61223,4003
80000,"female","university",27,25424,2000
400000,"female","graduate_school",32,29864,0
50000,"female","university",23,0,0
50000,"female","university",24,40901,1600
260000,"male","graduate_school",38,3953,3953
180000,"female","graduate_school",33,31689,10000
230000,"male","graduate_school",42,222059,7300
340000,"female","high_school",40,183139,9000
60000,"male","university",45,60035,2380
200000,"female","high_school",53,126027,6500
80000,"female","university",35,63706,5660
200000,"female","graduate_school",34,0,0
30000,"male","university",30,28130,1750
50000,"male","university",23,1678,1200
350000,"male","graduate_school",33,53562,2045
420000,"male","university",34,226007,10000
20000,"female","university",25,19223,1293
50000,"female","university",26,5195,15387
260000,"female","university",45,113872,6302
170000,"female","graduate_school",26,22680,2000
160000,"female","graduate_school",32,0,0
650000,"male","graduate_school",44,2119,5115
50000,"male","university",43,15641,0
70000,"male","graduate_school",28,19728,8000
150000,"female","university",26,81638,2481
120000,"male","university",35,0,0
50000,"male","university",43,29308,2000
500000,"male","graduate_school",32,48169,20000
220000,"male","graduate_school",33,3233,2108
20000,"male","high_school",24,16973,1600
220000,"female","high_school",43,223022,7750
200000,"female","other",27,777,15103
30000,"male","university",22,4921,1500
320000,"female","university",36,396,396
10000,"male","university",29,8393,1000
210000,"female","university",30,134664,6006
130000,"female","graduate_school",26,0,0
10000,"male","university",28,5236,2200
200000,"male","university",51,1690,0
50000,"male","university",30,50507,4000
20000,"male","graduate_school",22,18523,3500
500000,"female","university",36,339,0
160000,"male","high_school",38,47269,2767
180000,"female","university",28,3840,18588
350000,"male","graduate_school",70,100895,3371
50000,"male","university",30,21839,1600
270000,"female","university",65,0,2521
360000,"female","graduate_school",26,724,125
140000,"female","high_school",56,11106,3000
530000,"male","graduate_school",30,214022,20000
210000,"male","university",28,198724,4500
50000,"female","university",29,5804,1300
210000,"male","graduate_school",39,28435,7637
160000,"female","high_school",38,151963,5100
230000,"female","university",30,0,63508
90000,"female","university",47,28477,2000
50000,"female","high_school",51,50448,2017
150000,"female","graduate_school",32,0,258
90000,"male","university",30,45271,0
50000,"male","high_school",44,41755,0
20000,"male","university",22,19666,20700
100000,"male","university",34,54126,5300
360000,"female","graduate_school",30,0,0
200000,"female","graduate_school",48,657,0
70000,"female","graduate_school",36,18514,2000
100000,"female","university",28,316,316
100000,"female","university",47,24735,3555
360000,"male","high_school",37,1090,303
80000,"male","university",36,25028,3033
230000,"female","graduate_school",30,63064,2800
300000,"male","high_school",41,1556,118816
110000,"female","university",29,50268,1400
170000,"male","graduate_school",60,170359,11700
100000,"female","university",27,37767,1788
50000,"male","university",36,47599,2000
110000,"female","university",35,85958,2968
360000,"male","high_school",42,25988,1815
120000,"male","graduate_school",26,2382,884
50000,"male","high_school",42,43998,10000
10000,"female","university",37,6993,6495
30000,"female","high_school",37,25689,1500
80000,"female","high_school",22,37990,2400
80000,"male","university",26,76158,8000
500000,"male","graduate_school",46,53049,16018
360000,"male","graduate_school",29,5143,6159
200000,"male","graduate_school",38,0,0
250000,"female","graduate_school",36,2200,0
100000,"male","university",30,55776,3000
150000,"female","high_school",48,9730,0
120000,"female","graduate_school",29,632,0
50000,"female","university",31,10682,1194
20000,"female","high_school",22,14218,1700
240000,"female","graduate_school",29,41923,1779
260000,"female","graduate_school",36,203755,15000
200000,"female","university",41,23570,742
210000,"female","graduate_school",25,100,0
170000,"female","university",38,146518,7031
100000,"female","graduate_school",38,68916,3000
80000,"female","university",35,0,0
480000,"male","university",51,2900,17646
110000,"female","university",36,2002,1056
110000,"female","university",46,1495,86367
200000,"female","university",26,15150,1411
130000,"female","high_school",42,105406,4349
350000,"male","graduate_school",37,316,316
290000,"female","graduate_school",37,54966,4020
400000,"female","graduate_school",35,10043,18057
200000,"female","graduate_school",26,6242,1776
500000,"female","university",29,2140,3919
20000,"male","high_school",37,1439,1251
60000,"male","high_school",29,4511,1096
150000,"male","university",48,118610,4955
140000,"male","university",29,140933,5503
320000,"female","high_school",52,650,2080
120000,"female","university",27,83567,4326
160000,"male","graduate_school",55,152162,6500
150000,"female","graduate_school",25,2784,0
170000,"female","graduate_school",29,37350,2000
90000,"female","graduate_school",26,32154,1888
360000,"female","graduate_school",40,10210,0
150000,"female","graduate_school",28,82559,3500
240000,"male","university",51,98588,3592
170000,"female","university",37,168719,7000
240000,"female","graduate_school",31,179483,8151
80000,"female","graduate_school",29,16936,1303
70000,"female","high_school",23,16103,2800
280000,"female","university",24,1481,11943
200000,"female","graduate_school",32,0,0
50000,"female","high_school",31,38102,2830
50000,"male","graduate_school",57,42624,2173
90000,"female","graduate_school",25,86014,8300
20000,"male","graduate_school",25,17147,3000
30000,"female","graduate_school",23,20958,1092
20000,"female","university",22,20386,1510
200000,"female","university",35,64195,3000
140000,"male","university",26,119424,0
470000,"female","university",32,491428,300000
110000,"female","graduate_school",52,1865,0
220000,"male","graduate_school",55,1782,0
280000,"female","university",35,259637,10028
200000,"female","high_school",33,0,0
20000,"female","high_school",40,9755,894
50000,"female","graduate_school",26,5800,2500
60000,"male","graduate_school",30,15380,4147
230000,"female","university",24,24973,5000
50000,"female","graduate_school",23,22939,1413
360000,"male","university",36,33051,1000
130000,"male","graduate_school",43,130874,5500
260000,"male","graduate_school",34,324,828
100000,"female","graduate_school",24,84895,3513
500000,"female","graduate_school",38,54787,20015
10000,"male","university",35,7026,1200
180000,"female","graduate_school",30,174869,8328
420000,"female","university",41,373978,33808
130000,"female","graduate_school",34,66803,3000
50000,"male","graduate_school",27,40688,4100
470000,"male","graduate_school",34,57566,5344
120000,"male","university",30,77413,5000
110000,"male","university",55,51716,65668
190000,"female","university",24,183821,9000
10000,"female","university",22,7828,1009
30000,"male","university",31,26788,2001
30000,"male","university",25,12925,1000
60000,"male","other",32,57505,1800
240000,"male","university",34,225709,8544
90000,"female","university",27,18525,10105
50000,"female","university",32,32814,0
220000,"female","graduate_school",30,91178,10128
20000,"female","university",27,42784,3000
20000,"male","university",34,16456,1500
20000,"male","high_school",32,15598,0
130000,"female","university",26,99290,0
360000,"female","graduate_school",37,0,0
200000,"female","graduate_school",40,0,114558
130000,"female","university",24,12163,10095
260000,"female","university",26,28,288
380000,"female","university",30,384846,13291
440000,"male","graduate_school",33,2976,16911
210000,"female","university",27,174134,16
120000,"female","graduate_school",33,2446,326
20000,"male","university",25,15789,6500
50000,"female","graduate_school",30,2989,1228
160000,"female","graduate_school",31,1494,2
200000,"female","graduate_school",30,195128,13600
50000,"female","university",31,0,0
210000,"female","university",31,1154,1368
50000,"male","university",25,50516,9
360000,"male","high_school",33,32290,2000
150000,"male","graduate_school",37,36148,1600
80000,"male","graduate_school",35,37642,4000
80000,"male","graduate_school",28,49740,2000
400000,"female","graduate_school",32,110,587
500000,"female","high_school",49,207406,15000
400000,"female","university",42,3608,4052
320000,"male","university",34,117983,10009
70000,"female","high_school",27,57879,2600
340000,"female","graduate_school",38,15065,41951
140000,"female","university",36,45849,2100
120000,"male","graduate_school",43,3131,5126
30000,"male","high_school",25,22821,1397
110000,"male","graduate_school",55,92610,4500
50000,"female","graduate_school",23,0,0
320000,"female","graduate_school",35,227927,10000
500000,"male","graduate_school",53,13331,13941
190000,"female","graduate_school",45,75758,0
80000,"male","high_school",38,19277,1400
20000,"female","university",37,17843,1280
50000,"male","university",30,13745,125
40000,"female","university",43,9268,0
160000,"female","university",40,390,390
210000,"female","university",25,648,39637
100000,"female","other",54,95980,4057
70000,"female","graduate_school",27,157,157
60000,"female","graduate_school",39,56045,5000
360000,"female","university",28,12393,3445
220000,"female","graduate_school",33,204205,20000
20000,"male","university",26,18626,2000
300000,"female","graduate_school",26,48729,7500
360000,"male","university",29,67273,10000
120000,"male","high_school",38,77468,3000
50000,"male","university",27,23901,4146
70000,"female","university",33,51900,0
200000,"male","high_school",36,25469,2000
20000,"female","graduate_school",25,4541,0
20000,"male","university",47,19401,1331
100000,"male","university",46,100000,4500
10000,"male","university",23,5857,1117
50000,"female","university",53,46940,2188
390000,"male","graduate_school",35,28804,20000
20000,"male","university",48,7186,2000
210000,"female","university",27,190,0
340000,"female","graduate_school",29,2688,11486
50000,"female","university",56,50586,2000
520000,"female","high_school",54,653062,28500
500000,"female","graduate_school",44,522,20007
500000,"female","graduate_school",41,4513,4375
420000,"female","graduate_school",36,20326,1479
140000,"female","graduate_school",52,1388,0
260000,"female","university",35,188,188
100000,"female","graduate_school",24,-78,0
200000,"female","university",36,131694,4269
140000,"female","university",27,136899,5200
30000,"female","graduate_school",37,8301,1191
220000,"female","graduate_school",31,3785,1142
50000,"male","graduate_school",45,48719,2212
50000,"male","university",23,40698,2000
140000,"female","university",31,390,0
290000,"female","university",49,52547,2542
50000,"male","graduate_school",46,49386,2000
700000,"female","graduate_school",39,99259,5000
50000,"female","graduate_school",27,33202,2000
230000,"female","high_school",30,134272,107000
70000,"female","graduate_school",29,47310,4500
190000,"female","graduate_school",29,188463,6536
380000,"male","other",48,17670,10233
50000,"male","university",42,7217,1200
100000,"female","university",43,1597,2491
160000,"female","graduate_school",26,2198,9155
130000,"female","university",25,668,1200
90000,"male","high_school",42,48674,2300
500000,"female","university",27,195140,11613
110000,"female","university",24,90929,3550
110000,"male","university",32,97510,3300
210000,"female","graduate_school",46,15655,4854
290000,"female","graduate_school",46,113618,34507
320000,"female","graduate_school",30,8144,7500
50000,"female","university",41,49487,0
170000,"male","university",29,23070,164000
200000,"male","graduate_school",42,125722,12400
250000,"female","university",75,52874,1631
70000,"female","graduate_school",22,71501,1966
130000,"female","high_school",23,109592,5733
170000,"female","university",34,156526,7500
200000,"male","graduate_school",42,168289,8000
380000,"female","graduate_school",42,326,326
140000,"male","university",30,138421,5000
240000,"male","graduate_school",28,326,326
150000,"male","graduate_school",27,56918,3000
60000,"female","university",24,23851,1700
60000,"female","high_school",48,49890,2000
60000,"female","university",40,61756,2200
90000,"female","university",24,124457,6600
80000,"male","graduate_school",35,7988,3983
80000,"female","university",22,73954,5400
130000,"female","university",27,3359,0
80000,"female","graduate_school",24,39813,9425
230000,"female","university",28,0,0
100000,"female","graduate_school",30,28383,5000
280000,"male","graduate_school",47,2180,251
400000,"female","university",34,41305,206032
130000,"female","university",34,9383,1317
500000,"male","graduate_school",53,7196,0
390000,"female","graduate_school",27,78549,4500
50000,"male","high_school",26,42040,2000
500000,"female","graduate_school",29,36051,2065
340000,"male","university",29,5060,7604
340000,"female","high_school",28,6780,3629
50000,"female","graduate_school",22,49772,1778
100000,"male","graduate_school",39,1442,1261
50000,"female","graduate_school",37,43886,2500
50000,"female","university",31,40019,2006
20000,"male","university",32,14662,1500
480000,"female","university",35,227221,51000
50000,"female","university",40,46319,4000
30000,"male","high_school",55,2395,0
110000,"male","graduate_school",30,88312,4200
80000,"female","university",30,6393,0
160000,"male","university",37,3090,52165
360000,"female","graduate_school",29,15854,1000
20000,"male","university",38,17973,1699
310000,"male","graduate_school",47,960,1869
230000,"male","graduate_school",38,1902,2170
50000,"male","graduate_school",38,390,770
20000,"female","university",26,7072,2
160000,"male","university",48,0,0
60000,"male","university",51,27293,1450
80000,"female","graduate_school",35,3614,0
310000,"male","graduate_school",43,0,0
130000,"male","high_school",43,1261,1705
50000,"female","university",29,30517,4000
300000,"male","university",29,49917,5000
120000,"male","university",27,110162,0
110000,"female","graduate_school",48,0,0
230000,"female","university",47,0,0
60000,"female","graduate_school",28,23518,2700
360000,"female","university",45,0,2500
20000,"male","university",40,836,836
40000,"female","university",38,40125,2006
320000,"female","university",34,3825,3000
110000,"female","graduate_school",26,58716,2500
100000,"female","high_school",35,79277,3580
50000,"male","university",34,4166,0
120000,"female","graduate_school",27,390,390
290000,"female","university",34,58481,2000
280000,"female","university",43,273535,12000
20000,"female","high_school",56,19774,2009
210000,"female","university",42,0,0
70000,"female","graduate_school",50,64315,3000
50000,"male","university",39,51998,0
220000,"female","graduate_school",28,2956,2968
70000,"female","high_school",40,60525,14011
130000,"female","graduate_school",32,114227,5000
420000,"male","graduate_school",32,60825,1407
170000,"female","university",23,139172,4970
130000,"male","high_school",40,88222,3515
40000,"male","high_school",49,34470,2000
310000,"male","graduate_school",28,272588,9978
260000,"female","university",36,7258,2037
50000,"male","university",40,18485,1166
300000,"female","graduate_school",31,149893,7000
280000,"female","graduate_school",39,1726,350
50000,"female","university",30,4959,0
430000,"female","graduate_school",42,9777,75276
200000,"female","graduate_school",55,110778,3796
50000,"female","university",27,42391,3000
320000,"male","graduate_school",52,293481,10104
500000,"female","graduate_school",25,119193,70005
140000,"female","university",32,739,0
140000,"female","university",35,62244,2000
30000,"male","university",24,21788,1700
230000,"female","high_school",36,232115,22
230000,"female","university",31,10190,49777
30000,"female","university",35,0,741
100000,"male","high_school",37,31647,2129
130000,"male","university",27,131406,5000
160000,"female","high_school",40,93287,3230
130000,"female","university",46,125557,2498
50000,"female","university",32,0,0
30000,"female","university",59,27620,1449
80000,"female","university",38,62622,3208
100000,"female","high_school",32,24002,2781
110000,"male","graduate_school",40,8481,4980
280000,"female","high_school",46,1401,5201
50000,"male","graduate_school",22,5137,1300
90000,"male","high_school",35,86821,4000
360000,"female","graduate_school",30,13861,7884
360000,"female","university",26,17084,1400
80000,"female","high_school",43,80707,3332
50000,"male","graduate_school",33,12632,1000
290000,"male","university",36,154923,6507
300000,"female","graduate_school",33,58719,3000
110000,"female","graduate_school",25,63594,2260
220000,"male","university",37,13429,2500
230000,"male","university",47,996,1000
80000,"female","high_school",40,80855,2800
280000,"female","high_school",51,2158,0
290000,"female","university",29,112676,4500
360000,"female","graduate_school",31,-4,438
230000,"female","graduate_school",26,3741,0
50000,"female","graduate_school",27,39607,5014
60000,"male","university",40,53896,2500
280000,"male","graduate_school",31,148186,5000
450000,"male","graduate_school",42,2549,20449
170000,"male","university",26,30779,1675
390000,"female","university",29,10598,1571
210000,"male","university",40,5130,15266
10000,"female","university",21,7888,1383
340000,"female","university",36,3058,1087
170000,"male","graduate_school",48,6203,5079
80000,"female","graduate_school",23,71487,2157
100000,"female","university",40,40626,2000
50000,"female","university",25,66881,0
30000,"female","university",34,29678,0
30000,"male","university",26,24079,2500
20000,"male","university",34,16112,1300
240000,"female","university",34,626,1921
260000,"female","graduate_school",42,16827,1500
250000,"female","graduate_school",40,16503,0
150000,"female","graduate_school",54,152059,7100
120000,"male","high_school",36,326,326
220000,"male","graduate_school",32,8757,9
140000,"male","graduate_school",49,136128,4756
20000,"male","high_school",55,3413,0
430000,"male","graduate_school",34,435,183
120000,"female","university",27,1164,1671
50000,"female","high_school",70,54084,0
50000,"male","university",40,14633,1218
360000,"female","graduate_school",28,2400,2500
80000,"male","high_school",41,76015,3008
50000,"female","university",23,47053,1842
380000,"female","high_school",56,0,1349
60000,"female","high_school",46,44030,1500
470000,"male","university",45,293261,18000
220000,"female","high_school",46,214274,11000
310000,"male","graduate_school",32,217464,8500
100000,"female","graduate_school",41,31786,3680
30000,"male","graduate_school",35,14489,1500
180000,"male","university",31,130171,1110
80000,"male","graduate_school",26,56808,3000
200000,"female","graduate_school",37,74418,3251
280000,"female","university",29,7545,2709
50000,"male","graduate_school",23,11306,1069
50000,"male","university",24,17961,1700
200000,"female","university",36,198807,10700
30000,"male","graduate_school",28,9799,2350
360000,"female","university",49,338321,12323
10000,"male","university",35,5828,2000
100000,"female","university",25,59219,2197
70000,"female","university",37,68886,2850
100000,"male","university",27,33628,36066
210000,"female","graduate_school",29,217220,7700
110000,"male","university",26,60808,196
100000,"female","university",29,7815,5000
90000,"female","university",24,76453,2500
200000,"female","graduate_school",39,126082,6216
30000,"female","high_school",24,18103,900
150000,"female","graduate_school",35,329,0
50000,"female","university",24,43638,2200
230000,"female","university",30,74664,3000
150000,"female","university",26,94347,5000
320000,"female","high_school",35,157249,6000
50000,"female","high_school",47,12785,19982
50000,"male","graduate_school",35,49241,1600
130000,"female","university",35,42950,2036
50000,"female","university",29,5520,0
270000,"female","university",43,94125,1326
360000,"male","university",41,0,0
50000,"female","university",46,50471,0
30000,"female","university",42,9985,1176
20000,"female","university",25,17950,2000
270000,"male","high_school",47,161999,6000
10000,"female","university",40,6160,1123
170000,"male","university",30,416,832
50000,"male","university",26,0,0
280000,"female","university",38,236583,10000
70000,"male","high_school",51,54968,0
180000,"female","graduate_school",28,950,4369
180000,"male","graduate_school",37,49531,45612
240000,"female","high_school",36,-608,5000
130000,"female","high_school",25,250,174
310000,"female","high_school",31,214190,9000
200000,"female","university",43,180680,8155
360000,"male","graduate_school",40,21489,41088
50000,"female","high_school",41,23043,1700
360000,"male","graduate_school",29,90071,3032
50000,"female","high_school",59,47822,2009
50000,"male","university",27,26380,1000
280000,"female","university",38,237821,11000
200000,"male","graduate_school",48,5472,4318
500000,"male","high_school",39,32647,1832
50000,"male","graduate_school",24,50716,3029
180000,"female","university",31,173517,10122
30000,"female","university",38,26664,3582
60000,"male","university",46,57487,2706
360000,"female","university",31,3386,5964
120000,"male","high_school",53,291,291
390000,"female","university",37,200927,17843
70000,"male","university",45,9728,0
80000,"female","high_school",55,76414,3100
450000,"female","graduate_school",30,46244,1599
90000,"female","university",23,11333,4234
250000,"male","graduate_school",31,0,0
120000,"male","university",25,11147,2446
300000,"female","university",33,248832,11000
270000,"female","university",34,128620,2222
30000,"male","university",46,12485,1221
120000,"male","graduate_school",29,25602,5000
280000,"male","graduate_school",31,168382,10000
90000,"female","university",28,41138,2000
30000,"female","university",32,27807,0
420000,"female","graduate_school",45,0,23621
80000,"female","university",42,16959,1235
30000,"male","graduate_school",52,15743,1300
210000,"male","graduate_school",30,0,0
150000,"male","graduate_school",26,131490,16441
50000,"female","university",52,43343,1300
470000,"male","graduate_school",37,134561,150055
60000,"female","university",57,20866,2000
30000,"female","university",31,16207,4000
90000,"female","graduate_school",24,491,0
110000,"female","graduate_school",27,101640,5500
310000,"male","university",32,11416,5000
180000,"female","university",25,109030,78266
50000,"female","university",42,50221,2215
440000,"male","graduate_school",64,427038,20000
220000,"male","university",41,45075,8840
80000,"male","graduate_school",30,6187,504
50000,"male","university",24,17331,1600
230000,"male","high_school",29,237332,8000
200000,"male","university",34,0,0
160000,"female","graduate_school",40,0,0
160000,"female","high_school",47,396,396
150000,"female","university",30,65591,0
220000,"female","university",47,137736,5100
230000,"female","graduate_school",28,231591,4650
110000,"female","high_school",41,101316,5300
240000,"female","graduate_school",33,2193,0
50000,"male","university",36,2400,0
150000,"male","university",33,87721,7200
360000,"female","graduate_school",27,79837,27465
180000,"male","university",29,5265,0
260000,"female","graduate_school",40,2500,0
20000,"female","graduate_school",24,7919,1000
200000,"male","high_school",48,2772,4127
140000,"female","high_school",24,126546,4922
500000,"male","graduate_school",35,3938,82392
300000,"female","high_school",27,105786,9000
50000,"female","university",27,26655,1800
300000,"male","high_school",29,103792,8401
180000,"female","university",28,300,500
340000,"female","university",47,196112,6446
150000,"female","university",24,108924,4000
100000,"female","university",42,8166,1140
400000,"male","graduate_school",35,0,2720
90000,"female","graduate_school",27,1179,7020
380000,"female","university",44,1040,0
110000,"female","university",33,84880,8300
530000,"female","university",39,398763,17016
350000,"male","high_school",44,3265,2686
50000,"male","university",39,48493,2109
150000,"female","graduate_school",27,346,21379
470000,"male","graduate_school",38,33277,1869
500000,"male","graduate_school",43,4125,5864
150000,"male","university",32,146785,3300
360000,"female","university",39,1220,170
200000,"male","university",38,8565,85000
80000,"female","other",25,72732,3201
340000,"male","graduate_school",38,86057,5000
100000,"female","university",42,3256,0
290000,"female","graduate_school",31,632,0
200000,"female","university",45,193641,4543
110000,"female","university",62,33536,3000
50000,"female","university",27,50151,1724
50000,"male","university",24,14937,3027
180000,"female","university",36,111190,6000
20000,"male","high_school",43,6085,1045
320000,"male","university",32,43265,1528
20000,"female","university",24,10361,10000
150000,"female","graduate_school",25,0,0
150000,"male","university",38,509,14310
110000,"female","university",32,75505,0
80000,"female","university",34,84720,3808
200000,"male","university",31,5433,20710
250000,"female","high_school",27,324204,5000
60000,"female","university",35,60505,2300
80000,"male","high_school",42,390,1780
30000,"female","high_school",22,29793,0
260000,"male","university",34,54448,2017
440000,"female","graduate_school",37,5302,13333
300000,"female","high_school",39,-3928,1720
200000,"female","university",50,4608,0
200000,"male","graduate_school",45,0,479
150000,"female","university",23,7795,7000
360000,"female","graduate_school",31,304,8288
80000,"male","university",36,59223,1141
240000,"male","graduate_school",29,17882,403
50000,"male","other",45,33634,2000
240000,"female","university",35,109226,5500
120000,"female","university",25,0,0
230000,"female","university",27,73521,4000
30000,"male","university",36,28083,0
80000,"female","graduate_school",27,77967,3565
50000,"male","high_school",55,42166,2200
180000,"male","university",33,37565,3006
160000,"male","other",33,144,6636
60000,"female","university",24,29717,2076
30000,"female","graduate_school",26,13890,2000
250000,"male","graduate_school",35,2746,1666
150000,"female","graduate_school",31,18395,312
210000,"female","university",29,1767,0
350000,"female","university",33,293303,50070
500000,"male","graduate_school",43,0,0
50000,"male","graduate_school",22,47726,5500
50000,"male","graduate_school",23,34376,1806
70000,"male","graduate_school",28,72605,0
290000,"male","university",29,1199,2000
500000,"male","graduate_school",54,2634,1119
210000,"female","university",31,168161,5000
200000,"female","high_school",54,880,1948
370000,"male","university",30,25588,2096
280000,"male","graduate_school",49,11797,6231
200000,"male","high_school",27,4484,195316
410000,"male","graduate_school",31,4182,0
220000,"male","university",30,15746,16780
80000,"male","high_school",25,78230,2289
80000,"female","graduate_school",37,2028,286
200000,"male","high_school",41,20950,182
50000,"male","university",45,942,942
400000,"male","graduate_school",66,279579,10700
230000,"female","university",24,1993,2360
170000,"female","university",27,97474,2932
20000,"male","high_school",24,14628,3000
250000,"female","graduate_school",28,176925,7000
140000,"female","high_school",28,800,7937
50000,"female","high_school",49,49195,47000
80000,"female","graduate_school",25,40764,2000
50000,"female","university",33,25658,1700
200000,"female","graduate_school",38,185155,6500
50000,"female","university",38,3239,1000
200000,"male","university",29,172325,6000
270000,"female","university",45,7088,1173
220000,"female","graduate_school",37,152197,6000
360000,"male","graduate_school",29,6001,5874
150000,"male","graduate_school",38,421504,17000
50000,"male","graduate_school",25,40181,1500
70000,"male","university",31,61177,5300
120000,"male","university",26,47733,3000
100000,"female","university",28,101080,0
180000,"male","university",27,11599,644
80000,"female","university",29,52533,5120
30000,"male","graduate_school",24,11080,0
100000,"female","graduate_school",28,102122,322
140000,"female","high_school",41,85698,1400
120000,"female","university",38,33814,1766
300000,"male","university",41,163033,5505
70000,"female","university",29,71232,2751
50000,"female","high_school",30,50332,4210
280000,"male","university",38,3300,0
170000,"female","graduate_school",25,8046,1085
30000,"female","high_school",38,11403,0
150000,"female","graduate_school",43,885,123
170000,"female","university",28,0,0
370000,"female","high_school",31,2804,1674
30000,"female","high_school",21,32179,0
50000,"male","high_school",49,26116,1500
310000,"male","university",41,324628,12000
10000,"male","high_school",33,1655,1473
70000,"female","university",46,70349,2600
200000,"female","university",37,7841,0
300000,"female","university",39,6192,4790
50000,"male","university",42,51614,2000
180000,"female","university",37,88275,2800
110000,"female","graduate_school",24,85123,2000
100000,"female","graduate_school",24,7576,15532
170000,"female","university",39,161277,5856
140000,"male","high_school",35,136324,5407
50000,"male","graduate_school",25,44477,2000
120000,"female","graduate_school",26,103452,4000
310000,"male","graduate_school",37,190704,7787
60000,"male","university",30,57041,2148
160000,"male","high_school",61,390,390
180000,"male","university",55,6854,560
290000,"female","university",39,228342,10600
260000,"female","graduate_school",29,15502,18000
220000,"male","graduate_school",47,85224,3209
300000,"female","university",37,51893,2000
120000,"male","graduate_school",34,-325,1000
500000,"female","graduate_school",34,412,138
280000,"female","graduate_school",46,11967,183
180000,"male","graduate_school",48,163461,8000
120000,"female","graduate_school",25,58106,2000
220000,"female","graduate_school",41,2500,0
200000,"male","university",33,98990,0
300000,"female","university",27,0,0
140000,"male","university",29,3300,1300
180000,"female","graduate_school",47,0,0
500000,"female","graduate_school",45,0,0
260000,"male","university",31,260783,1743
300000,"male","high_school",51,18341,19854
50000,"female","university",24,34069,0
280000,"female","university",39,213738,20300
100000,"male","university",28,0,0
60000,"female","high_school",44,63236,2500
230000,"female","high_school",44,54798,11632
80000,"male","university",39,145905,5107
200000,"female","other",34,6093,4310
50000,"female","university",25,35592,1800
100000,"female","high_school",30,46809,2000
180000,"male","university",45,119109,6000
280000,"female","university",37,213581,9000
110000,"male","high_school",27,71048,5000
90000,"male","graduate_school",31,90226,2500
500000,"female","university",41,6305,6332
50000,"female","graduate_school",32,20091,700
20000,"male","graduate_school",25,20052,1500
210000,"female","university",42,0,0
100000,"female","graduate_school",29,70205,4000
360000,"female","graduate_school",33,1616,3700
240000,"male","graduate_school",36,0,0
310000,"female","university",35,14332,1041
500000,"male","graduate_school",37,271115,15873
230000,"male","university",41,23216,10014
50000,"male","graduate_school",42,44350,0
80000,"female","graduate_school",29,33947,4000
80000,"male","graduate_school",26,77397,3328
320000,"female","graduate_school",45,0,0
50000,"female","university",38,7980,3000
450000,"male","graduate_school",31,10350,3629
100000,"female","university",36,78063,3500
440000,"female","graduate_school",39,388357,14193
190000,"female","university",29,0,0
50000,"female","university",39,0,0
450000,"female","graduate_school",45,0,0
100000,"female","university",28,95197,4050
80000,"female","university",43,24621,0
180000,"female","high_school",33,170126,5950
230000,"male","graduate_school",41,9360,9650
60000,"female","graduate_school",26,29649,0
120000,"female","university",30,1248,1701
120000,"female","university",29,122842,6500
40000,"female","graduate_school",35,26801,10000
100000,"female","university",35,98118,3500
150000,"female","university",27,9377,11908
300000,"male","graduate_school",29,22391,4018
80000,"female","high_school",23,22852,3200
340000,"female","university",29,43733,16787
340000,"male","graduate_school",33,8427,10300
360000,"female","graduate_school",39,1070,0
200000,"male","graduate_school",60,12716,12453
50000,"male","graduate_school",29,14497,0
710000,"female","graduate_school",32,28585,3561
220000,"female","university",34,93815,4300
120000,"male","university",25,63119,2200
200000,"female","graduate_school",29,7523,3000
20000,"male","university",51,18673,1297
10000,"female","university",34,8014,1300
350000,"female","graduate_school",43,6337,4300
60000,"female","other",22,61094,3000
260000,"male","high_school",39,3518,0
160000,"female","university",25,5536,15046
230000,"female","university",46,782,316
50000,"female","university",27,19410,3000
230000,"female","university",36,858,885
20000,"male","high_school",53,16854,1500
70000,"male","university",42,59130,2272
20000,"male","high_school",27,36908,0
280000,"male","graduate_school",30,17913,380
470000,"female","university",43,5631,404
20000,"male","university",54,18398,2000
50000,"male","university",48,40931,1880
120000,"male","university",26,16068,1134
90000,"male","university",33,56291,3000
240000,"female","graduate_school",38,3816,3816
140000,"female","university",36,326,501
100000,"male","graduate_school",42,2206,0
180000,"female","university",30,63182,2166
30000,"female","graduate_school",28,30497,1800
150000,"male","university",43,122084,5000
160000,"male","high_school",25,31400,0
230000,"male","graduate_school",44,5419,3306
120000,"female","high_school",42,2207,263
50000,"female","university",43,17870,1500
130000,"female","graduate_school",27,0,0
30000,"male","university",47,24081,6155
210000,"female","graduate_school",40,206803,7876
350000,"female","university",39,0,0
240000,"female","university",29,81274,3101
130000,"male","university",32,65599,3000
50000,"male","university",52,49854,2500
80000,"female","university",36,19671,1700
300000,"male","university",38,374,2000
500000,"female","university",25,37797,3050
10000,"female","university",22,0,0
20000,"male","high_school",24,-1400,0
150000,"female","high_school",29,3850,227
180000,"female","graduate_school",31,151776,9300
200000,"female","graduate_school",46,10687,18031
200000,"female","other",42,149351,3925
90000,"female","graduate_school",44,539,0
220000,"female","university",40,8359,14518
200000,"female","graduate_school",47,935,1418
380000,"male","graduate_school",40,245069,12000
240000,"male","graduate_school",35,2024,2017
170000,"male","university",48,137823,5396
210000,"female","graduate_school",30,0,820
210000,"male","university",38,101776,1032
250000,"female","other",33,211084,6934
420000,"female","graduate_school",45,412289,16272
150000,"female","university",34,39465,4000
80000,"male","graduate_school",30,40276,5000
150000,"female","graduate_school",47,39139,15374
30000,"female","university",43,28264,2000
280000,"female","graduate_school",36,17951,6094
100000,"male","university",30,416,416
120000,"male","graduate_school",36,24466,4500
230000,"female","high_school",48,-5,4587
60000,"male","university",39,59929,2110
140000,"female","other",36,91226,4182
200000,"male","high_school",65,183653,7130
130000,"female","high_school",27,129150,5300
100000,"female","graduate_school",28,10886,1300
140000,"female","university",25,140286,6500
80000,"male","high_school",52,77185,5000
220000,"male","university",39,187665,0
150000,"female","graduate_school",33,20441,6549
20000,"female","graduate_school",38,1925,500
80000,"male","university",50,72269,4000
380000,"male","graduate_school",33,70591,10000
20000,"female","high_school",22,19393,0
80000,"female","university",44,22771,1239
20000,"male","high_school",43,15921,1280
50000,"male","high_school",51,0,0
60000,"female","university",25,995,7353
150000,"female","other",38,0,0
150000,"female","graduate_school",37,0,0
170000,"female","university",28,169531,8000
50000,"female","high_school",34,60170,3000
50000,"female","university",23,25421,2000
100000,"female","university",24,84098,1000
200000,"female","university",48,-1123,4165
200000,"female","graduate_school",41,10529,1940
30000,"male","university",37,27526,1714
30000,"female","high_school",23,15947,0
360000,"female","university",33,3231,9666
360000,"female","university",54,277688,10450
210000,"male","high_school",49,27984,1500
30000,"female","university",23,34048,0
100000,"male","graduate_school",30,94432,0
120000,"male","university",30,69443,3200
310000,"female","university",31,86082,3550
210000,"female","university",52,815,815
400000,"female","graduate_school",30,14013,5460
210000,"female","graduate_school",28,2568,52720
150000,"female","graduate_school",46,135748,5000
200000,"female","high_school",26,0,0
70000,"female","university",33,56778,20000
200000,"male","university",31,173103,6500
280000,"male","graduate_school",29,10660,5123
50000,"male","university",57,46540,2770
170000,"female","high_school",40,166305,7800
80000,"female","graduate_school",33,0,747
50000,"female","high_school",28,40527,2500
290000,"male","graduate_school",40,97193,6000
130000,"male","university",50,122079,7700
30000,"male","other",38,30000,0
30000,"female","university",27,17845,3384
260000,"male","university",37,255691,14000
360000,"female","graduate_school",31,1041,5821
360000,"male","graduate_school",46,92961,10125
20000,"male","graduate_school",28,8469,0
50000,"male","high_school",24,48497,2089
200000,"female","graduate_school",31,4938,2286
50000,"male","high_school",54,55518,3000
150000,"male","graduate_school",33,27221,5000
300000,"female","university",32,139578,6000
450000,"male","university",48,18659,389
270000,"male","graduate_school",32,0,0
220000,"male","graduate_school",32,5359,4217
50000,"female","university",23,33713,5012
500000,"female","university",40,240927,1093
220000,"male","university",39,103159,5000
430000,"female","graduate_school",33,40984,10000
240000,"female","graduate_school",34,4970,0
240000,"female","university",38,197231,6702
60000,"female","university",44,61049,0
130000,"female","high_school",44,632,0
110000,"female","university",29,56073,4500
320000,"male","graduate_school",30,5562,6091
160000,"male","university",52,390,780
30000,"female","university",45,5239,0
110000,"female","university",43,92244,4500
50000,"female","university",23,48668,4034
20000,"female","university",26,16385,1700
230000,"female","other",35,4793,6336
400000,"female","university",29,52875,55544
200000,"female","university",49,80528,4000
220000,"female","university",27,1051,735
60000,"male","university",49,81411,38709
110000,"female","university",39,93111,3226
250000,"male","graduate_school",34,279640,65000
80000,"female","university",34,63619,2500
210000,"female","graduate_school",37,0,732
180000,"female","university",29,100534,5364
20000,"female","university",23,16235,2200
200000,"female","graduate_school",58,283,5361
90000,"male","university",26,70182,0
90000,"female","university",24,84137,3210
300000,"female","graduate_school",25,315632,0
150000,"female","graduate_school",30,217,0
240000,"male","graduate_school",28,227346,8308
50000,"female","university",23,48409,1605
120000,"female","university",24,112336,4200
50000,"female","university",48,1309,1000
180000,"male","graduate_school",48,167140,8000
100000,"male","high_school",30,92218,3435
130000,"female","university",29,113203,4200
150000,"male","graduate_school",56,116928,5006
420000,"male","graduate_school",43,8100,14274
280000,"female","university",42,185147,5000
360000,"female","university",37,1066,0
210000,"female","other",27,0,0
170000,"male","university",42,162880,8000
360000,"female","graduate_school",26,2500,0
20000,"female","university",58,17895,13605
100000,"female","graduate_school",39,97284,4700
20000,"male","university",22,14542,0
150000,"female","university",25,3303,125
50000,"female","university",33,49633,24
500000,"male","graduate_school",32,15491,12992
20000,"female","university",23,17049,15000
140000,"female","university",26,9589,70000
180000,"female","university",35,8694,1500
260000,"male","university",35,-48,4261
80000,"female","university",61,0,0
50000,"male","other",49,36869,1615
20000,"female","graduate_school",22,-9,0
130000,"female","university",45,1980,0
200000,"female","graduate_school",38,5221,6877
330000,"male","graduate_school",42,241191,10000
50000,"female","high_school",24,57396,2500
280000,"male","graduate_school",28,139719,6000
50000,"male","university",22,22616,1668
130000,"female","university",44,128854,4000
50000,"female","university",40,21696,1383
50000,"female","high_school",55,390,390
310000,"female","university",41,530,7233
320000,"female","university",42,8144,0
50000,"male","high_school",31,5458,2000
60000,"male","university",24,836,836
310000,"female","graduate_school",47,131559,17839
310000,"male","graduate_school",32,59901,10020
50000,"female","university",29,26159,1800
190000,"male","graduate_school",45,181814,7035
360000,"female","university",39,366965,12709
150000,"female","graduate_school",29,46224,1600
240000,"male","graduate_school",50,2115,0
50000,"female","graduate_school",24,45049,0
150000,"female","university",33,46006,2000
500000,"female","university",48,185627,8000
70000,"female","graduate_school",31,2400,0
100000,"female","university",41,97031,3500
50000,"female","graduate_school",23,1300,628
110000,"female","university",29,60101,2505
50000,"female","university",28,48198,2195
180000,"male","graduate_school",31,3580,0
190000,"female","other",30,198098,4515
320000,"female","university",55,11973,4093
230000,"female","university",33,9530,7000
250000,"male","university",40,142477,7000
130000,"female","university",40,1445,1445
180000,"female","university",34,59076,3000
70000,"female","university",46,86919,3000
240000,"female","graduate_school",35,3664,5770
200000,"female","graduate_school",38,15099,6370
30000,"male","high_school",30,2400,0
50000,"male","graduate_school",38,47036,1704
100000,"female","university",31,91192,4000
310000,"female","graduate_school",29,594,477
130000,"male","graduate_school",30,90864,16000
360000,"female","graduate_school",29,0,0
290000,"female","high_school",49,301651,34905
330000,"male","university",42,118601,4101
150000,"female","university",28,12272,4447
210000,"female","university",36,124011,5011
100000,"female","university",27,96191,3504
340000,"female","university",31,33639,5000
100000,"male","university",34,-342,0
210000,"female","graduate_school",33,1345,6087
220000,"female","university",36,195725,8200
150000,"female","university",26,4181,26034
180000,"female","graduate_school",27,0,1530
130000,"female","university",25,0,0
260000,"female","university",27,71865,5000
90000,"female","high_school",23,119836,30000
20000,"male","university",23,10478,1193
130000,"female","university",32,51559,0
130000,"female","university",24,-10,0
490000,"male","graduate_school",43,25916,14187
350000,"female","high_school",64,30726,3000
100000,"female","graduate_school",31,0,0
240000,"male","university",37,45070,1900
260000,"female","university",31,166071,7000
30000,"female","high_school",60,11575,1600
180000,"female","university",43,7823,9549
200000,"male","high_school",30,144933,7000
100000,"male","university",39,74053,3274
200000,"female","university",34,2500,9814
110000,"female","high_school",36,2309,1002
140000,"male","university",34,70649,3100
200000,"female","university",33,15126,3000
240000,"male","graduate_school",35,2007,21817
440000,"female","university",44,70548,20000
390000,"male","high_school",35,55213,10000
140000,"male","university",42,127939,5059
200000,"male","university",29,7468,30035
100000,"male","high_school",49,99721,3500
110000,"male","university",42,70265,5000
220000,"male","graduate_school",39,38647,2017
260000,"female","graduate_school",29,470,0
100000,"male","graduate_school",32,13565,1000
90000,"female","graduate_school",38,2346,15271
30000,"female","university",28,28347,2000
20000,"female","university",46,15481,1600
230000,"female","university",28,7539,6500
150000,"male","high_school",45,389,350
260000,"female","graduate_school",33,1900,0
70000,"female","graduate_school",29,40048,1700
50000,"male","graduate_school",26,15329,1500
130000,"female","university",30,21996,3000
160000,"female","high_school",30,2215,8977
50000,"female","university",24,45404,1700
230000,"male","graduate_school",39,38395,2500
180000,"female","graduate_school",33,4019,1550
100000,"female","graduate_school",30,89242,4200
80000,"female","high_school",27,18094,1034
30000,"female","university",39,29758,1500
180000,"female","university",44,161186,10000
180000,"male","university",30,440,30404
60000,"female","university",47,9253,50000
400000,"female","university",46,43405,15000
320000,"male","university",32,281017,10454
50000,"male","high_school",49,48245,1286
210000,"female","graduate_school",41,-28,0
310000,"male","graduate_school",34,493,0
160000,"female","university",35,-200,0
110000,"male","university",48,92806,5000
30000,"female","university",22,18796,2000
60000,"female","university",42,631,2790
200000,"male","university",55,169287,6177
110000,"male","university",36,57135,0
200000,"female","graduate_school",34,0,0
50000,"female","high_school",47,34740,4000
50000,"male","high_school",50,7056,2840
210000,"female","graduate_school",33,970,1303
140000,"male","university",36,58165,2500
200000,"female","graduate_school",28,466,161844
500000,"male","university",35,2295,1384
60000,"female","university",44,57657,3400
90000,"female","high_school",25,74818,2400
500000,"female","university",28,67763,2244
50000,"male","graduate_school",23,48954,2000
20000,"male","high_school",34,15736,1284
50000,"female","university",48,12592,2017
230000,"female","high_school",47,147300,10000
50000,"female","graduate_school",23,46750,1505
180000,"female","university",33,437,0
140000,"female","high_school",48,0,0
70000,"male","graduate_school",26,35666,5000
360000,"female","graduate_school",35,10621,0
170000,"female","high_school",44,150692,6936
30000,"female","high_school",24,30279,1500
70000,"female","high_school",31,68174,3200
60000,"male","university",36,46064,2000
110000,"male","university",30,88168,7300
50000,"female","university",27,51176,0
200000,"male","graduate_school",33,156558,15000
310000,"female","high_school",35,83719,5000
50000,"female","graduate_school",30,19930,28019
400000,"male","graduate_school",47,105610,3904
70000,"female","university",44,12662,1500
100000,"male","graduate_school",32,95794,4000
50000,"male","university",26,48221,2571
280000,"female","university",30,3510,0
400000,"female","university",41,43672,678
160000,"male","graduate_school",31,157303,8055
200000,"female","graduate_school",27,1171,0
150000,"female","university",27,88957,5500
110000,"male","high_school",57,390,390
50000,"male","university",37,27516,2000
200000,"female","university",29,78201,4000
10000,"male","high_school",24,273,8327
400000,"male","university",34,372724,28000
50000,"female","graduate_school",26,0,1950
210000,"male","university",39,600,169
50000,"male","university",21,21023,3000
40000,"male","university",55,-150,0
70000,"female","high_school",42,69470,3085
200000,"female","university",29,61518,25138
100000,"female","university",46,97515,4000
360000,"male","high_school",34,277040,0
40000,"male","graduate_school",24,37412,2000
200000,"female","university",37,313,0
240000,"female","graduate_school",29,0,0
100000,"male","university",29,99679,4000
180000,"female","university",44,3481,761
100000,"female","university",23,45756,9187
160000,"female","high_school",38,5207,207
180000,"female","university",43,543,0
190000,"male","university",58,135184,6586
330000,"male","university",43,13200,9863
200000,"male","university",38,152856,6000
70000,"female","university",32,68321,6600
100000,"female","high_school",24,56341,0
100000,"male","high_school",30,68436,0
230000,"male","university",41,301038,9405
230000,"female","graduate_school",31,2850,1940
450000,"female","university",32,14237,5016
150000,"female","university",27,0,0
230000,"female","university",36,52689,0
50000,"male","university",30,50995,2500
110000,"male","university",27,103550,6000
160000,"male","graduate_school",51,79244,0
210000,"female","graduate_school",32,524,4581
50000,"male","university",22,49551,1707
330000,"female","graduate_school",39,118467,4000
60000,"male","university",37,54770,5000
140000,"female","graduate_school",26,21688,0
140000,"female","graduate_school",32,129371,5650
30000,"female","university",24,1104,1164
450000,"male","university",37,136655,13492
120000,"male","graduate_school",49,10105,106000
160000,"female","high_school",46,960,485
270000,"female","high_school",55,2039,7922
220000,"male","graduate_school",29,26012,1410
100000,"male","graduate_school",35,29109,0
120000,"female","high_school",47,7301,2327
90000,"female","university",24,13137,0
80000,"female","university",28,18112,10084
60000,"female","graduate_school",24,56119,2664
110000,"female","university",29,27340,10000
300000,"male","graduate_school",26,273138,12000
120000,"female","university",29,61470,3000
180000,"female","university",25,2984,154
50000,"female","university",23,48570,1773
150000,"male","graduate_school",51,149640,6000
20000,"male","high_school",35,24122,1300
50000,"male","graduate_school",36,45010,1919
150000,"male","university",35,125063,10050
80000,"male","graduate_school",26,40029,2000
180000,"female","university",48,860,102
400000,"female","graduate_school",40,1107,3891
30000,"male","university",39,28628,2003
90000,"female","university",26,45069,2000
280000,"female","graduate_school",26,189748,6300
170000,"female","graduate_school",30,364,14662
220000,"male","other",37,44253,1966
30000,"male","university",25,2400,0
230000,"female","high_school",46,273094,135034
100000,"male","graduate_school",28,72970,30000
10000,"male","university",37,-265,0
160000,"female","university",33,189935,8113
80000,"female","university",23,80715,5000
170000,"male","other",30,297,1096
20000,"female","university",37,17312,1500
200000,"male","university",28,162439,4000
310000,"female","graduate_school",30,27289,1489
180000,"female","other",44,151538,6256
200000,"female","high_school",49,196272,17500
160000,"female","university",29,2248,0
230000,"male","university",36,218205,7859
20000,"female","university",46,19113,1292
80000,"female","high_school",50,7506,0
180000,"female","graduate_school",56,0,0
90000,"female","graduate_school",28,2780,1950
50000,"male","high_school",65,48341,2068
200000,"female","graduate_school",27,871,665
210000,"male","university",36,1060,779
150000,"female","university",40,8482,3514
150000,"female","high_school",55,1194,2101
50000,"female","university",25,13750,2000
10000,"male","high_school",36,576,4009
180000,"female","graduate_school",39,1343,438
30000,"female","university",23,16089,1300
50000,"male","university",23,52319,0
110000,"male","university",30,107372,5000
90000,"female","university",39,45406,3000
130000,"female","graduate_school",27,58811,1500
130000,"male","graduate_school",30,16757,5000
160000,"female","graduate_school",40,661,2881
30000,"female","graduate_school",22,28000,3703
390000,"male","high_school",49,282849,12000
20000,"male","university",30,7534,2000
50000,"male","university",23,28569,1400
220000,"female","other",46,104603,5000
500000,"male","university",67,4410,2681
320000,"male","graduate_school",41,321281,27000
360000,"female","university",35,0,0
80000,"male","university",28,10394,77900
100000,"male","graduate_school",63,61228,2810
20000,"female","graduate_school",22,15829,1600
50000,"female","university",34,44654,2000
320000,"female","university",33,91653,10042
200000,"male","university",33,205150,0
80000,"male","university",27,58324,0
330000,"female","graduate_school",41,11006,4160
50000,"female","graduate_school",28,48782,2100
20000,"male","high_school",51,14962,2890
50000,"female","university",28,48370,1468
100000,"female","university",31,99259,2750
160000,"female","graduate_school",35,19082,2815
270000,"male","high_school",47,165303,6200
100000,"male","graduate_school",32,81210,3019
280000,"female","university",29,99,0
250000,"male","graduate_school",31,215316,6845
30000,"male","high_school",25,10198,18808
150000,"male","graduate_school",41,116699,0
50000,"male","high_school",52,48946,2047
130000,"male","university",44,139892,6179
20000,"male","university",24,16239,600
240000,"male","university",40,11671,1810
430000,"male","high_school",26,438795,18000
50000,"female","university",29,40117,6138
90000,"female","university",33,27180,1405
120000,"female","graduate_school",27,22225,1118
260000,"male","high_school",52,0,0
120000,"female","university",47,1188,2512
50000,"female","university",24,35845,1500
210000,"male","university",37,18896,1500
340000,"male","high_school",43,251135,22000
340000,"female","graduate_school",39,4676,3806
260000,"female","university",26,258364,45446
170000,"male","graduate_school",39,138811,5505
200000,"female","university",30,155768,7325
80000,"female","university",40,82150,0
90000,"male","university",57,10635,3007
450000,"male","graduate_school",67,0,0
50000,"male","university",41,19339,1703
260000,"female","graduate_school",36,107350,4500
50000,"female","graduate_school",25,0,0
50000,"female","university",27,9877,1140
90000,"female","high_school",37,62460,2500
50000,"male","university",52,50757,0
50000,"male","university",57,25551,2733
360000,"female","high_school",46,15219,26796
200000,"female","graduate_school",47,30177,2061
140000,"male","graduate_school",36,127496,5000
230000,"male","university",39,20307,2000
90000,"female","high_school",46,5965,1120
60000,"female","high_school",34,6731,1300
360000,"male","graduate_school",51,2782,5636
210000,"female","high_school",33,0,0
180000,"male","university",37,175287,8440
20000,"male","university",43,6216,1307
170000,"male","high_school",40,6115,872
50000,"male","university",34,16501,0
10000,"female","university",44,4125,1275
330000,"female","graduate_school",28,963,504
340000,"female","university",38,0,780
90000,"female","university",28,59694,2852
160000,"male","graduate_school",25,85748,4000
10000,"female","university",36,7081,0
130000,"female","university",30,148234,5200
200000,"female","university",30,71310,0
50000,"male","university",22,34033,1342
20000,"male","high_school",24,20464,4
50000,"female","high_school",42,13436,1246
50000,"male","university",35,15609,0
130000,"female","university",28,71983,4000
220000,"female","graduate_school",51,2262,2276
100000,"male","university",30,89898,4900
50000,"male","university",25,11669,1502
200000,"female","high_school",42,858,1406
200000,"female","university",48,26465,1000
300000,"female","high_school",30,131957,6500
50000,"female","university",39,30049,1800
50000,"female","university",27,27314,1500
130000,"male","graduate_school",29,9619,6247
140000,"female","high_school",56,141342,5025
260000,"male","graduate_school",29,7168,4497
180000,"male","graduate_school",49,1092,1733
80000,"male","university",36,19211,1337
100000,"female","graduate_school",28,290,1534
220000,"female","graduate_school",42,2500,0
260000,"female","university",46,28700,15000
150000,"female","graduate_school",48,6773,1731
150000,"female","university",41,0,0
50000,"female","graduate_school",22,49077,2610
50000,"male","university",27,819,2184
50000,"female","university",42,12106,1184
310000,"female","university",29,26597,1732
260000,"female","university",29,246509,7012
30000,"male","university",33,0,0
80000,"female","university",22,17087,1500
80000,"female","graduate_school",44,-60,2460
80000,"female","university",23,38587,5000
480000,"female","graduate_school",39,106660,302000
140000,"female","university",35,127794,4317
70000,"male","graduate_school",30,68971,2700
30000,"female","university",42,2231,1000
70000,"female","university",25,67588,3100
160000,"female","university",31,112878,8000
190000,"female","graduate_school",31,132946,6000
170000,"female","university",43,38137,1934
260000,"female","graduate_school",36,531,0
200000,"female","graduate_school",33,105775,3493
310000,"male","graduate_school",31,279711,10143
60000,"female","university",64,24541,2000
260000,"female","university",38,-2,0
50000,"male","high_school",25,42838,1759
30000,"male","graduate_school",33,25826,3000
500000,"female","graduate_school",33,363,2089
20000,"female","other",22,11871,0
300000,"male","graduate_school",34,0,0
400000,"female","graduate_school",28,6500,405016
160000,"female","university",27,0,0
120000,"male","high_school",36,31218,2000
400000,"female","graduate_school",32,7217,0
70000,"male","university",44,43314,2025
320000,"female","graduate_school",41,56093,0
110000,"female","graduate_school",56,34102,2000
50000,"female","university",30,0,10228
200000,"female","graduate_school",31,3028,1473
200000,"male","university",38,105729,3806
150000,"male","graduate_school",35,18786,6879
160000,"female","graduate_school",28,40854,1676
150000,"female","university",39,16878,5000
170000,"male","graduate_school",37,187146,6500
60000,"female","university",29,9045,1000
30000,"female","graduate_school",26,9600,0
70000,"female","high_school",41,32581,2000
140000,"male","university",40,77356,4000
30000,"female","high_school",42,30607,10
140000,"female","high_school",42,138391,6300
70000,"female","graduate_school",25,66738,3005
120000,"female","graduate_school",34,0,0
110000,"male","university",47,72897,3290
150000,"female","graduate_school",28,1040,0
400000,"female","university",50,15986,4359
30000,"female","university",32,28156,0
30000,"female","university",30,24482,1800
400000,"female","university",24,35660,2000
150000,"male","university",28,148095,8000
360000,"female","university",40,8736,974
110000,"male","graduate_school",29,106698,6000
430000,"female","graduate_school",36,258212,10500
290000,"female","high_school",47,1163,6650
80000,"female","university",34,64553,1784
210000,"female","university",49,0,0
500000,"female","graduate_school",31,258257,25239
400000,"female","university",24,14925,5000
280000,"female","university",30,13182,5290
500000,"female","university",27,174725,6630
300000,"female","graduate_school",28,28989,1291
120000,"male","graduate_school",29,30101,2000
50000,"male","high_school",45,35962,1857
20000,"male","graduate_school",24,18738,20
360000,"female","university",52,2995,2406
470000,"female","graduate_school",27,2981,3182
100000,"female","graduate_school",25,90976,4000
140000,"male","graduate_school",31,128036,4180
180000,"female","graduate_school",46,9509,16359
220000,"male","graduate_school",38,7311,0
30000,"female","university",22,7928,2318
300000,"male","graduate_school",37,1943,0
50000,"female","high_school",42,48926,2019
310000,"female","graduate_school",31,9108,24485
210000,"male","university",38,326,0
50000,"female","university",33,44052,2000
60000,"male","university",35,34604,1900
300000,"female","university",46,5287,3000
90000,"female","university",35,89282,6201
80000,"male","university",30,110692,3500
30000,"male","university",27,22284,0
200000,"male","graduate_school",29,389,390
170000,"female","university",32,71752,2687
230000,"female","graduate_school",53,0,742
180000,"female","other",30,107337,3735
70000,"female","university",28,44230,1747
280000,"female","graduate_school",26,36395,1700
250000,"male","university",31,14451,1504
150000,"male","university",25,1180,7705
280000,"female","graduate_school",26,146130,5042
50000,"female","university",51,15902,2000
340000,"female","graduate_school",29,82922,3600
80000,"female","university",29,6441,14349
50000,"female","high_school",23,43979,2000
50000,"male","high_school",26,50632,1808
10000,"male","university",21,7985,1217
210000,"female","high_school",38,2569,3920
50000,"male","university",23,0,0
110000,"female","university",42,57046,0
140000,"male","university",35,135227,5304
80000,"female","high_school",37,47751,215
80000,"female","high_school",32,26856,1700
350000,"male","graduate_school",37,916,1133
450000,"female","university",43,7361,8692
240000,"female","university",31,173628,8000
250000,"female","university",37,0,0
80000,"male","university",38,89394,5000
80000,"female","high_school",23,333,333
50000,"male","university",42,5268,1107
50000,"female","university",39,26262,4000
100000,"male","graduate_school",27,36014,4200
360000,"male","university",37,-5,3589
180000,"female","graduate_school",27,101489,10006
390000,"male","graduate_school",32,60425,1781
180000,"male","graduate_school",40,93648,4246
180000,"female","university",23,178239,7969
110000,"female","high_school",53,1457,745
30000,"male","high_school",50,3607,0
100000,"female","graduate_school",52,13687,1600
210000,"male","university",34,2500,0
240000,"male","university",43,291,291
20000,"male","university",25,19242,1700
190000,"male","university",43,90580,10000
360000,"female","graduate_school",43,0,10121
130000,"female","university",26,2783,130000
10000,"male","university",26,7606,2000
80000,"female","university",24,80690,2852
100000,"female","high_school",28,29770,1825
70000,"female","university",23,18285,1400
260000,"female","university",43,0,0
260000,"female","graduate_school",38,0,0
50000,"female","university",24,49397,2100
10000,"female","university",22,2274,1067
500000,"female","graduate_school",56,881,1035
250000,"female","university",44,23438,0
70000,"female","high_school",53,54251,2600
210000,"female","graduate_school",35,3805,0
20000,"male","high_school",23,10103,1205
30000,"male","university",35,780,0
360000,"female","graduate_school",36,1365,3000
90000,"male","university",47,54268,2425
160000,"male","high_school",33,25058,1344
80000,"female","university",22,76737,3500
360000,"female","university",35,39685,1600
410000,"female","university",41,354506,14600
170000,"female","university",29,79091,2235
360000,"male","graduate_school",33,780,286
230000,"male","university",32,189567,9000
360000,"male","graduate_school",38,277523,4013
200000,"male","university",40,193773,7350
110000,"female","graduate_school",28,107649,3500
460000,"female","university",33,8316,6018
10000,"male","university",29,9073,1120
180000,"male","graduate_school",49,62087,3000
50000,"male","high_school",59,48504,0
600000,"female","graduate_school",31,-84,700
340000,"male","university",48,73627,3870
190000,"female","university",45,140329,6800
200000,"female","graduate_school",38,5625,12125
420000,"female","graduate_school",31,127901,3900
800000,"male","university",53,7639,11145
100000,"male","graduate_school",37,38604,0
50000,"female","high_school",50,48781,2283
240000,"male","university",41,226047,10000
130000,"male","graduate_school",28,89418,4000
60000,"female","graduate_school",22,57484,3000
50000,"male","graduate_school",42,47454,3000
120000,"female","graduate_school",34,882,6900
180000,"female","graduate_school",24,130780,4700
390000,"male","university",33,30209,1804
50000,"female","graduate_school",25,49052,3006
360000,"female","graduate_school",27,0,0
320000,"female","university",35,177391,8200
20000,"male","graduate_school",25,18069,2180
140000,"female","graduate_school",28,0,0
110000,"female","graduate_school",44,87418,7900
20000,"male","high_school",51,9953,5000
300000,"male","graduate_school",32,2144,2085
50000,"female","university",36,94228,2000
500000,"female","graduate_school",39,418958,39432
180000,"male","university",46,390,390
460000,"male","graduate_school",41,321987,12000
20000,"male","university",24,14068,3200
30000,"male","high_school",53,18361,2500
70000,"male","high_school",30,67730,3000
150000,"male","university",34,52692,3000
170000,"female","university",29,1333,1359
330000,"female","graduate_school",35,1663,0
110000,"female","graduate_school",27,52426,1772
140000,"male","high_school",47,75883,2536
150000,"female","graduate_school",26,69716,5211
140000,"female","graduate_school",31,112936,6000
80000,"female","graduate_school",37,6734,1990
300000,"female","university",27,286321,20000
410000,"female","graduate_school",38,180922,7670
160000,"female","university",29,36370,4002
260000,"female","graduate_school",28,-28,5763
360000,"male","high_school",41,218,7022
180000,"female","graduate_school",38,0,0
240000,"female","university",38,0,0
240000,"male","university",48,236767,8622
180000,"female","graduate_school",28,65054,1568
100000,"female","university",44,-1651,0
300000,"female","university",33,0,0
100000,"male","university",39,66177,4000
160000,"female","university",63,-2,0
160000,"female","high_school",36,92816,5000
80000,"female","university",56,63995,3000
60000,"male","university",46,3046,285
320000,"male","other",47,8748,1285
140000,"male","high_school",56,90462,4212
80000,"female","high_school",45,3473,3329
50000,"female","high_school",47,28164,0
140000,"female","university",28,1953,0
60000,"female","graduate_school",31,9815,11160
20000,"female","university",23,14313,1000
30000,"female","graduate_school",21,30769,0
130000,"male","graduate_school",30,130705,6500
110000,"female","university",35,114023,4097
10000,"male","university",40,1050,0
190000,"female","university",48,210612,7496
130000,"female","high_school",53,101156,3615
300000,"male","university",30,165,165
230000,"female","university",28,0,0
430000,"female","university",29,75249,3754
190000,"male","graduate_school",54,187295,7000
320000,"male","university",31,6927,10063
20000,"male","university",43,17233,2000
190000,"female","university",34,500,300
100000,"male","university",24,13233,700
360000,"male","graduate_school",34,2500,0
230000,"male","graduate_school",28,0,0
90000,"female","university",25,88822,1588
240000,"male","graduate_school",40,1643,8000
30000,"female","high_school",43,23101,1481
300000,"female","university",42,38913,319
500000,"female","graduate_school",42,0,0
430000,"female","graduate_school",29,67336,3261
110000,"male","high_school",50,109192,4300
310000,"male","high_school",43,4323,650
180000,"female","university",34,142024,6500
200000,"female","university",38,18703,1533
150000,"female","graduate_school",28,9625,2099
50000,"male","university",25,5832,30074
230000,"male","graduate_school",28,326,326
80000,"female","high_school",41,3482,1000
300000,"female","high_school",46,147289,10000
200000,"female","university",32,2147,1173
60000,"male","graduate_school",27,2165,18214
500000,"female","graduate_school",44,0,5218
30000,"female","university",23,19594,1346
230000,"female","graduate_school",49,113,0
70000,"male","university",25,12088,0
150000,"female","high_school",30,24523,2029
430000,"female","graduate_school",38,590,590
60000,"male","graduate_school",30,0,345
180000,"female","university",32,1991,0
80000,"male","university",31,45605,1800
70000,"female","graduate_school",35,51143,3500
200000,"female","high_school",33,51979,0
50000,"male","university",25,32233,0
420000,"male","university",37,3823,150298
130000,"male","university",34,126749,11243
220000,"male","university",32,8000,8288
240000,"male","graduate_school",34,102650,0
120000,"male","high_school",26,88143,6000
460000,"female","graduate_school",34,14460,8869
190000,"female","graduate_school",39,83369,3853
80000,"female","high_school",26,78513,3000
200000,"female","graduate_school",35,10118,2106
90000,"female","university",31,23418,1408
100000,"female","graduate_school",24,76831,4037
50000,"female","high_school",51,46880,1500
30000,"female","university",29,18872,3500
190000,"male","university",40,149411,0
60000,"female","university",24,59201,2300
10000,"female","high_school",47,2855,1069
50000,"female","graduate_school",24,1303,1303
80000,"female","university",24,9591,1000
90000,"female","university",23,12770,2500
20000,"male","university",22,2880,0
200000,"male","graduate_school",30,46288,3000
100000,"female","university",49,55084,2500
140000,"female","university",27,120072,2824
250000,"male","university",32,79319,0
80000,"female","high_school",46,77490,5000
50000,"male","graduate_school",28,46176,2000
50000,"female","graduate_school",25,23794,1398
400000,"female","university",26,74465,3600
150000,"female","university",24,0,10437
180000,"female","university",47,11900,4256
10000,"female","high_school",51,2400,0
30000,"female","graduate_school",45,5830,0
80000,"female","graduate_school",39,-224,1581
130000,"male","university",40,390,390
70000,"male","graduate_school",27,4168,0
80000,"female","graduate_school",24,42377,2008
100000,"male","graduate_school",25,1522,291
430000,"male","graduate_school",39,43970,50942
80000,"male","high_school",45,55385,2019
200000,"female","high_school",32,148959,6700
20000,"female","high_school",23,13884,3000
120000,"female","university",24,100,0
120000,"male","university",35,90972,4000
30000,"female","university",48,28695,1900
100000,"female","university",24,53309,7500
60000,"male","university",33,32961,1799
80000,"female","high_school",53,77766,4000
260000,"male","university",35,228,500
50000,"female","graduate_school",33,31652,3400
500000,"female","graduate_school",36,10935,4081
360000,"male","graduate_school",40,5772,11694
70000,"female","university",44,34135,2020
380000,"female","high_school",54,1630,65757
110000,"male","university",39,54806,2000
100000,"female","graduate_school",58,27044,0
300000,"female","graduate_school",30,452,3
370000,"female","high_school",50,48303,124174
20000,"male","university",27,18290,2458
50000,"male","university",54,48580,0
230000,"female","high_school",32,0,0
200000,"female","graduate_school",25,6096,2886
380000,"male","graduate_school",40,231759,10000
50000,"female","university",29,22021,1000
180000,"male","graduate_school",36,163736,4655
150000,"male","university",44,143650,0
300000,"male","graduate_school",34,1257,5600
320000,"female","graduate_school",29,198441,10000
80000,"male","graduate_school",26,76436,5990
50000,"male","university",24,23553,1700
30000,"male","university",31,29285,1820
240000,"male","high_school",36,135053,10000
180000,"female","graduate_school",39,0,0
200000,"female","university",24,52143,1910
360000,"female","graduate_school",33,50067,17607
230000,"female","university",32,750,0
50000,"male","university",23,45256,2161
80000,"female","university",37,80508,3100
20000,"male","university",25,11657,0
290000,"female","university",49,5287,2334
200000,"male","university",41,1075,11000
100000,"male","university",32,88550,5000
200000,"male","high_school",50,119657,11754
220000,"female","graduate_school",48,3467,3340
230000,"female","graduate_school",27,104001,4000
20000,"male","university",51,16849,2116
170000,"female","graduate_school",27,41977,1650
70000,"female","high_school",56,16976,5000
220000,"female","university",43,0,0
60000,"female","university",34,54316,2770
200000,"female","graduate_school",31,191953,6887
200000,"female","graduate_school",34,3987,1631
410000,"male","university",42,7114,8309
50000,"male","university",42,51047,0
500000,"female","graduate_school",38,2937,5242
280000,"female","university",30,18925,1976
130000,"male","university",25,4841,2000
150000,"male","graduate_school",34,56142,10115
80000,"male","graduate_school",27,76817,3000
400000,"female","graduate_school",48,24478,10846
210000,"female","graduate_school",27,780,0
150000,"male","university",45,44832,6020
50000,"female","graduate_school",23,48064,2091
30000,"female","university",27,1473,2998
280000,"male","university",39,2082,3597
310000,"female","university",42,128166,3844
110000,"female","graduate_school",23,83914,4022
90000,"female","graduate_school",27,56754,3000
20000,"female","high_school",37,12443,2000
30000,"female","graduate_school",29,0,0
200000,"female","university",47,193229,9058
60000,"male","university",29,47631,2000
30000,"male","university",23,27275,2000
80000,"male","university",29,9928,2000
140000,"female","graduate_school",28,0,0
100000,"female","graduate_school",30,90375,3007
200000,"female","university",33,-7082,21179
60000,"female","university",23,59408,2230
320000,"female","university",35,125567,6831
70000,"female","graduate_school",40,45251,1800
50000,"female","university",35,16053,2000
50000,"male","high_school",42,50708,1872
160000,"male","graduate_school",42,51997,0
240000,"female","university",28,1154,1154
20000,"female","high_school",45,1649,1071
50000,"male","university",40,44310,3003
130000,"male","university",32,21395,10000
20000,"female","university",24,12764,0
120000,"female","other",41,0,77
290000,"female","high_school",29,161623,11200
140000,"male","university",31,64300,20009
300000,"female","university",56,129234,10060
500000,"female","graduate_school",39,0,0
120000,"male","graduate_school",31,-190,0
120000,"female","university",30,2680,14770
50000,"male","university",52,5893,0
50000,"female","graduate_school",23,3430,2548
240000,"female","high_school",39,0,1234
30000,"male","university",22,26061,0
110000,"female","graduate_school",51,103701,3771
260000,"male","graduate_school",43,1350,0
180000,"female","graduate_school",42,177061,8000
420000,"female","graduate_school",30,46209,1543
340000,"female","university",57,-8,0
70000,"female","university",32,67955,3007
360000,"female","graduate_school",25,279846,7004
150000,"female","other",40,21001,4000
90000,"female","high_school",25,16977,3000
50000,"male","university",27,35905,0
20000,"female","high_school",33,20023,1300
160000,"female","high_school",36,9330,31745
100000,"male","university",41,91,957
230000,"female","university",33,-133,744
260000,"male","graduate_school",29,52079,6000
10000,"male","university",22,7960,2000
380000,"female","graduate_school",43,121868,6000
270000,"male","graduate_school",28,237881,0
200000,"female","university",37,4942,1068
50000,"male","university",21,47285,2108
90000,"female","graduate_school",31,20052,59872
230000,"female","high_school",27,67615,1323
20000,"female","university",26,73404,2600
180000,"female","high_school",45,4148,0
230000,"male","graduate_school",37,211,162
50000,"female","graduate_school",26,47068,0
160000,"male","university",37,833,833
550000,"female","university",34,383973,15000
180000,"female","graduate_school",35,5450,0
200000,"female","graduate_school",39,0,0
210000,"female","university",30,77637,4400
90000,"female","university",27,509,511
50000,"female","university",34,51012,2000
100000,"male","university",35,81415,4000
210000,"male","graduate_school",29,26845,66
70000,"female","graduate_school",28,12018,39270
450000,"female","graduate_school",32,46437,7875
60000,"female","university",27,57697,2200
50000,"female","high_school",27,41991,1720
80000,"female","high_school",28,75903,2014
220000,"male","graduate_school",36,769,0
350000,"male","graduate_school",57,1910,0
200000,"female","graduate_school",59,180887,10000
500000,"male","university",30,135634,5034
50000,"male","university",25,10695,0
170000,"male","graduate_school",30,740,740
580000,"female","university",34,420115,0
50000,"female","university",57,173,274
350000,"female","graduate_school",33,314994,12695
140000,"female","university",50,128949,7000
70000,"female","university",23,69074,2875
70000,"female","graduate_school",22,64525,3093
140000,"female","university",41,41814,2500
310000,"male","graduate_school",44,-42,7323
240000,"female","graduate_school",38,138151,6021
170000,"female","graduate_school",40,511,1001
180000,"male","university",36,184661,7000
50000,"male","university",30,780,0
130000,"female","graduate_school",30,124651,7100
420000,"male","university",39,204984,8006
70000,"female","university",39,67607,3700
350000,"male","graduate_school",40,63200,4150
250000,"male","high_school",62,38924,5000
230000,"male","high_school",61,0,0
50000,"male","university",34,49372,0
200000,"male","graduate_school",29,170707,6017
290000,"female","university",39,296002,12000
50000,"male","university",31,48469,2138
60000,"female","university",45,60244,3000
60000,"female","high_school",33,57561,2100
100000,"female","graduate_school",31,1500,3794
200000,"female","graduate_school",27,11912,14443
120000,"female","graduate_school",28,594,0
210000,"female","graduate_school",34,74261,3500
210000,"female","high_school",37,138398,5000
40000,"female","university",28,31131,3500
500000,"female","university",32,0,0
290000,"female","university",25,140615,7003
230000,"male","university",29,566,5480
270000,"female","graduate_school",28,15167,845
50000,"female","graduate_school",31,27166,3769
500000,"male","university",38,31504,12160
200000,"male","graduate_school",28,6905,4628
50000,"male","university",56,32134,0
430000,"female","graduate_school",37,1669,416
310000,"male","graduate_school",43,2432,0
100000,"male","high_school",37,20116,4000
40000,"female","graduate_school",29,35735,2017
200000,"female","high_school",44,0,0
50000,"male","graduate_school",27,14614,1558
210000,"female","university",37,2978,1798
110000,"female","university",40,23303,1511
240000,"female","graduate_school",37,180517,8022
50000,"male","university",39,48803,1487
50000,"male","high_school",41,47384,2194
20000,"female","high_school",34,0,0
50000,"female","university",25,16092,2352
80000,"female","high_school",26,69489,2600
350000,"male","graduate_school",34,120198,5900
50000,"female","university",37,19068,1500
130000,"male","university",25,128947,5006
50000,"female","high_school",25,-1159,48000
60000,"female","graduate_school",28,38991,10008
130000,"female","university",43,2292,6776
130000,"female","university",36,26244,1550
90000,"female","university",25,7766,93788
160000,"female","high_school",26,2454,1083
120000,"female","university",40,-200,0
220000,"male","university",45,165583,6500
50000,"male","graduate_school",24,5524,1500
140000,"male","university",44,85119,3153
80000,"male","university",53,6469,2600
50000,"female","high_school",44,3424,155
230000,"female","graduate_school",29,-5,0
30000,"female","university",31,27254,0
260000,"female","university",34,8383,2985
200000,"male","university",27,202591,7565
480000,"female","university",30,470400,0
210000,"female","graduate_school",36,0,1690
500000,"female","university",54,455977,13455
70000,"male","graduate_school",49,1261,2431
10000,"male","graduate_school",23,7684,1300
50000,"female","university",36,4782,0
100000,"female","high_school",40,97763,4500
180000,"female","university",25,175063,5000
50000,"female","university",35,41657,10000
110000,"female","university",28,79573,3800
80000,"male","university",42,80586,3000
470000,"female","university",30,26549,1420
30000,"female","university",24,22280,1748
30000,"female","university",23,29336,1800
360000,"female","graduate_school",28,9626,15023
270000,"male","university",45,0,0
50000,"female","graduate_school",25,14500,0
150000,"male","graduate_school",34,62854,5000
130000,"male","graduate_school",28,91092,5000
50000,"male","university",48,44489,2000
170000,"male","university",41,162500,4781
470000,"male","graduate_school",33,1260,2530
210000,"female","graduate_school",29,18662,6224
150000,"female","graduate_school",27,0,0
500000,"male","university",32,331751,10558
20000,"male","university",45,19473,1896
220000,"female","high_school",51,44076,2000
140000,"female","graduate_school",28,86761,0
180000,"female","university",24,54357,1260
10000,"female","high_school",53,1473,2095
360000,"female","university",29,0,1244
240000,"male","university",39,0,1263
220000,"female","university",28,216435,8355
170000,"male","university",35,17920,1900
20000,"female","university",44,2400,0
170000,"female","university",31,63948,5000
310000,"female","graduate_school",32,0,0
250000,"female","university",54,17582,1200
20000,"male","graduate_school",24,17781,2000
30000,"male","other",53,0,0
100000,"female","graduate_school",49,103307,0
150000,"female","graduate_school",30,150426,5520
20000,"male","university",37,19701,2000
390000,"male","graduate_school",34,13006,524
200000,"female","graduate_school",27,157607,7194
380000,"male","university",30,47765,3000
360000,"female","university",39,0,791
20000,"male","university",24,16276,1000
50000,"female","university",25,24408,1300
360000,"female","university",31,990,990
180000,"male","university",26,175539,3826
80000,"female","high_school",28,63900,3000
40000,"female","graduate_school",24,28140,5000
100000,"female","university",47,6666,6666
260000,"female","graduate_school",49,0,0
50000,"female","high_school",40,29311,10000
90000,"female","university",55,82901,1544
130000,"female","university",28,107216,4000
200000,"female","graduate_school",28,40559,5000
70000,"male","university",39,33521,3350
340000,"female","graduate_school",36,183898,60075
80000,"female","university",24,2530,3055
340000,"female","university",29,135538,4093
50000,"female","high_school",27,29321,1503
300000,"female","university",39,1028,0
140000,"male","graduate_school",40,136785,5051
360000,"female","university",30,20992,20000
360000,"male","university",32,942,3678
210000,"female","graduate_school",44,14993,1938
610000,"female","graduate_school",35,389335,14117
100000,"male","graduate_school",32,83831,4000
170000,"male","graduate_school",32,2097,0
230000,"female","graduate_school",29,33147,1672
10000,"male","university",33,8177,2500
50000,"male","university",37,0,780
420000,"female","university",36,3663,4338
280000,"female","graduate_school",30,29989,168
20000,"male","high_school",23,17030,1315
50000,"female","university",48,10929,2526
110000,"female","graduate_school",23,78793,3400
110000,"male","university",35,112820,4800
160000,"female","graduate_school",29,1116,2599
130000,"female","high_school",43,32667,2000
20000,"male","high_school",56,9453,1000
60000,"female","university",29,1033,2081
100000,"male","university",42,58392,5500
210000,"male","university",24,40985,1987
360000,"male","university",49,3295,0
30000,"female","university",21,0,780
200000,"male","graduate_school",42,163340,8000
120000,"female","university",34,88210,3300
200000,"female","other",32,64059,3372
360000,"male","university",39,23690,60284
100000,"female","university",46,0,766
50000,"female","university",29,82843,4000
200000,"female","graduate_school",46,9367,0
30000,"female","high_school",41,0,0
100000,"female","university",38,0,199
340000,"female","university",29,36533,3000
20000,"female","high_school",31,15043,0
60000,"female","high_school",42,26536,5000
170000,"male","graduate_school",29,175349,5800
60000,"female","graduate_school",26,0,23040
220000,"male","university",32,1565,3082
150000,"female","university",24,-122,16924
450000,"female","graduate_school",35,0,0
180000,"male","graduate_school",41,16366,18339
20000,"female","high_school",42,10665,637
30000,"female","university",26,12479,1233
90000,"female","graduate_school",32,7563,0
120000,"male","university",38,500,0
160000,"male","university",41,2524,0
470000,"female","graduate_school",37,12572,5305
200000,"female","other",25,3302,0
500000,"female","high_school",40,38322,1284
50000,"female","university",33,23250,0
340000,"male","graduate_school",26,241720,8000
360000,"female","university",35,360996,16500
140000,"female","high_school",28,25184,5000
180000,"male","university",26,129728,6006
20000,"male","university",30,1261,2835
100000,"male","other",53,184438,3800
270000,"female","university",36,73953,5168
300000,"female","university",34,37505,57210
230000,"male","university",28,-73,0
150000,"male","other",27,133374,10000
30000,"female","university",37,25037,2000
