"color","quality","alcohol","residual_sugar","density","pH"
"red",5,9.4,1.9,0.9978,3.51
"red",5,9.8,2.6,0.9968,3.2
"red",5,9.8,2.3,0.997,3.26
"red",6,9.8,1.9,0.998,3.16
"red",5,9.4,1.9,0.9978,3.51
"red",5,9.4,1.8,0.9978,3.51
"red",5,9.4,1.6,0.9964,3.3
"red",7,10,1.2,0.9946,3.39
"red",7,9.5,2,0.9968,3.36
"red",5,10.5,6.1,0.9978,3.35
"red",5,9.2,1.8,0.9959,3.28
"red",5,10.5,6.1,0.9978,3.35
"red",5,9.9,1.6,0.9943,3.58
"red",5,9.1,1.6,0.9974,3.26
"red",5,9.2,3.8,0.9986,3.16
"red",5,9.2,3.9,0.9986,3.17
"red",7,10.5,1.8,0.9969,3.3
"red",5,9.3,1.7,0.9968,3.11
"red",4,9,4.4,0.9974,3.38
"red",6,9.2,1.8,0.9969,3.04
"red",6,9.4,1.8,0.9968,3.39
"red",5,9.7,2.3,0.9982,3.52
"red",5,9.5,1.6,0.9966,3.17
"red",5,9.4,2.3,0.9968,3.17
"red",6,9.7,2.4,0.9968,3.43
"red",5,9.3,1.4,0.9955,3.34
"red",5,9.5,1.8,0.9962,3.28
"red",5,9.5,1.6,0.9966,3.17
"red",5,9.4,1.9,0.9972,3.47
"red",6,9.8,2,0.9964,3.38
"red",5,10.1,2.4,0.9958,3.35
"red",6,10.6,2.5,0.9966,3.46
"red",5,9.8,2.3,0.9966,3.17
"red",6,9.4,10.7,0.9993,3.45
"red",5,9.2,1.8,0.9957,3.38
"red",6,9.6,5.5,0.9986,3.4
"red",6,10.8,2.4,0.9975,3.42
"red",7,9.7,2.1,0.9968,3.23
"red",4,9.8,1.5,0.994,3.5
"red",NA,10.5,5.9,0.9978,3.33
"red",5,10.5,5.9,0.9978,3.33
"red",4,9.3,2.8,0.9976,3.26
"red",6,10.5,2.6,0.9968,3.21
"red",5,10.3,2.2,0.9968,3.3
"red",5,9.5,1.8,0.9962,3.48
"red",4,13.1,2.1,0.9934,3.9
"red",5,9.2,2.2,0.997,3.25
"red",5,9.5,1.6,0.9969,3.25
"red",5,9.2,1.6,0.9958,3.34
"red",5,9.2,1.4,0.9954,3.32
"red",5,9.2,1.7,0.9971,3.15
"red",6,9.4,2.2,0.9956,3.4
"red",6,9.4,2.1,0.9955,3.39
"red",5,9.4,3,0.997,3.2
"red",6,10.2,2.8,0.9955,3.17
"red",5,9.5,3.8,0.9978,3.34
"red",5,9.6,3.4,0.9971,3.04
"red",5,9.4,5.1,0.9983,3.26
"red",5,10,2.3,0.9975,3.43
"red",6,9.4,2.4,0.9962,3.41
"red",5,9.2,2.2,0.998,3.44
"red",5,9.3,1.8,0.9968,3.21
"red",7,9.5,1.9,0.9968,3.38
"red",5,9.8,2,0.9966,3.39
"red",5,10.9,4.65,0.9962,3.41
"red",5,10.9,4.65,0.9962,3.41
"red",5,9.6,1.5,0.9968,3.42
"red",5,10.7,1.6,0.9962,3.44
"red",5,10.7,2,0.9969,3.28
NA,6,10.5,1.9,0.9962,3.34
"red",6,9.5,1.9,0.9967,3.32
"red",5,9.5,2.1,0.9962,3.32
"red",5,9.5,1.9,0.9961,3.31
"red",4,9.2,2.1,0.9976,3.31
"red",5,9.6,2.5,0.9984,3.28
"red",5,10.5,2.2,0.9986,3.54
"red",5,10.5,2.2,0.9986,3.54
"red",6,10.7,2.4,0.9966,3.52
"red",5,10.1,2,0.9958,3.38
"red",4,9.1,1.5,0.9972,3.16
"red",5,9.2,1.6,0.9958,3.41
"red",5,9.4,1.9,0.9974,3.13
"red",5,9.1,2,0.997,3.36
"red",5,9.4,1.8,0.9969,3.16
"red",6,10.3,1.8,0.9959,3.44
"red",5,10.1,2.2,0.9961,3.41
"red",6,9.9,1.9,0.9972,2.93
"red",5,9.6,1.9,0.9966,3.39
"red",5,9.5,2.1,0.9978,3.14
"red",5,9,1.8,0.9978,3.48
"red",5,9.5,1.9,0.9964,3.23
"red",6,9.9,1.9,0.9972,2.93
"red",5,9.8,2,0.9972,2.93
"red",5,9.6,1.9,0.9966,3.39
"red",4,10.5,1.4,0.9938,3.75
"red",6,12.9,2.3,0.9932,3.85
"red",5,10.7,3,0.9965,3.45
"red",5,9.2,2,0.9963,3.25
"red",5,9.8,2.5,0.9967,3.39
"red",6,9,1.9,0.9972,3.3
"red",6,10.2,2.1,0.9972,3.4
"red",6,10.4,1.9,0.9959,3.31
"red",6,9,1.9,0.9972,3.3
"red",5,9.2,2.1,0.9967,3.29
"red",5,9.4,2.2,0.996,3.33
"red",5,9.2,2.1,0.9967,3.29
"red",5,9.3,1.7,0.9973,3.08
"red",5,9.3,1.7,0.9969,3.46
"red",6,9.6,2.5,0.9976,3.37
"red",5,9.3,2,0.9969,3.21
"red",5,9.5,1.8,0.9964,3.19
"red",5,9.8,2.2,0.9964,3.15
"red",5,9.8,2.2,0.9964,3.15
"red",6,9.7,2.3,0.9988,3.32
"red",5,9.5,1.8,0.9964,3.19
"red",6,10.5,2.2,0.9966,3.07
"red",6,10,1.9,0.9978,3.39
"red",6,9.4,2,0.997,3.37
"red",6,10.9,2.2,0.9962,3.21
"red",6,9.2,1.8,0.9959,3.34
"red",5,9,1.7,0.9962,3.3
"red",6,10.9,2.2,0.9962,3.21
"red",5,9.2,2.5,0.998,3.49
"red",5,9.5,2.6,0.9976,3.44
"red",5,9.5,1.6,0.996,3.39
"red",5,9.4,1.9,0.9984,3.16
"red",5,10.9,1.7,0.9964,3.53
"red",5,10.9,1.8,0.9964,3.54
"red",7,10.5,1.8,0.9962,3.42
"red",5,9.4,1.8,0.9955,3.42
"red",5,9.4,2,0.9968,3.24
"red",5,13,2.3,0.9937,3.63
"red",5,13,2.3,0.9937,3.63
"red",6,9.8,1.5,0.9952,3.4
"red",6,9.9,2.2,0.9959,3.22
"red",5,9.6,1.9,0.9965,3.19
"red",5,9.5,1.8,0.9968,3.23
"red",5,9.2,2,0.9972,3.48
"red",5,9.5,2.1,0.9962,3.33
"red",5,9.5,2,0.9962,3.32
"red",5,9.6,1.9,0.9965,3.19
"red",5,9.5,1.8,0.9968,3.23
"red",6,14,1.8,0.9916,3.68
"red",5,9.4,1.7,0.9954,3.34
"red",6,14,1.8,0.9916,3.68
"red",5,9.4,1.8,0.9968,3.17
"red",5,10,1.8,0.9944,3.54
"red",5,9.3,1.6,0.9968,3.11
"red",6,10.2,2.3,0.9959,3.42
"red",6,10.5,2.8,0.9975,3.53
"red",6,10.3,2.1,0.9958,3.33
"red",4,9.4,3.4,0.9996,2.74
"red",5,10.1,1.8,0.995,3.35
"red",5,10.1,1.8,0.995,3.35
"red",5,10.5,5.5,0.9973,3.42
"red",5,10.5,5.5,0.9973,3.42
"red",5,10.5,5.5,0.9973,3.42
"red",5,10.5,5.5,0.9973,3.42
"red",5,9.3,2.2,0.9969,3.48
"red",6,9.3,1.9,0.9968,3.59
"red",5,9.6,2,0.9959,3.2
"red",4,9.2,1.3,0.9965,3.17
"red",6,10,1.7,0.9964,3.33
"red",5,9.4,7.3,0.9982,3.37
"red",5,9.4,7.2,0.9981,3.37
"red",5,9.5,1.7,0.9961,3.19
"red",5,10.2,2.1,0.9956,3.34
"red",4,9,1.6,0.9956,3.37
"red",6,10.4,2.1,0.9953,3.47
"red",5,9.5,1.8,0.9964,3
"red",4,9.1,1.8,0.9972,3.36
"red",6,9.2,2,0.9972,3.29
"red",6,9.2,2,0.9972,3.29
"red",6,11.5,1.9,0.9961,3.42
"red",5,9.5,2,0.9961,3.33
"red",5,9.5,1.5,0.9958,3.35
"red",5,9.5,2,0.9961,3.33
"red",6,10.5,2.3,0.9972,3.58
"red",5,9.6,2.5,0.9969,3.48
"red",5,9.5,2.4,0.9969,3.19
"red",5,9.5,2.4,0.9969,3.19
"red",5,9.3,2,0.9972,3.12
"red",5,9.3,2.5,0.9972,3.44
"red",5,9.3,1.8,0.9971,3.54
"red",6,9.3,1.9,0.997,3.52
"red",5,9.7,2,0.9971,3.26
"red",5,9.2,2,0.9972,3.34
"red",5,9.7,2.6,0.9976,3.39
"red",5,9.5,2,0.9968,3.2
"red",5,9.5,1.9,0.9968,3.2
"red",5,9.4,2.9,0.9976,3.23
"red",6,9.8,1.9,0.9974,3.57
"red",5,9.5,3.8,0.9969,3.28
"red",5,9.7,2.2,0.9964,3.28
"red",5,9.7,2.2,0.9964,3.28
"red",5,9.4,2,0.9968,3.25
"red",5,10.2,2.4,0.9968,3.46
"red",6,10.1,2,0.9981,3.11
"red",7,13,1.2,0.9924,3.57
"red",4,11.4,2.1,0.9948,3.51
"red",7,10.3,1.4,0.99695,3.22
"red",5,9.3,2.1,0.9975,3.04
"red",5,9.5,1.5,0.99545,3.36
"red",5,9.2,1.6,0.9961,3.34
"red",6,9.2,1.6,0.99615,3.34
"red",7,10.8,2.6,0.9994,3.2
"red",7,10.8,2.6,0.9994,3.2
"red",5,9.3,1.8,0.99625,3.29
"red",5,9.4,2.7,0.9966,3.22
"red",7,10.5,2.1,0.998,3.31
"red",6,12.4,2,0.99585,3.3
"red",6,10,2.8,0.99685,3.35
"red",6,10.2,2.1,0.998,3.21
"red",5,10.1,2.2,0.9959,3.3
"red",6,9.8,2.4,0.9974,3.24
"red",5,10.5,5.6,0.9974,3.34
"red",5,11,2,0.9962,3.14
"red",5,9.1,2.2,0.9967,3.36
"red",5,9.7,1.9,0.9957,3.39
"red",5,9.5,2.4,0.99655,3.3
"red",6,9.4,2,0.9964,3.34
"red",5,9.4,2,0.9957,3.15
"red",5,9.5,1.5,0.99525,3.42
"red",6,10,2,0.99815,3.28
"red",4,10.4,2,0.99745,3.31
"red",6,10.5,2.6,0.99615,3.37
"red",6,9.5,2,0.9964,3.04
"red",5,9.8,2.6,0.9984,3.39
"red",6,10.5,2.6,0.99615,3.37
"red",5,11,2.6,0.99685,3.46
"red",7,12.2,1.6,0.9927,3.54
"red",6,9.9,1.8,0.99625,3.37
"red",6,9.6,2.8,0.998,3.34
"red",5,11,2.6,0.99685,3.46
"red",6,9,2.3,0.99685,3.32
"red",6,9,1.9,0.99675,3.37
"red",6,9,1.9,0.99675,3.37
"red",6,9.2,1.9,0.99675,3.37
"red",6,9,1.9,0.99675,3.37
"red",6,9,2.3,0.99685,3.32
"red",5,9.3,1.7,0.9971,3
"red",6,10.9,2.1,0.99925,3.14
"red",6,9.8,1.8,0.99565,3.08
"red",7,9.2,2.2,1.00005,3.07
"red",7,9.2,2.2,1.00005,3.07
"red",6,9.9,2,0.9983,3.61
"red",5,9.5,1.9,0.99685,3.38
"red",5,9.3,2.3,0.9963,3.2
"red",6,9.8,1.7,0.99615,3.35
"red",6,9.9,2,0.9983,3.61
"red",6,10,1.6,0.9985,3.22
"red",6,9.9,1.8,0.9972,3.47
"red",5,10.5,3.1,0.9986,3.17
"red",5,9.5,1.9,0.9959,3.23
"red",6,9.9,1.8,0.9972,3.47
"red",5,9.3,3.2,0.99675,3.26
"red",5,9.2,2.2,0.998,3.22
"red",5,9.2,2.1,0.9968,3.49
"red",5,9.4,1.8,0.9968,3.06
"red",7,10.5,2.6,0.99965,3.36
"red",5,9.3,1.7,0.99625,3.29
"red",4,9.4,2,0.99565,3.35
"red",5,10,1.7,0.99575,3.34
"red",5,9.3,1.8,0.9963,3.28
"red",5,10.9,2.4,0.9999,3.08
"red",7,10.2,1.8,0.9968,3.2
"red",4,9.8,3.3,1.00025,3.6
"red",8,12.8,3.6,0.9973,3.35
"red",6,9.4,3,0.9987,3.69
"red",6,10.1,NA,0.9996,3.28
"red",6,10.7,4,0.9965,3.36
"red",6,10.1,4,0.9996,3.28
"red",5,10.1,4,0.99935,3.22
"red",5,9.4,2.4,0.99735,3.31
"red",5,9.4,7,0.99915,3.38
"red",6,10.7,4,0.9965,3.36
"red",6,9.4,3,0.9987,3.69
"red",6,10.1,4,0.9996,3.28
"red",8,12.6,6.4,0.9976,3.23
"red",7,10.5,5.6,0.9991,3.38
"red",6,9.3,3.6,0.9986,3.12
"red",7,9.9,3.5,0.9972,3.25
"red",5,9.1,3,0.9971,3.36
"red",7,25,5.6,0.9991,3.38
"red",5,9.8,3.4,1.00015,3.31
"red",5,9.8,3.4,1.00015,3.31
"red",6,10.3,2,0.9997,3.1
"red",6,10.3,3,0.9967,3.37
"red",7,10.6,2.5,0.9976,3.34
"red",5,9.2,3.3,1.001,3.2
"red",7,10.6,2.5,0.9976,3.34
"red",5,10.5,2,0.9979,3.3
"red",6,10.3,2.7,0.9994,3.22
"red",6,10.1,2.4,0.9964,3.41
"red",6,9.5,3.2,1.0014,3.05
"red",5,9.5,2.5,1.0001,3.05
"red",5,9.9,2.6,0.9981,3.16
"red",5,9.6,2,0.99855,3.67
"red",5,9.7,2.3,0.9993,3.67
"red",5,9.6,2.1,0.99845,3.68
"red",6,10.7,2.6,0.9965,3.38
"red",6,10.1,1.5,0.9973,3.22
"red",5,10,2.6,0.9994,3.51
"red",5,9.5,1.6,0.996,3.39
"red",5,9.2,2.1,0.9973,3.2
"red",6,9.3,2.5,0.9998,3.12
"red",5,9.4,2.2,0.9966,3.36
"red",6,9.5,2.4,0.9994,3.19
"red",6,9.5,2.4,0.9994,3.19
"red",6,9.5,1.7,0.9968,3.41
"red",6,9.3,2.5,0.9998,3.12
"red",6,9.4,2,0.996,3.27
"red",6,9.5,2.8,0.99815,3.32
"red",5,9.4,3,0.9976,3.3
"red",5,11,2.6,0.99645,3.39
"red",6,11,2.5,0.9962,3.42
"red",5,10.1,3.4,0.9996,3.3
"red",6,10.4,2.9,0.99865,3.3
"red",7,11.5,3.2,0.9989,3.37
"red",6,10.4,2.9,0.99865,3.3
"red",7,11.5,3.2,0.9989,3.37
"red",5,9.7,3.4,0.99975,3.24
"red",5,9.3,2.3,0.99735,3.29
"red",6,9.5,2.8,0.999,3.28
"red",6,9.2,11,1.0015,3.16
"red",6,9.2,11,1.0015,3.16
"red",7,11.5,3.65,0.9978,3.05
"red",5,11.5,4.5,0.998,3.28
"red",6,9.7,2.6,1.0002,3.16
"red",5,9.5,2,0.9981,3.18
"red",6,12.5,2.9,0.998,3.23
"red",6,12.5,2.9,0.998,3.23
"red",6,9.4,3.2,0.9973,3.22
"red",5,11,2.1,0.9958,3.13
"red",7,11.7,2.5,0.9963,3.34
"red",7,12.2,3.4,0.9992,3.17
"red",6,12.5,1.9,0.9948,3.35
"red",5,10.3,2.8,0.9974,3.31
"red",6,11.5,3,1.0008,3.16
"red",7,9.8,2.3,0.9997,3.11
"red",6,9.2,2.4,1,3.12
"red",6,11.3,2.7,0.9972,3.21
"red",6,9.8,1.8,0.9982,3.3
"red",6,9.8,1.8,0.9982,3.3
"red",6,10.7,2.6,1.0006,3.12
"red",5,9.9,1.9,0.9979,3.6
"red",7,12.3,2.7,0.9955,3.58
"red",6,12,3,0.9986,3.02
"red",6,10,2.8,0.9979,3.11
"red",6,9.4,2.6,0.9994,3.36
"red",6,9.9,2.7,1.0004,3.28
"red",6,9.4,2.6,0.9994,3.35
"red",5,9.3,2.4,0.9974,3.27
"red",5,13,4.8,1.0018,3.18
"red",6,11.9,1.4,0.9912,3.25
"red",6,12.8,2.4,0.9955,3.55
"red",5,11,3,1.0001,3.26
"red",7,11.7,2.95,0.997,3.24
"red",NA,10.4,3.1,1,3.15
"red",6,9.8,2.6,1.001,3.17
"red",5,9.4,2,0.9973,3.19
"red",6,9.9,2.6,0.9982,3.37
"red",5,10,2.5,0.9992,3.05
"red",5,10.2,2,0.9988,2.99
"red",7,10,5.8,1.0022,3.07
"red",6,11.8,3.4,0.9979,3.26
"red",7,10,5.8,1.0022,3.07
"red",5,9,2.6,1,3.16
"red",5,9.4,2.8,0.9998,3.18
"red",7,12,2.4,0.9962,3.2
"red",5,9.9,2.3,0.9975,3.57
"red",6,8.7,1.6,0.9967,3.32
"red",6,10.6,1.8,0.9967,3.32
"red",5,9.2,2.2,0.9959,3.05
"red",6,10.8,3.8,1.0014,3.01
"red",7,11.8,4.4,0.9984,3.01
"red",6,11,3,1.0003,3.26
"red",7,12,2.4,0.9962,3.2
"red",6,13.3,6.2,0.9988,3.11
"red",6,10.8,2.5,0.9979,3.31
"red",6,9.4,2,0.9974,3.21
"red",6,10,2.9,1.0014,3.06
"red",6,9.4,2,0.9974,3.21
"red",6,9.4,2,0.9974,3.21
"red",5,9.2,2.1,0.998,3.42
"red",6,9.7,2.4,0.9979,3.43
"red",6,9.2,2,0.9981,3.41
"red",6,9.6,1.9,0.9972,3.31
"red",6,9.2,1.9,0.9981,3.43
"red",7,10,2.5,0.9982,3.19
"red",8,12.9,1.4,0.9924,3.56
"red",6,10,2.9,1.0014,3.06
"red",5,9.5,2,0.998,3.18
"red",5,9.1,2,0.997,3.16
"red",5,9.9,2.3,0.9997,3.03
"red",7,13,4.2,1.0004,3.22
"red",5,9.9,7.9,0.9994,3.47
"red",6,11,2.6,0.9988,3.18
"red",6,11,2.6,0.9988,3.18
"red",5,9.4,2.3,0.9963,3.1
"red",5,9.9,7.9,0.9994,3.47
"red",6,10.8,1.7,0.9949,3.29
"red",6,10.5,2.6,1,3.1
"red",6,10.5,2.7,0.9994,3.15
"red",5,9.1,2.7,0.9974,3.26
"red",6,10.1,1.4,0.9966,3.36
"red",6,10.8,2.5,0.9981,3.24
"red",7,10.8,3,0.9996,3.18
"red",6,11.3,3.7,0.997,3.19
"red",4,9.6,4.5,0.9981,3.05
"red",6,9.5,2.5,0.9987,3.38
"red",5,9.5,2.4,0.9987,3.38
"red",5,9.3,1.9,0.9966,3.27
"red",7,11.7,6.7,0.9986,3.27
"red",5,9.5,2.7,0.9982,3.26
"red",5,9.3,6.6,1.0014,3.32
"red",6,11.7,2.2,0.997,3.26
"red",5,10.5,1.9,0.9956,3.44
"red",6,10.4,2,0.9996,3.24
"red",5,9.9,1.8,0.9976,3.62
"red",7,11.8,2.4,0.9972,3.28
"red",7,12.3,2.3,0.9952,3.52
"red",5,10.9,2,0.9955,3.36
"red",7,11,2.1,0.9978,3.15
"red",5,10.9,2,0.9955,3.36
"red",7,12.3,2.3,0.9952,3.52
"red",6,11.4,2.1,0.9949,3.49
"red",6,10.6,1.9,0.9988,3.26
"red",5,9.3,1.3,0.9978,3.24
"red",6,10.4,2.4,0.9997,3.1
"red",7,11,2.1,0.9978,3.15
"red",5,9.2,2.2,0.9974,3.25
"red",6,12.8,2.3,0.9958,3
"red",5,9.5,2.3,1.0004,3.16
"red",6,9.9,3.2,0.9996,3.15
"red",5,9.5,2.3,1.0004,3.16
"red",6,10.2,2,0.9958,3.26
"red",6,11.2,3.2,0.9986,3.17
"red",6,9.9,3.2,0.9996,3.15
"red",5,9.3,1.5,0.9951,3.08
"red",8,9.8,2.2,0.9987,2.88
"red",6,11.3,2.15,0.9988,3.06
"red",7,11.2,3.7,1.0032,2.95
"red",7,11.6,2.7,0.9963,3.23
"red",7,12.5,1.7,0.9934,3.57
"red",6,10.1,2.1,0.9986,3.23
"red",5,10.5,2.6,0.9996,3.1
"red",5,11.2,2.1,0.9968,3.22
"red",6,10.2,2,0.9967,3.2
"red",6,10.8,2.8,0.9994,3.1
"red",6,10.8,2.8,0.9994,3.1
"red",6,9.1,1.8,0.9979,3.06
"red",6,10,1.7,0.9968,3.44
"red",7,11.2,2.8,0.9998,3.26
"red",5,11.1,1.6,0.9952,3.5
"red",8,13.4,5.2,0.9988,3.22
"red",5,10.3,2.3,0.9986,3.37
"red",5,9.6,2.7,0.9988,3.28
"red",7,11.2,2.8,0.9998,3.26
"red",3,9,2.2,1.0008,3.25
"red",6,11.3,2.3,0.9976,3.35
"red",5,9.3,2.6,0.9982,3.26
"red",5,11.8,2.55,0.997,3.18
"red",5,9,2.2,0.9972,3.08
"red",6,9.2,2.1,0.9987,2.98
"red",5,9.7,2.9,1.0006,3.48
"red",6,11.5,2,0.9982,3.16
"red",6,14,2.6,0.9947,3.32
"red",6,9.2,2.1,1,3.17
"red",5,9.8,1.2,0.9952,3.2
"red",5,10.6,2.6,0.9996,3.05
"red",6,11.4,2.4,0.997,3.2
"red",6,10.4,2.6,0.9995,3.15
"red",5,10.6,2.1,0.9971,3.26
"red",6,9.4,1.7,0.9982,3.2
"red",5,10.2,2.2,0.9988,3.14
"red",5,9.7,2,0.998,3.28
"red",6,11,1.8,0.9977,3.18
"red",5,10.2,2.2,0.9988,3.14
"red",6,10.1,2.7,0.9984,3.19
"red",5,9.2,15.5,1.0026,3.12
"red",8,11.7,2.8,0.9964,3.15
"red",5,9.4,2.2,0.9986,3.04
"red",5,9.4,2.2,0.9986,3.04
"red",6,13.4,4.1,0.997,3.06
"red",5,10,1.9,0.9976,3.17
"red",5,10,1.9,0.9976,3.17
"red",6,10,1.8,0.9982,3.17
"red",7,10.8,2.8,1.0002,3.32
"red",6,10.2,2.6,0.9984,3.34
"red",6,10.6,2.8,0.9984,3.31
"red",7,13.3,2.5,0.9952,3.34
"red",7,13.4,2.6,0.995,3.32
"red",6,11.6,3,1.0002,3.48
"red",6,12.1,8.3,0.9952,3.44
"red",8,11,2.6,0.9972,3.15
"red",6,9,1.9,0.9984,3.43
"red",5,11.1,2.5,0.9966,3.32
"red",8,11,2.6,0.9972,3.15
"red",6,11.6,3,1.0002,3.48
"red",6,9,1.9,0.9984,3.43
"red",7,12,6.55,0.999,3.17
"red",7,12,6.55,0.999,3.17
"red",7,10.9,1.9,0.9976,3.18
"red",7,10.8,1.8,0.9976,3.21
"red",7,12.5,2.9,0.9968,3.16
"red",7,10.8,1.8,0.9976,3.25
"red",6,9.5,2.3,1,3.17
"red",6,10.2,2.2,0.9994,3.18
"red",7,11.4,2.8,0.9986,3.04
"red",5,9.5,4.6,0.9978,3.02
"red",6,10.2,2.2,0.9994,3.18
"red",6,9.7,2.1,0.998,3.03
"red",7,11.8,2.4,0.9973,3.09
"red",7,11.8,2.4,0.9973,3.09
"red",5,9.3,6.1,1.001,3.31
"red",6,11.9,4.3,1.001,3.25
"red",3,8.4,2.1,0.9994,3.16
"red",6,11.7,2.8,0.9972,3.22
"red",5,11,2.5,0.9966,3.36
"red",6,10,2.7,0.9982,3.42
"red",5,9.1,2,0.998,3.48
"red",5,9.8,2.3,0.9979,3.38
"red",5,9.4,2.5,0.9978,3.22
"red",5,9.5,2.4,0.9976,3.23
"red",5,9.9,2.8,0.9998,3.24
"red",5,11,2.5,0.9966,3.36
"red",6,11.4,2.5,0.9962,3.39
"red",6,8.7,2.6,0.9988,3.34
"red",5,9.4,2.4,0.9974,3.09
"red",6,10.3,2.1,0.999,3.41
"red",5,10.3,2.7,1.0004,3.16
"red",5,10.3,2.7,1.0004,3.16
"red",6,12.8,2.1,0.9956,3.22
"red",6,10,2.7,1,3.28
"red",6,10.3,2.1,0.999,3.41
"red",5,9.4,2.4,0.9974,3.09
"red",6,10.7,2.1,0.9972,3.37
"red",7,12,5.8,1.0014,3.2
"red",5,11.2,5.15,0.9996,3.22
"red",5,9.6,3.3,0.9988,3.26
"red",6,11,6.3,0.9988,3.21
"red",5,9.9,2.1,0.9966,3.12
"red",6,11,2.5,0.9993,3.06
"red",6,8.4,1.8,1.0008,2.86
"red",5,9.1,2.6,0.9982,3.08
"red",6,9.5,2,0.9983,3.45
"red",6,10.7,2.5,0.9987,3.26
"red",6,10.4,2.6,0.9994,3.12
"red",6,9.4,1.9,0.9975,3.27
"red",6,9.5,2.1,0.9958,3.33
"red",6,10,2.8,0.998,3.19
"red",6,10,2.7,0.998,3.12
"red",5,11.5,1.6,0.9934,3.74
"red",5,11.1,4.2,1.00315,2.92
"red",5,11.1,4.2,1.00315,2.92
"red",6,11.7,4.6,1.0002,3.07
"red",5,11.1,4.2,1.00315,2.92
"red",6,11.7,4.6,1.0002,3.07
"red",6,12.7,4.3,1.0021,3.3
"red",5,11.4,2.8,0.9994,3.14
"red",5,9.2,2.4,0.9978,3.23
"red",5,9.2,2.9,0.9982,3.08
"red",6,10.1,2.7,0.9971,3.31
"red",6,12.7,4.3,1.0021,3.3
"red",5,11.4,2.8,0.9994,3.14
"red",6,9,2.5,0.9991,3.32
"red",6,9,2.5,0.9991,3.32
"red",6,10.7,2.6,0.999,3.31
"red",6,11.7,2.2,0.9946,3.57
"red",6,11,3.3,1.0003,3.32
"red",6,11.7,2.2,0.9946,3.57
"red",5,10.4,2.4,0.9978,3.14
"red",4,9.6,2.1,0.9991,3.3
"red",6,10,3.2,0.9992,3.19
"red",6,10.2,3.1,0.9993,3.2
"red",4,10,2.3,0.9978,3.34
"red",5,9.5,2.8,0.9982,3.3
"red",5,9.8,2.9,0.9982,3.29
"red",6,9.8,2.2,0.9976,3.14
"red",5,9.6,2.2,1.0002,3.19
"red",5,9.6,2.2,1.0002,3.19
"red",5,9.2,2.2,1,3.19
"red",7,9.9,1.9,0.9976,2.98
"red",7,10.7,3.4,1.0002,3.3
"red",6,9.6,2.4,0.998,3.47
"red",7,10.6,2.7,0.9986,3.12
"red",5,9.3,1.9,0.9967,3.26
"red",8,14,2,0.9917,3.72
"red",7,10.5,2.6,0.9976,3.05
"red",5,9.7,2.6,0.9987,3.35
"red",6,11.5,1.7,0.9922,3.12
"red",5,9.7,2.6,0.9987,3.35
"red",5,9,3.5,1.0004,3.29
"red",5,9.5,2.6,0.9978,3.4
"red",5,9.3,7.9,0.9998,3.27
"red",6,9.3,2,0.9994,3.04
"red",6,10,1.9,0.998,3.09
"red",6,9.8,2.1,0.9967,3.2
"red",6,9.3,2.3,1,3
"red",4,10,2.1,0.9962,3.26
"red",6,9,2.2,1.0006,3.1
"red",5,9.3,2.6,0.9975,3.3
"red",6,9,2.2,1.0006,3.1
"red",6,9.1,2.9,0.9984,3.17
"red",6,9.2,2.6,0.9984,3.31
"red",7,12.2,4.6,0.9973,3.34
"red",6,10.5,3.3,0.9982,3.31
"red",6,10.4,5.1,1.0026,3.32
"red",6,12.7,3.2,0.9956,3.56
"red",5,9.2,2.5,0.9983,3.39
"red",5,9.4,2.7,1.0006,2.98
"red",6,10,2.4,0.9965,3.32
"red",5,9.8,1.5,0.9962,3.26
"red",6,10.2,2.2,0.9969,2.87
"red",5,9.7,2.3,0.9997,3.5
"red",5,9.7,2.3,0.9997,3.5
"red",6,9.8,2.2,0.9982,3.03
"red",5,10.2,2.7,1.0006,3.13
"red",5,9.3,2.3,0.9988,3.09
"red",5,9.4,3.4,0.9976,3.27
"red",5,9.4,3.4,0.9976,3.28
"red",5,9.5,1.9,0.9974,3.13
"red",6,12.1,2.9,0.9974,3.49
"red",5,10.2,5.6,0.9997,3.46
"red",5,10.2,5.6,0.9997,3.46
"red",5,9.1,2.2,0.9988,3.36
"red",5,9.1,2.2,0.9988,3.36
"red",6,9.3,2.5,0.9976,3.27
"red",5,9.3,2.3,0.9964,3.21
"red",6,9.3,2.5,0.9976,3.27
"red",5,9.5,2.7,0.9988,3.25
"red",6,10.5,3,0.9964,3.32
"red",4,11.3,3.4,1.001,3.43
"red",5,9.5,1.9,0.9964,3.27
"red",5,9.7,1.4,0.9954,3.27
"red",5,9.4,2.4,0.9979,3.24
"red",5,9.4,2.3,0.9978,3.24
"red",7,10.2,2.2,0.9964,3.35
"red",6,10.3,1.9,0.997,3.18
"red",5,9.4,2.3,0.9991,3.39
"red",5,9.5,2.3,0.9992,3.46
"red",5,9.4,2.3,0.9991,3.39
"red",5,9.5,2.3,0.9992,3.46
"red",5,9.4,2.3,0.9991,3.39
"red",7,10.1,6,0.9984,3.37
"red",5,10.1,3.6,0.9972,3.4
"red",4,11,2.2,0.9967,3.32
"red",7,11.2,2.8,0.9964,3.33
"red",6,11.3,8.6,0.9948,3.16
"red",5,9.6,2.2,0.9986,2.89
"red",5,11.2,2.5,1.001,3.41
"red",5,14.9,7.5,0.9976,2.98
"red",6,12,2.8,0.9976,3.12
"red",5,9.5,2.4,0.9979,3.08
"red",5,9.4,2.9,1.0004,3.14
"red",5,9.6,2.2,0.9986,2.89
"red",7,10.5,1.4,0.998,2.92
"red",6,9.6,1.4,0.9973,3.32
"red",4,11,4.4,0.997,3.41
"red",6,9.6,1.4,0.9973,3.32
"red",5,9,1.6,0.9978,3.31
"red",6,9.6,1.6,0.9972,3.36
"red",6,10.2,1.8,0.9974,3.04
"red",5,10.2,2,1,3.03
"red",5,9.7,2,0.9981,3.14
"red",6,9.5,1.8,0.998,3.18
"red",6,9.2,2,0.9988,2.94
"red",5,11,2.3,0.9966,3.15
"red",6,9.2,2,0.9988,2.94
"red",5,10,2.5,0.9959,3.26
"red",5,9.5,1.7,0.9968,3.2
"red",5,9.5,2,0.998,3.15
"red",5,9.5,1.7,0.9968,3.2
"red",6,9.3,2.2,0.9984,3.08
"red",5,10.2,2.2,0.9984,3.26
"red",6,9.3,2.2,0.9984,3.08
"red",5,9.9,2.3,0.9979,3.4
"red",5,10,2.6,0.9983,3.48
"red",5,9.6,3.3,0.9972,3.13
"red",5,9,1.9,1.0004,3.06
"red",6,10.2,2.2,0.9962,3.21
"red",5,9.8,2.25,0.998,3.33
"red",5,11.3,2.6,0.997,3.37
"red",5,9.4,2.3,0.998,3.25
"red",5,11.3,2.6,0.997,3.37
"red",5,9.1,1.8,0.997,3.44
"red",5,9.7,3.1,0.9998,3.28
"red",5,9.4,1.6,0.9962,3.4
"red",5,9.4,1.8,0.9976,3.3
"red",3,10.7,4.25,0.9966,3.63
"red",5,9.8,2.6,0.9998,3.48
"red",5,9,2,0.9979,3.03
"red",5,9.4,2.8,0.9984,3.32
"red",5,9.4,2.7,0.9984,3.31
"red",6,12.8,1.3,0.9921,3.9
"red",6,9.5,2.1,0.9972,3.47
"red",6,9.5,2.1,0.9972,3.47
"red",5,9.7,3.2,1.0001,3.31
"red",6,10.8,2.1,0.9986,3.11
"red",6,10.1,2.9,0.9984,3.08
"red",6,9.5,2.1,0.9972,3.47
"red",6,9.4,2.1,0.997,3.47
"red",4,9.6,2.6,0.9972,3.32
"red",4,9.7,1.6,0.998,3.29
"red",5,9.9,6,0.999,3.37
"red",5,10,2,0.9956,3.4
"red",5,10.5,3,0.9966,3.37
"red",6,11.6,2.5,0.996,3.34
"red",6,10,1.6,0.9983,3.27
"red",5,10.1,2.8,0.9985,3.06
"red",5,9.5,3,0.9998,3.38
"red",5,9.4,3.2,0.9992,3.36
"red",5,9.4,2.3,0.9976,3.34
"red",5,9.8,2.6,0.998,3.28
"red",6,9.2,2.7,0.9967,3.29
"red",5,9.4,2.3,0.9976,3.34
"red",5,10,2.6,0.9968,3.21
"red",5,9.6,2,0.9976,3.22
"red",5,9.5,3.9,0.9976,3.46
"red",5,9.6,2,0.9976,3.22
"red",5,9.2,2.85,0.9982,3.1
"red",5,10,2.7,0.9968,3.21
"red",5,9.5,2.2,0.9965,2.94
"red",4,11.2,3.1,0.9958,3.54
"red",5,10.4,3,0.9976,3.29
"red",6,11.1,2.8,0.9994,3.43
"red",5,9.5,1.8,0.997,3.46
"red",5,9.5,1.8,0.997,3.46
"red",6,12.7,3.2,0.995,3.61
"red",5,9.6,2.3,0.9982,3.17
"red",5,11.5,3.45,0.9994,3.44
"red",5,9.6,2.1,0.9966,3.39
"red",5,9.5,2.7,0.998,3.55
"red",5,9.3,2,0.9987,3.48
"red",5,9.5,2.1,0.9963,3.26
"red",5,9.5,2.1,0.9963,3.26
"red",6,9.3,2.5,1.0002,3.5
"red",5,9.2,2.8,0.9983,3.1
"red",5,9.3,2.4,0.999,3.35
"red",6,11.5,4.2,0.9965,3.45
"red",5,9.5,2.6,0.99788,3.21
"red",5,9.2,1.9,0.9972,3.46
"red",5,10,2.8,1.00024,3.13
"red",5,9.5,2.7,1.0001,3.13
"red",6,9.5,2.1,0.99768,3.52
"red",6,9,2.5,0.9978,3.3
"red",5,9.4,2.6,0.99782,3.3
"red",6,9.6,2.1,0.99761,3.52
"red",6,9.5,2.1,0.99768,3.52
"red",5,9.5,2.9,0.99803,3.29
"red",5,9.5,2.9,0.99803,3.29
"red",5,9.4,2.5,0.99785,3.39
"red",5,9.5,2.9,0.99803,3.29
"red",6,9.1,1.7,0.99656,3.09
"red",6,10.7,1.9,0.99525,3.51
"red",6,11.2,2,0.99488,3.6
"red",5,9.8,2.2,0.99656,3.25
"red",5,9.8,2.2,0.99656,3.25
"red",5,9.2,2.5,0.99823,3.19
"red",5,9.7,2.8,0.99779,3.23
"red",5,9.6,2,0.99738,3.25
"red",6,10,1.7,0.99701,3.31
"red",5,9.6,2,0.99738,3.25
"red",6,9.5,2.8,0.99888,3.31
"red",6,9.5,3,0.99888,3.31
"red",5,9.4,2.9,0.99738,3.14
"red",5,9.5,2.7,0.99938,3.45
"red",6,9.7,2.3,0.99744,3.55
"red",5,9.6,1.9,0.99668,3.39
"red",6,9.7,2.3,0.99744,3.55
"red",5,9.4,2.4,0.9978,3.28
"red",5,9.4,2.3,0.99782,3.27
"red",6,9.5,1.8,0.9973,3.3
"red",6,9.5,1.8,0.99727,3.31
"red",5,10,3,0.99586,3.43
"red",6,10.3,2.4,0.99612,3.4
"red",6,10.3,2.4,0.9961,3.4
"red",5,10.5,3.4,0.99788,3.36
"red",5,9.8,2.6,0.99745,3.5
"red",6,9.4,2,0.99676,3.31
"red",5,9.8,2.4,0.99732,3.66
"red",5,10,2.4,0.99814,3.36
"red",5,9.8,2.4,0.99732,3.66
"red",5,9.8,2.5,0.99746,3.55
"red",5,9.5,2.3,0.9982,3.21
"red",5,9.5,2.3,0.9982,3.21
"red",6,10.1,2.2,0.9991,3.18
"red",6,10.1,2.2,0.9991,3.18
"red",5,9.3,2.9,0.998,3.09
"red",6,9.7,2.6,0.99708,3.33
"red",5,9.6,2.9,0.99818,3.23
"red",6,9.7,2.5,0.99745,3.48
"red",5,10.8,2.6,0.99639,3.38
"red",6,12.5,2.3,0.99531,3.17
"red",5,10.2,2.6,0.99786,2.99
"red",5,9.6,2.5,0.99746,3.1
"red",7,10.8,1.6,0.99526,3.24
"red",6,10.7,3.6,0.9987,3.29
"red",6,10.7,3.6,0.9987,3.29
"red",5,9.4,4,0.99641,3.25
"red",5,10,3.3,0.99735,3.23
"red",7,12.9,1.7,0.99264,3.56
"red",6,9.6,2.5,0.9971,3.24
"red",6,9.9,2.7,0.99682,3.26
"red",7,12.8,2.4,0.99356,3.33
"red",7,12.5,2,0.99386,3.27
"red",7,12.8,2.4,0.99356,3.33
"red",5,9.2,1.9,0.99702,3.26
"red",6,10.3,2.8,0.99693,3.22
"red",5,10.5,2.6,0.99562,3.3
"red",6,10.9,2.8,1.00012,3.09
"red",5,10.8,2.5,0.99818,3.24
"red",4,11.4,2.1,0.99462,3.44
"red",6,11.3,2.8,0.99939,3.21
"red",5,10.8,2.5,0.99818,3.24
"red",6,10.5,3.2,0.9984,3.23
"red",6,11.9,1.6,0.99545,3.28
"red",5,9.4,2.35,0.99632,3.29
"red",5,9.6,3.2,0.99976,3.28
"red",5,9.7,1.9,0.99606,3.34
"red",7,14,2.1,0.99154,3.71
"red",5,9.8,2,0.9973,3.61
"red",5,9.8,2,0.9973,3.61
"red",5,10.3,2.8,0.99682,3.24
"red",5,10.7,2.8,0.99624,3.36
"red",7,11,2.3,0.9951,3.4
"red",5,10.7,2.8,0.99624,3.36
"red",8,12.7,2.3,0.99417,3.46
"red",6,11.1,2.1,0.99376,3.56
"red",4,10.9,2.5,0.99632,3.38
"red",6,11.1,2.1,0.99376,3.56
"red",3,9.9,1.5,0.99832,3.38
"red",4,9.9,1.6,0.99836,3.38
"red",5,9.4,1.6,0.99694,3.32
"red",5,9.3,1.5,0.99655,3.39
"red",7,11.7,2.4,0.99064,3.26
"red",7,11.7,2.4,0.99064,3.26
"red",7,11.2,1.6,0.99672,3.24
"red",5,10,2.2,0.99647,3.46
"red",7,12.1,2.65,0.99736,3.24
"red",5,10.3,3,0.99629,3.45
"red",6,10.9,2.6,0.99708,3.23
"red",5,9.4,2,0.9963,3.28
"red",6,10.6,1.7,0.9959,3.18
"red",5,9.8,1.8,0.99689,3.59
"red",5,9.8,1.8,0.99689,3.59
"red",6,9.9,1.8,0.9977,3.5
"red",5,9.8,1.8,0.99689,3.59
"red",5,9.8,1.6,0.99689,3.58
"red",5,9.5,1.9,0.99708,3.28
"red",5,9.5,1.9,0.99708,3.28
"red",5,9.7,2.5,0.99801,3.22
"red",6,10.9,1.5,0.99652,3.47
"red",6,10.9,1.5,0.99652,3.47
"red",7,11.7,2.5,0.99538,3.51
"red",6,10.9,1.5,0.99652,3.47
"red",7,11.3,2.5,0.99594,3.4
"red",7,10.6,1.7,0.99686,3.15
"red",6,11.2,1.8,0.99438,3.4
"red",5,9.5,2.7,0.99746,3.51
"red",6,11.5,2,0.99357,3.66
"red",5,10.4,2.7,0.99628,3.24
"red",5,9.7,2.5,0.99746,3.51
"red",5,9.5,2.7,0.99746,3.51
"red",5,9.7,2.6,0.99748,3.51
"red",6,11.3,2.3,0.99438,3.41
"red",6,11.2,2,0.99438,3.4
"red",6,11.2,1.8,0.99438,3.4
"red",6,10.9,2,0.99578,3.44
"red",6,11.8,2.1,0.99371,3.41
"red",5,10.6,1.5,0.99522,3.53
"red",4,10,2,0.99576,3.43
"red",7,11.1,1.6,0.99552,3.23
"red",7,11.8,2.1,0.99664,3.12
"red",7,11.8,2.8,0.99614,3.31
"red",4,10.9,2.2,0.99517,3.4
"red",6,11.8,2.1,0.99371,3.41
"red",6,10,4,0.99787,3.22
"red",5,9.5,2.5,0.99745,3.53
"red",5,9.9,1.6,0.99576,3.15
"red",6,11.4,2.1,0.99533,3.48
"red",6,12,3.1,0.99536,3.22
"red",5,9.5,2.5,0.99745,3.53
"red",6,10,4,0.99787,3.22
"red",5,10.5,2.5,0.99824,3.34
"red",6,10.4,2.4,0.99836,3.33
"red",7,12.1,2.6,0.99577,3.15
"red",6,11.2,2.5,0.99491,3.43
"red",5,9.3,6.6,1.00289,3.22
"red",5,10.1,2,0.99576,3.44
"red",5,9.7,2.3,0.99743,3.53
"red",6,9.3,1.9,0.99774,3.22
"red",5,9.7,2.3,0.99743,3.53
"red",6,9.8,2.2,0.99745,3.53
"red",6,10.7,2.3,0.9955,3.42
"red",7,12.5,2.4,0.99444,3.31
"red",6,10.7,2.3,0.9955,3.42
"red",7,12.5,2.4,0.99444,3.31
"red",3,11,3.4,0.99892,3.48
"red",5,11.8,2.6,0.99562,3.4
"red",7,10.8,2.4,0.99736,3.58
"red",7,10.8,2.4,0.99736,3.58
"red",7,10.8,6,0.9962,3.41
"red",7,10.8,6,0.9962,3.41
"red",5,9.5,3,0.998,3.23
"red",5,11,2.6,0.9964,3.39
"red",6,11.5,2.2,0.9948,3.59
"red",6,10.8,2.4,0.99528,3.43
"red",6,11.5,1.2,0.99331,3.29
"red",6,13.2,3.8,0.99577,3.23
"red",6,10.9,9,0.99901,3.18
"red",6,12.2,2.9,0.99674,3.33
"red",7,12.2,4.6,0.99639,3.27
"red",6,11.5,1.2,0.99331,3.29
"red",6,11.9,2.2,0.99512,3.27
"red",5,11,1.5,0.99395,3.62
"red",6,10.1,8.8,0.99824,3.38
"red",6,11,2.2,0.9964,3.3
"red",6,11.8,1.8,0.99504,3.38
"red",5,10.5,2.3,0.99786,3.24
"red",6,11,2.2,0.9964,3.3
"red",6,11.8,1.8,0.99504,3.38
"red",6,10.1,8.8,0.99824,3.38
"red",5,11.2,2.3,0.99516,3.18
"red",7,11,1.9,0.99604,3.47
"red",6,10.2,2.3,0.99786,3.47
"red",4,9.2,2.2,0.99736,3.2
"red",5,11.2,2.3,0.99516,3.18
"red",7,12,3.3,0.99468,3.3
"red",5,10.5,1.9,0.99746,3.69
"red",5,9.8,2,0.99748,3.48
"red",6,9.5,1.9,0.9971,3.45
"red",5,9.8,2,0.99748,3.48
"red",5,10.5,1.9,0.99746,3.69
"red",6,11.8,2.3,0.99543,3.39
"red",6,11.8,2.3,0.99543,3.39
"red",4,10.4,1.4,0.99791,3.07
"red",7,12.9,2.8,0.99356,3.34
"red",5,11.4,1.6,0.99425,3.61
"red",7,12.4,2.2,0.99509,3.36
"red",7,12.5,5,0.99484,3.19
"red",7,10,2.6,0.99834,3.22
"red",7,9.7,2.3,0.99864,3.24
"red",7,12.1,3.8,0.99498,3.27
"red",7,11.1,2,0.99566,3.14
"red",7,12,4.1,0.99745,3.29
"red",7,12.4,2.1,0.99408,3.26
"red",7,11.9,1.8,0.99552,3.41
"red",7,11.9,1.8,0.99552,3.41
"red",7,11.9,1.8,0.99552,3.41
"red",7,12.4,2.1,0.99408,3.26
"red",7,11.2,2.2,0.99536,3.31
"red",7,12.1,2.1,0.99458,3.2
"red",6,12.2,2.7,0.99538,3.44
"red",5,10.4,1.9,0.99648,3.36
"red",6,11.3,2.1,0.99568,3.31
"red",6,11.1,2,0.99613,3.29
"red",7,11.3,2.3,0.99519,3.47
"red",5,10,2,0.99735,3.36
"red",6,11.1,1.9,0.99518,3.16
"red",5,9.3,1.6,0.99592,3.27
"red",5,9.5,2.1,0.99654,3.38
"red",6,11.2,2,0.99546,3.15
"red",6,11.1,1.9,0.99518,3.16
"red",6,11,2.4,0.99554,3.34
"red",7,11.9,2.4,0.99604,3.13
"red",5,9.2,2.1,0.99733,3.13
"red",6,12.2,2.4,0.9943,3.2
"red",5,10.2,2.9,0.99669,3.46
"red",6,10.9,1.9,0.99724,3.33
"red",6,10.9,1.9,0.99724,3.33
"red",7,11.6,2.4,0.99643,3.22
"red",5,10.7,1.7,0.99605,3.52
"red",7,12.1,5.9,0.99658,3.3
"red",5,9.4,2.1,0.997,3.44
"red",5,9.4,2.1,0.997,3.44
"red",5,9.1,2.6,0.99801,3.15
"red",7,11.3,3.6,0.99416,3.28
"red",5,10.4,1.4,0.9969,3.13
"red",6,10.5,1.9,0.99774,3.32
"red",5,10,1.9,0.99712,3.25
"red",6,12.9,2.1,0.99418,3.34
"red",6,10.5,1.9,0.99774,3.32
"red",5,10.4,1.4,0.9969,3.13
"red",6,11.3,2,0.99562,3.45
"red",7,11.4,1.4,0.9947,3.19
"red",5,9.4,1.6,0.99693,3.44
"red",5,9.4,1.7,0.99596,3.16
"red",6,10.9,1.5,0.99556,3.14
"red",5,9.4,1.7,0.99596,3.16
"red",5,9.4,2,0.99694,3.45
"red",NA,9.4,2,0.99554,3.36
"red",5,9.4,2,0.99694,3.45
"red",5,9.4,2.5,0.99918,3.15
"red",6,10.1,2,0.99697,3.39
"red",7,12.8,2.2,0.99378,3.71
"red",7,12.8,2.2,0.99378,3.71
"red",6,9.1,1.4,0.99554,3.12
"red",6,12.9,1.65,0.99162,3.47
"red",7,11.5,2.2,0.99495,3.44
"red",7,10.6,1.5,0.99676,3.26
"red",7,11.7,2.05,0.99516,3.26
"red",7,12.8,1.8,0.9928,3.36
"red",5,10.3,1.6,0.99603,3.25
"red",7,12.8,1.8,0.9928,3.36
"red",7,11.7,2.05,0.99516,3.26
"red",7,11.7,2,0.99516,3.26
"red",7,12,3.6,0.99549,3.23
"red",5,10.9,2.8,0.99722,3.18
"red",7,12.3,1.7,0.99354,3.25
"red",6,10.4,2,0.9957,3.17
"red",5,10,2.1,0.99604,3.23
"red",6,10,1.6,0.99635,3.38
"red",6,11.2,2,0.99454,3.22
"red",6,11.4,2.2,0.99598,3.06
"red",7,12.6,2.2,0.99486,3.27
"red",6,12.7,0.9,0.99007,2.89
"red",6,12.7,0.9,0.99007,2.89
"red",5,10.4,1.8,0.99636,3.53
"red",6,11.9,2.4,0.99642,3.2
"red",6,11.9,2.4,0.99642,3.2
"red",5,10.5,2.1,0.99584,3.35
"red",6,12.3,2.3,0.99506,3.27
"red",7,10.5,1.8,0.99568,3.32
"red",6,10.4,2.8,0.99822,3.33
"red",6,12.6,1.9,0.99364,3.41
"red",5,11.6,2.2,0.99378,3.49
"red",6,10.1,2.5,0.99586,3.37
"red",7,10.5,1.8,0.99568,3.32
"red",7,11.5,2.1,0.99488,3.42
"red",7,11,1.8,0.99514,3.35
"red",5,9.6,4.1,0.99854,3.36
"red",6,10.4,2.6,0.99592,3.3
"red",6,9.7,2.5,0.99739,3.2
"red",7,10.6,2.4,0.99683,3.17
"red",7,12.5,2.5,0.99356,3.22
"red",5,9.2,1.8,0.99672,3.35
"red",7,12.6,6.2,0.9953,3.24
"red",6,11.1,2.2,0.99692,3.33
"red",5,10.2,2.2,0.99756,3.58
"red",6,9.8,1.7,0.99547,3.38
"red",6,11.1,2.2,0.99692,3.33
"red",7,10.9,8.9,0.99859,3.29
"red",6,12.2,3.3,0.99294,3.36
"red",6,11.4,1.4,0.99438,3.32
"red",6,10.7,1.7,0.99612,3.31
"red",5,10.4,1.8,0.99634,3.49
"red",6,10.9,1.7,0.99702,3.27
"red",6,10.8,1.8,0.99704,3.27
"red",5,10.4,1.8,0.99634,3.49
"red",5,9.2,1.4,0.99702,3.03
"red",5,12.9,2.4,0.99258,3.56
"red",7,12.7,2.3,0.99426,3.38
"red",6,9.1,2,0.99747,3.13
"red",6,9.1,2,0.99747,3.13
"red",7,12.1,4,0.99586,3.21
"red",5,9.1,3.9,0.99784,3.15
"red",7,11.6,2.4,0.9971,3.19
"red",7,12.1,4,0.99586,3.21
"red",6,9.9,1.8,0.9981,3.14
"red",8,12.5,1.8,0.99462,3.21
"red",6,11.4,1.9,0.9956,3.3
"red",6,11.8,2.4,0.99565,3.22
"red",6,11.8,2,0.99418,3.28
"red",6,10.2,2.4,0.9963,3.29
"red",7,12.5,2.4,0.99358,3.4
"red",7,10.9,2.2,0.99572,3.02
"red",7,10.9,2.2,0.99572,3.02
"red",5,10.8,2.8,0.997,3.31
"red",7,11.1,1.5,0.99498,3.18
"red",5,9.2,8.1,0.99892,3.2
"red",6,9.5,1.8,0.9968,3.4
"red",6,10.7,2.7,0.9972,3.31
"red",5,9.2,8.1,0.99892,3.2
"red",7,10.2,2,0.99769,3.44
"red",6,11.4,2,0.99534,3.15
"red",5,11,6.4,0.99817,3.27
"red",5,11,6.4,0.99817,3.27
"red",7,12.3,8.3,0.99316,3.01
"red",6,11.8,1.4,0.99471,3.16
"red",7,12.3,8.3,0.99316,3.01
"red",6,9.5,1.8,0.99685,3.42
"red",6,12,2.4,0.99617,3.33
"red",6,9.5,1.8,0.99685,3.42
"red",5,9.6,1.8,0.99529,3.12
"red",7,11.6,4.7,0.99738,3.38
"red",6,11.2,1.6,0.994,3.29
"red",7,9.9,1.5,0.99735,3.02
"red",7,9.9,1.5,0.99735,3.02
"red",8,11.8,1.9,0.99451,2.98
"red",6,11.4,2,0.99546,3.35
"red",6,11.5,2,0.99479,3.43
"red",7,12,2.2,0.99615,3.33
"red",6,10.8,5.5,0.99655,3.35
"red",5,10.5,2.5,0.99772,3.15
"red",6,10.8,5.5,0.99655,3.35
"red",5,9.4,1.5,0.99666,3.2
"red",7,12.5,2.1,0.99358,3.15
"red",5,9.4,1.5,0.99666,3.2
"red",6,12.4,2.1,0.99392,3.11
"red",6,12,2.1,0.99388,3.35
"red",6,11.2,1.7,0.99402,3.45
"red",6,12,2.1,0.99388,3.35
"red",6,12.4,2.2,0.9936,3.28
"red",5,12.8,2.1,0.99374,3.41
"red",6,12.3,1.9,0.99376,3.21
"red",7,11.7,2,0.99523,3.27
"red",5,9.5,3.3,0.99855,3.36
"red",6,10.8,2.1,0.9982,3.17
"red",6,10,1.4,0.99593,3.25
"red",7,12.3,2,0.99471,3.78
"red",6,11,1.5,0.99396,3.29
"red",6,9.5,1.6,0.99698,3.12
"red",6,13.6,4.3,0.9902,3.49
"red",6,11.3,2.5,0.99572,3.38
"red",6,11.3,2.5,0.99572,3.38
"red",6,11.3,2.5,0.99572,3.38
"red",6,13.3,2.1,0.99252,3.3
"red",5,12.9,2.5,0.99256,3.52
"red",8,13.1,2.5,0.99235,3.2
"red",6,12.3,1.8,0.99352,3.44
"red",6,12.3,1.4,0.9922,3.45
"red",6,11.2,1.9,0.99674,3.12
"red",4,11.5,2.2,0.99557,3.62
"red",7,11.3,1.7,0.99394,3.14
"red",6,13.5,1.7,0.9915,3.39
"red",6,11.5,2.9,0.99379,3.51
"red",5,10,2.7,0.9984,3.22
"red",6,10.5,3.3,0.99798,3.21
"red",6,10.4,1.9,0.9977,3.18
"red",5,9.5,1.7,0.99341,3.32
"red",7,13.6,1.8,0.9933,3.38
"red",7,11.2,5.5,0.99684,3.37
"red",7,11.8,1.7,0.99524,3.3
"red",6,11.9,1.7,0.9946,3.38
"red",6,11.4,2,0.99774,3.22
"red",6,11.4,2,0.99774,3.22
"red",5,9.1,3.7,0.99786,3.14
"red",6,9.5,2,0.99764,3.34
"red",6,9.5,1.7,0.9969,3.41
"red",6,11,2.5,0.99624,3.27
"red",6,11.4,2.4,0.99354,3.3
"red",6,10,1.8,0.99672,3.61
"red",5,10.1,2.3,0.99588,3.43
"red",6,10.4,2.5,0.99672,3.53
"red",6,9.8,1.8,0.996,3.28
"red",7,11.8,6.2,0.99702,3.21
"red",6,11.6,2,0.99526,3.39
"red",6,12,2,0.99585,3.23
"red",7,12.8,2.8,0.99473,3.3
"red",6,12.5,2.5,0.99352,3.46
"red",5,9.8,2.2,0.99616,3.15
"red",6,11.1,2.1,0.99622,3.23
"red",6,11.4,2.2,0.99544,3.59
"red",5,9.8,2.2,0.99616,3.15
"red",7,11.8,1.75,0.99524,3.33
"red",7,12.9,2.1,0.9924,3.46
"red",6,10.6,2.8,0.99572,3.42
"red",5,10.8,2.2,0.99728,3.16
"red",7,11.1,2.3,0.99676,3.14
"red",6,10.2,1.4,0.99551,3.21
"red",7,11.8,2.3,0.99434,3.14
"red",5,10,1.7,0.99692,3.29
"red",5,10,1.7,0.99692,3.29
"red",5,9.4,1.9,0.99634,3.01
"red",5,10.2,2,0.99709,2.94
"red",7,12.4,2.5,0.99528,3.32
"red",6,12,2.8,0.99384,3.21
"red",6,11.5,2.3,0.99502,3.32
"red",6,10.5,1.6,0.99667,3.2
"red",6,10.8,2.2,0.99522,3.42
"red",6,12.3,2.1,0.99649,3.27
"red",6,9.5,1.7,0.99716,3.46
"red",6,9.5,1.7,0.99716,3.46
"red",6,11.5,2.2,0.99541,3.61
"red",4,11.2,5.6,0.99572,3.58
"red",7,12.7,2.4,0.99318,3.35
"red",5,11.4,2.1,0.99346,3.68
"red",6,11,2.4,0.99599,3.27
"red",6,11,2.4,0.99599,3.27
"red",5,11.4,1.65,0.99478,3.19
"red",6,10.5,2.5,0.99754,3.38
"red",5,9.3,1.6,0.99572,3.29
"red",5,10.9,2.1,0.99538,3.36
"red",6,11.9,2,0.99346,3.33
"red",5,12.2,7.8,0.9963,3.52
"red",6,11.9,2,0.99346,3.33
"red",5,10.9,2.1,0.99538,3.36
"red",4,9.6,1.8,0.99616,3.3
"red",6,12.5,4.6,0.99652,3.28
"red",5,10.8,2.3,0.99551,3.56
"red",7,12.4,2.5,0.99439,3.52
"red",5,10.8,2.3,0.99551,3.56
"red",6,9.5,1.8,0.99588,3.22
"red",6,9.5,1.8,0.99633,3.52
"red",6,9.5,2.3,0.99686,3.21
"red",6,9.8,1.5,0.99458,3.16
"red",6,10.9,2,0.9951,3.15
"red",6,9.5,2.3,0.99686,3.21
"red",6,9.8,1.5,0.99458,3.16
"red",7,11.2,1.9,0.99419,3.27
"red",8,11.7,1.8,0.99516,3.35
"red",5,9.4,5.8,0.99878,3.14
"red",7,11,2.1,0.99534,3.4
"red",7,11,2.1,0.99534,3.4
"red",7,11,2.1,0.99534,3.4
"red",5,10,1.7,0.99752,3.35
"red",7,11,2.1,0.99534,3.4
"red",7,11.2,2,0.99428,3.45
"red",6,10.4,2.1,0.99498,3.35
"red",5,9.3,2.1,0.9957,3.32
"red",6,10.4,2.1,0.99498,3.35
"red",6,10.5,1.9,0.99659,3.15
"red",6,10.4,1.9,0.99628,3.1
"red",6,11.3,2.1,0.99488,3.26
"red",6,9.5,2,0.99677,3.29
"red",6,12,1.9,0.99408,3.23
"red",6,10.6,1.9,0.996,3.24
"red",6,10.9,1.3,0.99478,3.2
"red",6,11.5,1.8,0.99734,3.28
"red",6,11.5,1.8,0.99734,3.28
"red",6,9.6,2.2,0.99678,3.26
"red",6,12,2.2,0.99638,3.23
"red",6,10.3,2.5,0.9992,3.07
"red",5,9.4,2.6,0.99922,3.15
"red",5,9.2,4.1,0.99592,3.02
"red",5,9.6,2,0.99769,3.27
"red",7,13.6,1.8,0.99157,3.68
"red",5,9.5,2.1,0.99718,3.4
"red",6,11.8,2.7,0.9947,3.37
"red",5,10.8,2.6,0.99621,3.38
"red",5,9.5,2.1,0.99718,3.4
"red",4,9.3,2.2,0.99614,3.23
"red",6,12.8,2.2,0.99242,3.39
"red",4,11.5,12.9,0.99572,3.3
"red",6,9.4,1.7,0.99659,3.26
"red",6,12.8,2.2,0.99242,3.39
"red",4,9.6,2.5,0.99798,3.38
"red",4,11.8,4.3,0.99488,3.45
"red",5,9.3,1.7,0.99494,3.1
"red",5,9.8,2.5,0.99729,3.16
"red",6,12.2,2,0.99414,3.22
"red",5,9.5,2.4,0.9983,3.37
"red",6,10.3,13.4,0.99721,3.33
"red",5,10.5,1.8,0.99655,3.49
"red",5,10,1.7,0.99502,3.12
"red",5,10.5,1.8,0.99655,3.49
"red",6,11.1,2.2,0.9949,3.41
"red",6,10.9,2.3,0.99514,3.4
"red",6,10.9,2.3,0.99514,3.4
"red",5,9.8,2.2,0.9963,3.28
"red",5,9.8,1.8,0.99627,3.45
"red",5,9.5,1.4,0.99569,3.43
"red",5,10.9,1.9,0.99628,3.4
"red",5,11,2.4,0.99358,3.47
"red",5,9.2,1.8,0.99499,3.1
"red",6,11,4.8,0.99633,3.32
"red",6,11.3,2.7,0.99538,3.44
"red",6,11.3,2.7,0.99538,3.44
"red",5,9.3,1.8,0.99632,3.02
"red",4,11.2,2,0.99437,3.59
"red",5,9.8,2.5,0.99726,3.15
"red",4,9.6,2.2,0.9978,3.37
"red",6,11.8,1.8,0.99456,3.38
"red",6,10.3,2.3,0.99564,3.38
"red",6,10.3,2.3,0.99564,3.38
"red",6,11.4,2.3,0.996,3.1
"red",6,9.5,2,0.99668,3.47
"red",8,14,1.8,0.9908,3.5
"red",6,14,1.6,0.99084,3.7
"red",6,11.7,1.6,0.9935,3.38
"red",5,11.2,1.9,0.99385,3.5
"red",5,9.3,2,0.99494,3.1
"red",6,11.2,2.1,0.9944,3.24
"red",6,9.5,2.3,0.99688,3.24
"red",4,12,6.3,0.99566,3.28
"red",6,9.7,1.9,0.99636,3.35
"red",6,9.5,2.3,0.99688,3.24
"red",7,11.5,1.7,0.9948,3.14
"red",6,10.4,1.9,0.9956,3.37
"red",6,10.4,1.9,0.9956,3.37
"red",6,10.9,2,0.99619,3.33
"red",6,10.2,2.7,0.99734,3.26
"red",5,10.9,2.3,0.99476,3.39
"red",5,10.5,1.8,0.99734,3.15
"red",6,12.4,2.5,0.99328,3.35
"red",5,13,2.6,0.99286,3.22
"red",5,10.2,4.5,0.99914,3.3
"red",5,10.2,4.5,0.99914,3.3
"red",5,11,1.9,0.99521,3.36
"red",6,10.9,2.1,0.99638,3.29
"red",6,12.4,2.4,0.99362,3.62
"red",4,9.7,1.9,0.99672,3.34
"red",6,10.9,2.1,0.99638,3.29
"red",5,9.5,4.3,0.99558,3.2
"red",5,9.5,4.3,0.99558,3.2
"red",6,12.1,2.1,0.99323,3.35
"red",6,12.2,1.4,0.99191,3.45
"red",3,10.9,2.1,0.99476,3.5
"red",6,12.5,2.15,0.99444,3.78
"red",6,11.7,2,0.99598,3.6
"red",6,11.2,2.1,0.99576,3.3
"red",5,11.2,1.8,0.99501,3.36
"red",5,9.2,2.3,0.9955,3.12
"red",5,9.8,1.9,0.99612,3.3
"red",5,10.1,2.5,0.9979,3.29
"red",4,11.1,3.9,0.99524,3.41
"red",5,10.1,2.5,0.9979,3.29
"red",5,9.2,1.4,0.996,3.28
"red",5,9.8,1.9,0.99612,3.3
"red",6,12.8,3,0.9929,3.33
"red",5,10.5,1.9,0.99532,3.34
"red",6,10.1,2.3,0.99558,3.4
"red",6,10.1,2.4,0.99556,3.4
"red",6,9.8,2,0.99616,3.26
"red",6,12.5,1.2,0.99258,4.01
"red",6,11.9,2.2,0.99638,3.18
"red",6,9.8,2,0.99616,3.26
"red",6,9.1,1.7,0.99652,2.9
"red",5,10.1,2.6,0.99796,3.26
"red",6,12.5,1.2,0.99258,4.01
"red",5,11.4,1.8,0.99392,3.18
"red",7,11,1.8,0.99495,3.18
"red",6,10.6,1.7,0.9948,3.39
"red",6,10.6,1.7,0.9948,3.39
"red",6,10.6,1.7,0.9948,3.39
"red",6,10.6,1.7,0.9948,3.39
"red",5,9.3,1.8,0.9955,3.34
"red",6,9.8,2.1,0.99616,3.29
"red",6,9.8,2.1,0.99616,3.29
"red",5,9.2,3.8,0.99668,3.26
"red",6,9.7,1.7,0.99581,3.09
"red",5,9.6,2.2,0.9976,3.18
"red",5,10,2,0.99608,3.39
"red",6,12.6,2.4,0.99387,3.38
"red",5,9.5,1.4,0.99448,3.36
"red",5,9.5,1.4,0.99448,3.36
"red",5,9.5,1.4,0.99448,3.36
"red",6,10.5,1.7,0.99538,3.36
"red",6,10.5,1.7,0.99538,3.36
"red",6,10.5,1.7,0.99538,3.36
"red",6,10.4,1.7,0.99589,3.37
"red",6,10.5,1.7,0.99538,3.36
"red",5,11,2.6,0.99852,3.09
"red",6,10.2,2.3,0.99613,3.25
"red",5,11.4,2.1,0.99472,3.52
"red",5,9.5,1.8,0.99587,3.34
"red",5,9.5,1.8,0.99587,3.34
"red",5,10.8,2.8,0.99518,3.41
"red",5,10,2,0.99654,3.34
"red",6,11.8,2.3,0.99332,3.32
"red",5,10.3,1.9,0.9969,3.37
"red",5,10.3,1.9,0.9969,3.37
"red",5,10,2.3,0.99568,3.35
"red",5,10.1,1.8,0.99464,3.36
"red",5,10.1,1.8,0.99464,3.36
"red",6,11.1,2.5,0.99648,3.6
"red",5,9.5,5.4,0.99736,3.28
"red",6,10.0333333333333,1.4,0.99704,3.07
"red",5,10.9,2.3,0.99699,3.24
"red",5,10.1,2.5,0.99724,3.36
"red",6,10.0333333333333,1.4,0.99704,3.07
"red",4,9.8,2,0.99652,3.29
"red",6,11.8,1.9,0.995,3.46
"red",5,9.5,2.2,0.9971,3.18
"red",5,9.8,1.7,0.99576,3.24
"red",6,10.5,2.2,0.99725,3.25
"red",6,9.8,2.1,0.99656,3.27
"red",4,10.4,1.6,0.99396,3.33
"red",5,9.2,1.7,0.99623,3
"red",6,11.6,3.1,0.99476,3.21
"red",5,9.2,1.7,0.99623,3
"red",5,9.3,3.8,0.99664,3.24
"red",3,9.8,1.2,0.99471,3.32
"red",5,9.9,2,0.99586,3.26
"red",5,10,1.4,0.9946,3.11
"red",6,12.2,2.3,0.9953,3.71
"red",6,9.9,2,0.99609,3.29
"red",6,10.8,2.6,0.99557,3.36
"red",6,10.8,2.6,0.99557,3.36
"red",5,9.6,1.8,0.99534,3.38
"red",5,9.9,2.1,0.99613,3.3
"red",5,9.9,2.1,0.99613,3.3
"red",5,9.5,1.8,0.99593,3.19
"red",5,9.2,3.4,0.99668,3.19
"red",5,9.6,1.8,0.9961,3.3
"red",5,9.6,1.8,0.9961,3.3
"red",5,10.3,6.1,0.99718,3.35
"red",5,9.7,2.2,0.99524,3.1
"red",6,12.5,2.3,0.99292,3.58
"red",5,11,2.4,0.99612,3.37
"red",5,9.8,1.3,0.9942,3.17
"red",5,10.2,2,0.99612,3.3
"red",5,9.2,3.9,0.99669,3.32
"red",6,9.55,1.6,0.99745,3.31
"red",5,9.55,1.6,0.99745,3.31
"red",5,9.9,2,0.99584,3.28
"red",7,10.2,2.2,0.9966,3.52
"red",6,11.1,2.2,0.9956,3.42
"red",5,9.9,2.1,0.9962,3.25
"red",5,9.9,2.1,0.9962,3.25
"red",6,11.9,2,0.9963,3.44
"red",8,10,1.7,0.996,3.23
"red",6,10.7,2.6,0.9985,3.43
"red",7,11.3,2,0.9952,3.28
"red",6,10.9,5.1,0.9974,3.22
"red",6,10.7,2.1,0.995,3.54
"red",7,12.4,2.2,0.995,3.27
"red",6,10.7,2.1,0.995,3.54
"red",6,11.9,1.8,0.9936,3.5
"red",6,10.6,2.4,0.9963,3.56
"red",6,10.9,5.1,0.9974,3.22
"red",5,10.1,2,0.9963,3.04
"red",5,9.6,2.2,0.9994,3.2
"red",5,25,1.6,0.9966,3.56
"red",5,9.6,2.2,0.9994,3.2
"red",7,12.1,2.5,0.9952,3.35
"red",5,9.8,1.6,0.995,3.16
"red",5,9.9,2.2,0.9956,3.27
"red",5,9.8,1.6,0.995,3.16
"red",5,9.4,1.6,0.9965,3.34
"red",6,11.4,2.1,0.9956,3.39
"red",4,11,3.9,0.9968,3.5
"red",6,9.6,1.4,0.9974,3.26
"red",6,9.6,1.4,0.9974,3.26
"red",6,12.1,1.8,0.9971,3.41
"red",5,11.2,2.5,0.9957,3.3
"red",5,11,1.9,0.9962,3.31
"red",5,11.3,2.2,0.996,3.33
"red",5,10.4,1.8,0.9956,3.37
"red",6,9.9,2.1,0.9958,3.26
"red",6,11.7,1.6,0.9944,3.48
"red",7,10.1,1.8,0.9955,3.42
"red",6,9,15.4,1.00369,3.18
"red",6,9,15.4,1.00369,3.18
"red",5,8.5,1.6,0.99914,3.15
"red",5,11.1,4.8,0.99577,3.53
"red",5,10.3,1.7,0.996,3.41
"red",6,11.0666666666667,2.2,0.99566,3.32
"red",7,11.3,2,0.9947,3.23
"red",6,9.56666666666667,5.2,0.99713,3.16
"red",5,9.8,1.9,0.99712,3.4
"red",5,11.7,1.75,0.99322,3.38
"red",6,11.1,2.2,0.99566,3.32
"red",6,9.6,5.2,0.99713,3.16
"red",NA,9.8,1.9,0.99712,3.4
"red",5,9.7,1.9,0.99701,3.4
"red",5,9.7,1.9,0.99683,3.4
"red",8,11.3,2,0.99472,3.23
"red",7,11.3,2,0.9947,3.23
"red",7,11,2.7,0.99732,3.33
"red",7,11.6,2,0.99374,3.35
"red",5,9,1.9,0.99706,3.41
"red",6,10.9,2.2,0.99974,3.21
"red",6,10.9,1.6,0.99467,3.5
"red",6,10.55,1.8,0.99236,3.3
"red",5,9,1.9,0.99706,3.41
"red",5,10.5,1.7,0.99603,3.39
"red",7,11.9,1.7,0.99458,3.32
"red",6,10.4,2.3,0.99724,3.41
"red",4,10,2.1,0.99664,3.59
"red",6,10.4,2.3,0.99545,3.36
"red",6,10.8,2.4,0.99522,3.34
"red",5,9.7,1.7,0.9958,3.41
"red",5,9.7,1.7,0.9958,3.41
"red",7,10,2.1,0.99728,3.3
"red",4,11,2.3,0.99648,3.52
"red",7,10,2.1,0.99728,3.3
"red",3,9.7,2.1,0.99705,3.31
"red",5,9.7,1.4,0.99578,2.88
"red",5,12.6,3.75,0.99334,3.43
"red",6,11.1,2.6,0.99656,3.38
"red",5,11,1.8,0.99336,3.38
"red",5,8.8,13.8,1.00242,3.16
"red",7,13.5666666666667,2.2,0.99182,3.54
"red",5,8.8,13.8,1.00242,3.16
"red",7,13.6,2.2,0.99182,3.54
"red",3,10.2,5.7,0.99808,3.4
"red",5,10.6,3,0.99828,3.39
"red",4,10.1,1.5,0.99498,3.66
"red",5,10.6,3,0.99828,3.39
"red",4,10.3,2.1,0.99719,3.33
"red",5,10.7,1.5,0.99542,3.35
"red",4,10.9,2,0.99592,3.53
"red",5,9.7,2.1,0.99606,3.37
"red",5,10.3,2.1,0.99546,3.38
"red",5,10.6,1.9,0.99496,3.52
"red",5,11.4,1.7,0.9942,3.72
"red",6,10.8,2.1,0.99448,3.44
"red",6,12.4,1.8,0.99344,3.39
"red",5,11.4,1.7,0.9942,3.72
"red",5,11.95,1.6,0.99348,3.57
"red",5,9.7,1.9,0.99636,3.26
"red",7,10,1.4,0.99459,3.42
"red",6,10.6,1.9,0.99492,3.35
"red",5,9.7,1.9,0.99636,3.26
"red",6,11.5,2.3,0.99508,3.45
"red",6,10.8,2.3,0.99582,3.53
"red",6,11.5,2.3,0.99508,3.45
"red",5,9.6,1.5,0.99508,3.26
"red",5,9.4,4.3,0.99642,3.16
"red",5,9.8,2.4,0.99638,3.31
"red",6,11,2.5,0.99555,3.51
"red",6,11.4,2.3,0.99605,3.36
"red",3,9.95,1.8,0.996,3.55
"red",6,10.8,2,0.99562,3.51
"red",6,11.4,2.3,0.99605,3.36
"red",6,10.6,2.1,0.99814,3.38
"red",5,11.1,1.8,0.9941,3.28
"red",6,9.7,2.2,0.99661,3.47
"red",5,9.8,2.1,0.99712,3.44
"red",6,10.4,2.2,0.99588,3.53
"red",6,10.5,1.8,0.99294,3.33
"red",6,9.23333333333333,4.1,0.99842,3.53
"red",6,9.25,4.1,0.99842,3.53
"red",5,10.6,2.3,0.99633,3.42
"red",6,10.3,2,0.99489,3.38
"red",5,10.5,2.2,0.99647,3.32
"red",5,10.2,2.6,0.99665,3.44
"red",6,10.3,2,0.99489,3.38
"red",4,9.05,1.9,0.99585,3.39
"red",5,10.6,2.3,0.99633,3.42
"red",5,10.4,2,0.9953,3.34
"red",6,10,2,0.99522,3.39
"red",5,9.7,2.1,0.99552,3.33
"red",6,9.6,2.2,0.99553,3.3
"red",6,10.8,1.7,0.9951,3.29
"red",6,10.1,2.2,0.99714,3.31
"red",6,10.2,2.1,0.99608,3.42
"red",6,11.3,2.2,0.99444,3.42
"red",5,10.2,2.8,0.99631,3.6
"red",6,9.9,2,0.99573,3.21
"red",5,9,1.9,0.99717,3.39
"red",7,11.7,2.4,0.99397,3.42
"red",6,9.7,2.2,0.9959,3.36
"red",6,10.3,1.9,0.99528,3.6
"red",6,10.2,1.9,0.99484,3.5
"red",5,12,2.5,0.99538,3.57
"red",5,9.9,1.8,0.99714,3.46
"red",6,11.6,4.4,0.99646,3.56
"red",7,10.9,2.2,0.99666,3.4
"red",6,10.75,1.9,0.99472,3.3
"red",6,10.4,2.2,0.99758,3.25
"red",7,11.2,2.3,0.9955,3.17
"red",6,10.1,1.8,0.99531,3.36
"red",5,10.2,2,0.99575,3.36
"red",5,12.1,1.6,0.99306,3.55
"red",5,10.4,2,0.99783,3.1
"red",8,11.4,1.8,0.99419,3.24
"red",5,9.5,2.3,0.99783,3.45
"red",5,9.4,2.3,0.99768,3.44
"red",6,11.3,3.7,0.99586,3.51
"red",5,9.4,2.2,0.99765,3.41
"red",6,11,2.4,0.99627,3.54
"red",7,10.55,1.7,0.99514,3.44
"red",5,9.9,2.2,0.99636,3.53
"red",6,11,2.4,0.99627,3.54
"red",5,9.5,6.7,0.99787,3.22
"red",5,9.9,2,0.99622,3.21
"red",5,9.9,2,0.99622,3.21
"red",5,9.9,2,0.99622,3.21
"red",5,10.1,2,0.99546,3.29
"red",5,10.1,2,0.99546,3.29
"red",5,10.1,2,0.99546,3.29
"red",6,10.9,1.9,0.99489,3.39
"red",6,11.2,2.1,0.99494,3.34
"red",5,10.1,2,0.99546,3.29
"red",5,9.2,1.6,0.99629,3.34
"red",6,11.5,1.9,0.99396,3.48
"red",6,12.4,2.2,0.9934,3.37
"red",6,11.1,2.2,0.99514,3.44
"red",5,9.5,2.2,0.99632,3.33
"red",6,12.5,2.4,0.99467,3.58
"red",6,10.5,13.9,0.99677,3.39
"red",6,11.8,2.2,0.99474,3.26
"red",6,10.8,1.6,0.99588,3.3
"red",6,11.9,5.1,0.99622,3.54
"red",6,11.3,1.8,0.9954,3.42
"red",5,11.3,1.7,0.99402,3.54
"red",6,11.9,2.4,0.9947,3.36
"red",5,11.3,1.7,0.99402,3.54
"red",5,11.9,2.6,0.99362,3.57
"red",5,9.8,2.1,0.99578,3.33
"red",7,11.6,2.4,0.99484,3.29
"red",6,11.5,2.6,0.99494,3.3
"red",6,11.4,2.4,0.99492,3.34
"red",6,10.9,1.8,0.99483,3.55
"red",6,12.8,2.5,0.99414,3.27
"red",5,9.2,7.8,0.9977,3.29
"red",6,11.6,1.8,0.99314,3.32
"red",6,11.6,1.7,0.99402,3.67
"red",6,11,2.3,0.99574,3.42
"red",6,9.5,1.9,0.99651,3.42
"red",5,10.5,2,0.9949,3.45
"red",6,11.2,2.2,0.99512,3.52
"red",6,11,2.3,0.99574,3.42
"red",5,10.2,2,0.99547,3.57
"red",6,11,3.6,0.99549,3.39
"white",6,8.8,20.7,1.001,3
"white",6,9.5,1.6,0.994,3.3
"white",6,10.1,6.9,0.9951,3.26
"white",6,9.9,8.5,0.9956,3.19
"white",6,9.9,8.5,0.9956,3.19
"white",6,10.1,6.9,0.9951,3.26
"white",6,9.6,7,0.9949,3.18
"white",6,8.8,20.7,1.001,3
"white",6,9.5,1.6,0.994,3.3
"white",6,11,1.5,0.9938,3.22
"white",5,12,1.45,0.9908,2.99
"white",5,9.7,4.2,0.9947,3.14
"white",5,10.8,1.2,0.992,3.18
"white",7,12.4,1.5,0.9912,3.54
"white",5,9.7,19.25,1.0002,2.98
"white",7,11.4,1.5,0.9914,3.25
"white",6,9.6,1.1,0.9928,3.24
"white",8,12.8,1.2,0.9892,3.33
"white",6,11.3,1.1,0.9917,3.12
"white",5,9.5,7.5,0.9955,3.22
"white",8,12.8,1.2,0.9892,3.33
"white",7,11,2.9,0.9912,3.17
"white",8,10.5,1.7,0.993,3.47
"white",5,9.3,1.5,0.9937,3.05
"white",6,10,1.3,0.9951,3.42
"white",6,10.4,9,0.9955,3.25
"white",6,10,1,0.993,3.45
"white",6,10.5,NA,0.9961,3.38
"white",6,11.6,1.1,0.9914,3.19
"white",7,12.3,2,0.9906,3.1
"white",6,10,10.4,0.9974,3.2
"white",6,10.2,1.1,0.9934,3.47
"white",6,10.8,2.05,0.992,3.19
"white",6,9,1.5,0.9939,3.42
"white",5,10.2,14.95,0.9962,3.37
"white",5,12.8,1.7,0.9905,3.19
"white",5,10,5.4,0.9934,3.24
"white",6,11.2,1.2,0.9906,3.13
"white",5,8.6,17.95,0.9999,3.21
"white",5,8.6,17.95,0.9999,3.21
"white",6,9.4,2.5,0.9937,3.11
"white",6,9.4,2.9,0.9937,3.1
"white",6,9.8,7.4,0.9954,3.13
"white",6,9.5,1.4,0.9934,3.22
"white",6,9.5,1.4,0.9934,3.24
"white",7,10,1.4,0.9931,3.16
"white",4,9.8,4.4,0.994,3.27
"white",5,9.8,4.4,0.9939,3.25
"white",6,9.8,7.4,0.9954,3.13
"white",5,9.8,5,0.995,3.36
"white",6,11.7,1.6,0.9917,3.35
"white",7,11,1.1,0.9914,3.34
"white",7,10.9,1.1,0.991,3.32
"white",6,10.9,1,0.9911,3.31
"white",6,9.1,0.9,0.993,3.05
"white",6,11,1.3,0.9908,3.13
"white",6,9.6,11.9,0.9962,3.09
"white",6,8.9,12.4,0.9972,3.3
"white",6,10.2,4.6,0.9931,3.11
"white",6,9.9,1.2,0.9926,3.36
"white",6,8.6,4.9,0.9951,3.03
"white",6,8.9,12.4,0.9972,3.3
"white",5,10.5,1.1,0.991,3.02
"white",6,10.2,4.6,0.9931,3.11
"white",6,10.3,1.4,0.9927,3.15
"white",5,9.1,1.2,0.9934,3.22
"white",7,12.6,6.4,0.9903,3.22
"white",5,9.8,1.2,0.992,3.14
"white",8,10.7,2.1,0.9926,3.33
"white",5,9.5,10.1,0.9962,3.13
"white",6,9,7.8,0.9956,3.1
"white",5,9.5,4.6,0.9958,3.32
"white",5,10,4.8,0.9964,3.69
"white",6,9.1,1,0.9941,2.95
"white",8,10.7,2.1,0.9926,3.33
"white",5,9.5,10.1,0.9962,3.13
"white",7,12.7,1.4,0.9898,3.26
"white",7,12,1.3,0.9912,3.31
"white",5,9.3,8.8,0.9961,2.94
"white",5,9,5.4,0.9949,3.27
"white",6,10.6,1.4,0.9929,3.39
"white",6,9.2,16,0.9985,3.21
"white",5,10,6.1,0.9946,3.17
"white",6,9.5,8.2,0.9966,3.33
"white",5,8.7,11.8,0.9974,3.11
"white",6,8.7,11.8,0.9975,3.12
"white",6,8.7,11,0.9974,3.09
"white",6,9.7,13.3,0.9972,3.22
"white",5,8.7,11.8,0.9974,3.11
"white",6,8.7,11.8,0.9975,3.12
"white",6,8.7,11,0.9974,3.09
"white",5,9,7.5,0.9957,3.12
"white",7,12.6,1.7,0.99,3.26
"white",7,12.6,1.8,0.9899,3.25
"white",7,11.5,1.7,0.9916,3.21
"white",6,9.2,12.4,0.9969,3.04
"white",6,8.8,15.9,0.9979,3.14
"white",7,11.4,1.2,0.9913,2.95
"white",4,10.1,10.5,0.9956,2.89
"white",6,8.8,15.9,0.9979,3.14
"white",5,9.1,13.5,0.9975,3
"white",5,9.4,9.6,0.9962,3.4
"white",5,9.4,12.1,0.997,3.34
"white",5,9,18.9,1,2.99
"white",5,9.1,13.5,0.9975,3
"white",6,9.2,14.4,0.9974,3.2
"white",5,9.4,9.6,0.9962,3.4
"white",6,9.1,16.5,0.999,3.16
"white",6,9.1,16.5,0.999,3.16
"white",5,10.3,1.3,0.9927,3.27
"white",6,8.8,8.5,0.9959,2.89
"white",5,8.9,18.75,1,3.04
"white",5,9.2,13.3,0.9982,3.01
"white",5,9.1,9.2,0.9968,3.22
"white",5,9.1,9.2,0.9968,3.22
"white",4,9.7,1.5,0.994,3.63
"white",6,11.3,3.3,0.9914,3.31
"white",6,11.8,1.7,0.9911,3.19
"white",5,9.2,13.3,0.9982,3.01
"white",5,9.2,13.3,0.9982,3.04
"white",5,10.2,5.7,0.9934,3.22
"white",5,8.8,12.2,0.9984,3.01
"white",5,9.7,6.85,0.9952,3.29
"white",6,9.1,5,0.9952,3.29
"white",6,9.8,1.6,0.9928,3.21
"white",6,11,1.1,0.9912,3.27
"white",5,10.5,7,0.994,3.14
"white",7,9.7,7.6,0.9958,3.45
"white",7,10.9,2.8,0.9924,3.3
"white",6,10.9,2.7,0.9924,3.31
"white",5,10.6,10.4,0.994,3.39
"white",7,9.7,7.6,0.9958,3.45
"white",5,9,13.1,0.9979,3.23
"white",5,9.2,15.8,0.9982,3.24
"white",5,8.9,8.1,0.9961,3.19
"white",5,9.6,15.7,0.9979,3.26
"white",6,10.7,1.2,0.992,3.12
"white",5,8.7,10.5,0.9975,3.16
"white",7,10.8,1.9,0.9917,3.15
"white",6,11.8,1.9,0.9923,3.23
"white",5,10.2,2.2,0.9927,3.3
"white",5,8.7,10.5,0.9975,3.16
"white",6,10.8,1.2,0.992,3.21
"white",6,9.7,4.3,0.9947,3.18
"white",6,11.2,2,0.9921,3.12
"white",6,10.9,1.1,0.9905,3
"white",6,10.1,1.4,0.9918,3.28
"white",4,9,5.2,0.9951,3.38
"white",7,12,4.6,0.9917,3.38
"white",6,9.4,4.1,0.994,2.99
"white",7,11.5,8,0.9934,3.12
"white",6,9.9,10.2,0.9968,3.14
"white",6,9.4,4.1,0.994,2.99
"white",5,10.4,1.2,0.9919,3.14
"white",6,9.7,7.5,0.9966,3.06
"white",6,8.9,14,0.9979,2.89
"white",6,8.9,14,0.9979,2.89
"white",NA,12.4,1.5,0.9898,3.29
"white",8,12.1,1.4,0.9894,3.36
"white",8,12.1,1.4,0.9894,3.36
"white",7,12.4,1.5,0.9898,3.29
"white",5,9.1,14.5,0.998,2.98
"white",5,10.6,4.8,0.9932,3.28
"white",6,8.9,14,0.9979,2.89
"white",5,9.5,13.1,0.997,3.15
"white",5,9.8,13,0.9972,3.16
"white",6,9.6,8.7,0.9974,3.14
"white",7,12.6,2.4,0.9896,3.08
"white",5,9.3,8.95,0.9968,3.08
"white",5,10,9.85,0.9958,2.87
"white",6,12.7,1.5,0.9906,3.12
"white",6,11,1.5,0.9917,3.13
"white",4,11.4,0.8,0.9902,3.03
"white",7,11.5,4.55,0.9918,3.35
"white",5,10.2,17.7,0.999,3.09
"white",6,11.4,7.5,0.9927,3.11
"white",4,12.6,5.1,0.991,3.03
"white",5,9.4,12.9,0.9972,3.28
"white",4,8.7,1.2,0.9931,3.11
"white",6,9.2,5.5,0.995,3.19
"white",6,9.3,5.5,0.9951,3.19
"white",5,9.2,1.2,0.9936,3.09
"white",5,8.7,22,1.001,2.93
"white",6,9.6,14,0.9979,3.18
"white",5,9.3,11.9,0.997,3.02
"white",5,9.3,11.9,0.9972,3.02
"white",6,9.9,9.4,0.9954,3.12
"white",5,11,4.2,0.9924,3.15
"white",8,12.7,3.8,0.9906,3.26
"white",4,8.9,8.5,0.9962,3.09
"white",6,8.9,8.5,0.9962,3.09
"white",5,8.7,22,1.001,2.93
"white",6,11.4,8,0.9928,3.02
"white",5,9.6,5.1,0.9942,3.36
"white",5,9.1,3.6,0.9942,3.02
"white",6,9.1,3.5,0.9942,3.02
"white",5,9.1,3.6,0.9942,3.01
"white",5,8.9,7.8,0.9961,3.13
"white",5,8.8,13.1,0.998,3.1
"white",5,8.9,7.8,0.9961,3.13
"white",5,9.3,16.1,0.9984,3.15
"white",5,8.8,13.1,0.998,3.1
"white",5,9.6,13.2,0.9973,3.2
"white",6,12,13.9,0.9949,3.33
"white",4,10.2,2.3,0.9924,3.28
"white",5,8.8,11.6,0.9972,3.15
"white",5,9.2,8.3,0.9958,3.21
"white",4,9.9,6.2,0.9968,2.99
"white",5,10.2,2.2,0.9938,3.32
"white",6,9.5,0.9,0.993,3.22
"white",5,10.5,9.7,0.994,3.31
"white",7,11.2,1.4,0.9918,3.32
"white",5,9.2,8.3,0.9958,3.21
"white",6,9.7,5.3,0.9944,3.44
"white",7,11.1,1.4,0.9912,3.3
"white",5,9.4,9.2,0.9961,3.31
"white",5,11,7,0.9939,3.03
"white",5,9.4,9.2,0.9961,3.31
"white",5,9.4,17.5,0.9989,3.31
"white",5,11,7,0.9938,3.04
"white",5,11,7,0.9939,3.03
"white",6,9.1,9.5,0.9971,3
"white",7,11.1,1.4,0.9912,3.3
"white",6,9.1,0.8,0.9936,3.42
"white",6,10.4,1.8,0.9929,3.39
"white",5,8.7,17.8,0.9998,3.32
"white",6,9.7,2.4,0.9938,3.5
"white",6,9.1,10.3,0.9969,3.17
"white",6,9.7,2.4,0.9938,3.5
"white",5,8.7,17.8,0.9998,3.32
"white",4,8.9,9.7,0.9972,3.37
"white",6,9.6,7.8,0.9976,3.34
"white",6,9.5,7.8,0.9976,3.31
"white",6,9,14.3,0.9979,3.09
"white",6,9,14.3,0.9979,3.09
"white",6,9,14.3,0.9979,3.09
"white",6,9,14.3,0.9979,3.09
"white",6,9.6,13.2,0.9972,3.27
"white",7,11.1,1.4,0.9918,3.34
"white",6,9.6,15.55,0.9982,3.48
"white",5,8.7,13.7,0.9985,3.2
"white",5,10.4,7.8,0.9944,3.13
"white",7,11.4,2.4,0.9903,3.15
"white",6,9.7,2.7,0.9934,3.3
"white",5,8.7,11.2,0.9975,3.14
"white",6,11.3,2,0.9923,3.37
"white",7,12.6,2.1,0.99,3.16
"white",7,10.9,1.4,0.9905,3.25
"white",7,10.9,1.4,0.9905,3.25
"white",5,10,10.4,0.996,3.38
"white",4,10,4.6,0.9964,3.72
"white",3,9.8,16.2,0.998,3.02
"white",5,8.7,11.2,0.9975,3.14
"white",3,11.7,3.5,0.9913,3.53
"white",6,9.3,1.5,0.9932,3.21
"white",8,9.6,1.1,0.9935,3.32
"white",7,11,5.7,0.9927,3.27
"white",7,11,5.7,0.9927,3.27
"white",6,11.8,NA,0.9912,3.32
"white",4,11.4,0.9,0.9904,3.28
"white",6,10.2,5.4,0.9939,3.32
"white",5,8.9,19.45,0.9996,2.93
"white",5,10.2,8.2,0.9944,3.17
"white",6,9.6,13.6,0.9977,3.08
"white",6,10.6,1.2,0.9912,3.1
"white",5,8.9,19.45,0.9996,2.93
"white",6,9.2,8.3,0.9965,3.25
"white",5,9.7,6.9,0.9944,3.34
"white",6,9.7,7.1,0.9945,3.34
"white",6,9.7,7,0.9944,3.34
"white",6,9.2,8.3,0.9965,3.25
"white",5,9.7,7,0.9944,3.33
"white",5,9.3,13.1,0.9972,3.29
"white",5,9,5.1,0.9949,3.24
"white",5,9.5,10.7,0.9966,3.05
"white",6,9.8,8.9,0.9954,3.14
"white",6,9.8,9.1,0.9954,3.14
"white",5,10.6,1.1,0.9915,2.89
"white",4,10.6,1.2,0.9919,3.05
"white",7,12.4,4.7,0.9916,3.26
"white",8,12.6,2.8,0.99,3.19
"white",8,12.3,5,0.9909,3.3
"white",4,10.5,5.1,0.9938,3.08
"white",5,9.3,15.6,0.9982,3.19
"white",5,8.8,15.4,0.9988,3.12
"white",5,8.8,7.2,0.9961,3.08
"white",6,9.7,15.7,0.9978,3.22
"white",7,9,14.2,0.9979,2.98
"white",7,9,14.2,0.9979,2.98
"white",7,9,14.2,0.9979,2.98
"white",7,9,14.2,0.9979,2.98
"white",6,10.5,5.8,0.9945,3.52
"white",5,9.1,19.8,1,2.96
"white",7,9.8,7.3,0.9957,3.44
"white",3,8.5,1.6,0.9968,3.23
"white",6,9.4,1.2,0.9934,3.37
"white",5,9.4,10.6,0.9976,3.09
"white",7,11.2,3.8,0.9932,3.19
"white",6,10,11.3,0.997,3.17
"white",6,10.3,2.1,0.9923,3.15
"white",6,10.8,1.6,0.9914,3.27
"white",6,10.5,0.9,0.992,3.13
"white",6,10.8,1.6,0.9914,3.27
"white",6,11.1,1.3,0.9914,3.32
"white",6,9.9,6.8,0.9949,3.2
"white",6,9.9,6.8,0.9949,3.2
"white",5,9.9,6.7,0.995,3.2
"white",6,9.9,6.7,0.995,3.2
"white",7,10.4,4.9,0.9927,3.2
"white",6,10.4,4.8,0.9928,3.21
"white",7,11.5,2.1,0.9917,3.4
"white",8,12.5,8.3,0.9918,3.53
"white",6,10,3.7,0.9954,3.36
"white",6,10,6.7,0.9941,3.29
"white",5,10,6.6,0.9941,3.29
"white",6,9.1,1.1,0.9934,3.09
"white",6,10.6,4.7,0.9927,3.21
"white",5,10.5,7.7,0.9938,3.19
"white",7,11.5,7.85,0.9933,3.52
"white",6,10.1,3.3,0.9934,3.54
"white",7,10.3,1.1,0.9927,3.61
"white",5,10.5,7.7,0.9938,3.19
"white",6,10.6,4.7,0.9927,3.21
"white",6,10.4,9.3,0.9946,3.16
"white",5,11.4,2,0.993,3.02
"white",5,10.5,5.8,0.9946,3.18
"white",6,10,15.15,0.9976,2.96
"white",6,10,6.3,0.9944,3.19
"white",6,9.6,15.4,0.9978,3.23
"white",5,10.4,1.3,0.992,3.17
"white",8,12.5,4.8,0.9912,3.36
"white",5,10.6,4.6,0.9927,3.2
"white",6,11.8,1.8,0.9906,3.28
"white",5,9.8,9.9,0.9954,3.11
"white",5,10.8,5.7,0.9923,3.25
"white",6,11.8,1.8,0.9906,3.28
"white",6,11.2,1.5,0.991,3.32
"white",6,9.3,12.3,0.9972,3.28
"white",5,10.4,1.3,0.9945,3.45
"white",7,10.2,1.5,0.9934,3.43
"white",7,9,7.8,0.9964,3.19
"white",6,10,1.5,0.9948,3.2
"white",6,9.1,9.7,0.9962,3.18
"white",5,10,3,0.9931,3.29
"white",6,10,3,0.993,3.29
"white",6,9.6,4.6,0.9942,3.28
"white",7,11.2,1.3,0.9906,3.36
"white",6,8.8,15.6,0.9995,3.2
"white",6,10,13.6,0.998,3.15
"white",5,10,11.2,0.997,3.15
"white",7,11.4,2.1,0.9914,3.27
"white",7,11.9,6.85,0.992,3.03
"white",6,9.6,2.5,0.9924,3.14
"white",7,11.9,6.85,0.992,3.03
"white",6,9.6,4.4,0.9937,3.25
"white",6,9,14.3,0.9978,2.89
"white",6,9,14.3,0.9978,2.89
"white",6,9.5,1.1,0.9927,3.15
"white",6,10.4,1.4,0.994,3
"white",6,10.6,4.7,0.9935,3.2
"white",6,10.2,14.9,0.9968,3.28
"white",5,8.9,1.2,0.9941,3.15
"white",6,9.7,5.3,0.9942,3.4
"white",6,9,14.3,0.9978,2.89
"white",7,11.4,2.3,0.9923,3.49
"white",7,12.3,3.5,0.9912,3.4
"white",6,10.8,1.5,0.9923,3.49
"white",6,9.4,1,0.9927,3.12
"white",6,10.6,2.3,0.9931,3.17
"white",5,11.6,12.5,0.9941,3.17
"white",6,9.4,1,0.9927,3.12
"white",6,10.6,2.3,0.9931,3.17
"white",5,10,0.8,0.9934,3.34
"white",6,9.2,2.4,0.9936,3.1
"white",7,12.5,1.6,0.9893,3.51
"white",7,12.5,1.6,0.9893,3.51
"white",7,10.4,1.5,0.9919,3.32
"white",7,10,1.4,0.9924,3.15
"white",6,10,2.6,0.9927,3.22
"white",7,10.4,1.5,0.9919,3.32
"white",7,10,1.4,0.9924,3.15
"white",6,9,12.5,0.9975,3.1
"white",6,9.2,9.6,0.9969,3.12
"white",6,9.2,2.4,0.9936,3.1
"white",7,11.3,3.2,0.991,3.38
"white",7,12.5,1.6,0.9893,3.51
"white",7,10.8,1.5,0.9906,3.48
"white",5,10.1,5.9,0.9941,3.12
"white",6,9.7,5.4,0.995,3.39
"white",7,9.3,14.9,0.9983,3.18
"white",7,9.3,14.9,0.9983,3.18
"white",5,10.6,1.1,0.9916,3.1
"white",6,10.2,9.8,0.9957,3.36
"white",6,12.2,2,0.99,3.08
"white",5,8.8,11.8,0.9976,3.19
"white",5,10,1.3,0.992,3.18
"white",5,11.4,1.8,0.9917,3.09
"white",6,11.4,1.5,0.9917,3.46
"white",5,9.4,18.2,0.9993,3.35
"white",6,11.7,2.9,0.9908,3.3
"white",6,11.4,1.5,0.9917,3.46
"white",5,8.8,11.8,0.9976,3.19
"white",5,9.2,1.4,0.9934,3.23
"white",5,8.7,18.2,1,3.07
"white",6,12.6,6.3,0.9918,3.24
"white",5,10,1.3,0.992,3.18
"white",7,12.8,4,0.9896,3.39
"white",5,9.4,1.2,0.9932,3.17
"white",6,10.3,1.2,0.992,3.26
"white",5,11.4,1.8,0.9917,3.09
"white",6,9,18.95,0.9999,2.97
"white",6,9.6,12.7,0.998,3.3
"white",5,10.5,1.2,0.9918,3.16
"white",5,10.5,1.2,0.9918,3.16
"white",6,9,18.95,0.9999,2.97
"white",6,9.6,12.7,0.998,3.3
"white",6,9.8,1.2,0.9927,3.19
"white",5,9,7.7,0.9959,3.1
"white",6,9.8,1.2,0.9927,3.19
"white",6,10.5,1.6,0.9929,3.31
"white",7,12.7,2.7,0.9898,3.16
"white",6,10.4,8.7,0.9954,3.25
"white",6,10.4,8.6,0.9954,3.25
"white",6,10.4,8.6,0.9954,3.25
"white",7,10.5,8.3,0.9954,3.34
"white",6,10.4,8.7,0.9954,3.25
"white",6,10.4,8.6,0.9954,3.25
"white",5,9.4,13.3,0.9974,3.09
"white",5,9.1,1.2,0.9936,3.06
"white",5,9.3,13.6,0.9978,3.1
"white",5,9.4,13.3,0.9974,3.09
"white",5,9.8,1.1,0.9927,3.21
"white",7,9.9,2.3,0.9934,3.18
"white",4,9.2,1.5,0.9938,3.07
"white",8,12.1,7.1,0.9922,3.35
"white",7,12.2,6.2,0.992,3.38
"white",5,9.8,2.5,0.9935,3.27
"white",8,12.4,1.4,0.9906,3.35
"white",7,9.9,2.3,0.9934,3.18
"white",5,9.2,1.2,0.9934,3.26
"white",7,11.6,1.6,0.9913,3.29
"white",6,10.4,6.6,0.9938,3.3
"white",8,12.9,2.2,0.9898,3.43
"white",6,9.3,12.2,0.9975,3.26
"white",6,11,20.8,0.9975,3.2
"white",3,11.5,11,0.9937,3.24
"white",5,12.4,2.6,0.9914,3.53
"white",6,9.8,14,0.9982,3.44
"white",6,9.8,14,0.9982,3.44
"white",7,10.5,1.6,0.9929,3.48
"white",5,9.1,9.9,0.9971,3.03
"white",5,10.1,1.2,0.9921,3.24
"white",7,10.6,2.7,0.9931,3.46
"white",7,10.5,1.6,0.9924,3.41
"white",7,10.5,1.6,0.9929,3.48
"white",6,9.8,14,0.9982,3.44
"white",7,12.9,1.5,0.9892,3.3
"white",5,9.5,8.6,0.9956,2.95
"white",6,9.8,1,0.9924,3.29
"white",5,8.5,9.1,0.9971,3.37
"white",5,9.5,8.6,0.9956,2.95
"white",5,9.3,15.2,0.9982,3.22
"white",5,9.5,12.4,0.9973,3.35
"white",6,9.4,2.2,0.9932,3.17
"white",5,8.7,11,0.9976,3.16
"white",5,8.9,10,0.9962,2.95
"white",6,9.4,9,0.9956,3.22
"white",6,9.4,2.2,0.9932,3.17
"white",5,8.7,11,0.9976,3.16
"white",5,9.6,18.15,0.9992,3.09
"white",6,9.3,12.15,0.9983,3
"white",5,10,3.4,0.9937,3.14
"white",6,12.5,2,0.99,3.25
"white",7,9.6,4.8,0.9944,3.36
"white",6,9.4,4.5,0.9938,3.24
"white",5,9.5,11,0.9965,3.03
"white",7,12.4,1.1,0.9893,2.99
"white",6,10.5,1.5,0.9927,3.11
"white",6,9.2,1.7,0.994,2.97
"white",6,10.4,1.7,0.9928,3.32
"white",5,9.2,8.9,0.9964,3.22
"white",6,10.6,1.3,0.9917,3.33
"white",5,9.5,13.3,0.9972,3.34
"white",5,9.2,8.9,0.9964,3.22
"white",5,9.6,6.6,0.9954,3.29
"white",6,9.7,1.5,0.993,3.47
"white",6,9.7,1.5,0.9928,3.46
"white",6,10.7,1.3,0.9916,3.1
"white",6,10.5,1.6,0.9936,3.34
"white",6,8.9,7.6,0.9962,3.13
"white",6,12.1,1,0.9899,3.09
"white",7,12.7,1.6,0.9898,3.25
"white",6,9.9,8.9,0.996,3.18
"white",6,11.4,1.8,0.9907,3.2
"white",6,10.7,4.7,0.994,3.37
"white",6,12.5,7,0.9913,3.33
"white",4,8.6,10.8,0.9976,3.08
"white",6,12.5,1.6,0.9904,3.29
"white",5,10,1,0.992,3.27
"white",4,8.6,10.8,0.9976,3.08
"white",6,9.5,16.7,0.999,3.08
"white",6,9.6,14.2,0.9975,3.12
"white",6,9.9,2.25,0.9937,3.2
"white",5,9.9,2.25,0.9937,3.19
"white",6,8.9,12.2,0.998,3.06
"white",6,8.9,12.2,0.998,3.06
"white",5,8.8,3.3,0.9944,3.01
"white",7,10,1.9,0.9938,3.64
"white",6,12,3.5,0.9907,3.44
"white",7,10,1.9,0.9938,3.64
"white",6,10,1.3,0.9921,3.21
"white",6,12.1,1.8,0.9908,3.11
"white",6,11,5.2,0.9931,3.16
"white",6,11.2,1.4,0.9915,3.21
"white",7,10.3,9,0.9952,3.17
"white",6,10.4,2.2,0.9926,3.37
"white",5,9.1,1.6,0.9934,3.08
"white",6,10.4,1.7,0.992,3
"white",6,10.8,1.9,0.9918,3.43
"white",5,11.7,12.6,0.9942,3.19
"white",5,9.8,2.1,0.9942,3.05
"white",5,9.8,2.1,0.9942,3.05
"white",6,11.4,1.3,0.9901,3.03
"white",6,11.2,1.7,0.9898,3.03
"white",5,11.4,1,0.9902,3.37
"white",6,9.2,3.3,0.9934,3.09
"white",4,12.5,5,0.9906,3.04
"white",6,12.6,1.8,0.9898,3.36
"white",6,12.2,1.6,0.9896,3.44
"white",6,11.2,4.5,0.9922,3.56
"white",6,9.7,4.9,0.9947,3.43
"white",5,9.3,4,0.9945,3.06
"white",6,9,13.2,0.9976,3.01
"white",6,9,13.2,0.9976,3.01
"white",6,9,13.2,0.9976,3.01
"white",5,9.1,15.3,0.9987,3.09
"white",5,9.1,15.3,0.9987,3.09
"white",6,9,13.2,0.9976,3.01
"white",5,10.4,1.5,0.992,3.31
"white",6,9.5,4.55,0.9955,3.37
"white",4,11.4,9.9,0.9953,3.46
"white",5,8.7,10.4,0.9976,3.16
"white",6,9.9,1.1,0.992,3.34
"white",6,9.9,8.7,0.9952,3.22
"white",6,9,13.9,0.9983,3.21
"white",6,10,1.4,0.9933,3.49
"white",6,9.7,7.2,0.9958,3.49
"white",6,11.8,1.9,0.9922,3.3
"white",7,10.2,1.7,0.9928,3.49
"white",5,8.7,10.4,0.9976,3.16
"white",7,9.6,13.6,0.9976,3.07
"white",7,11.3,1.2,0.9916,2.93
"white",7,12.1,1.6,0.9901,3
"white",7,9.6,13.6,0.9976,3.07
"white",7,12.1,1.6,0.9901,3
"white",7,11.3,1.2,0.9916,2.93
"white",5,9.4,12.2,0.9982,2.98
"white",6,10.4,1.6,0.993,3.32
"white",5,9.5,12.1,0.9969,3.25
"white",6,12.3,4.2,0.991,3.01
"white",7,9.9,9.1,0.9953,3.12
"white",5,10.1,1.6,0.9924,3.24
"white",6,9.2,8.8,0.9969,3.09
"white",7,10.4,1.4,0.9928,3.08
"white",5,9.1,4.2,0.9945,3.2
"white",6,10,10.3,0.9967,3.12
"white",6,11.5,12.4,0.9944,3.13
"white",5,9.8,2.2,0.9928,3.08
"white",6,9.8,2.2,0.9929,3.08
"white",6,9.4,5.2,0.9948,3.19
"white",5,8.7,10.8,0.9976,3.05
"white",7,11.6,2.7,0.9912,3.32
"white",5,8.8,16.3,0.9987,3.04
"white",7,12.7,2.7,0.99,3.16
"white",7,11.7,1.9,0.991,3.17
"white",6,10.2,1.8,0.9933,3.13
"white",6,10.2,1.8,0.9933,3.13
"white",7,12.7,2.8,0.9899,3.15
"white",7,11.6,2.7,0.9912,3.32
"white",7,12.3,6,0.9912,3.38
"white",5,8.7,10.8,0.9976,3.05
"white",5,9.4,4.2,0.994,3.35
"white",6,10.1,6.4,0.9947,3.13
"white",6,9.7,10.7,0.9954,2.86
"white",7,10.1,1.6,0.993,3.42
"white",6,9.7,10.7,0.9954,2.86
"white",6,8.9,7.9,0.9963,3.13
"white",7,10.8,1.7,0.992,3.47
"white",7,10.8,2.1,0.9926,3.42
"white",6,9.5,5.8,0.995,3.19
"white",5,9.1,14.5,0.9983,2.94
"white",6,10.9,1.2,0.992,3.32
"white",5,9.4,10.1,0.9968,3.2
"white",5,10.8,1.1,0.9905,2.97
"white",5,10.8,1,0.9904,2.97
"white",7,10.5,0.9,0.9926,3.45
"white",5,9.4,10.1,0.9968,3.2
"white",6,10.8,4.9,0.9928,3.17
"white",8,10.5,11.4,0.9949,3.35
"white",7,11.5,1.4,0.9909,3.08
"white",6,9.4,1.4,0.9937,3.11
"white",6,25,1.4,0.9914,2.88
"white",5,10.8,1.1,0.9905,2.97
"white",5,10.8,1,0.9904,2.97
"white",6,9.8,1.5,0.9924,2.99
"white",6,9.8,1.5,0.9924,2.99
"white",5,9.6,7.5,0.9965,3.43
"white",5,9.6,7.5,0.9965,3.43
"white",5,9.5,17.75,0.9993,3.34
"white",6,10.7,5.7,0.9965,3.48
"white",8,12.4,3.2,0.9908,3.25
"white",6,11.1,4.3,0.992,3.09
"white",5,8.8,11,0.9978,2.99
"white",5,8.7,10.9,0.9978,3
"white",5,8.7,10.9,0.9978,3
"white",5,8.8,11,0.9978,2.99
"white",7,11.7,2.4,0.9912,3.21
"white",6,10.9,1.9,0.9928,3.23
"white",6,10.8,1.8,0.9928,3.23
"white",6,9.6,1.4,0.993,3.12
"white",5,9,16.8,0.9993,3.18
"white",5,9,8.9,0.9965,2.85
"white",6,10.4,6.6,0.9937,3.36
"white",5,11.4,1.1,0.9913,3.23
"white",5,9.3,1.4,0.9934,3.26
"white",8,11,13.3,0.9952,3.33
"white",4,9.1,10.4,0.9983,3.32
"white",6,9.4,6.2,0.9957,3.23
"white",6,9.4,6.2,0.9957,3.23
"white",6,10.5,1.2,0.9916,3.18
"white",5,8.8,18.05,0.9999,3.22
"white",5,8.8,18.05,0.9999,3.22
"white",6,10.7,4.8,0.9936,3.26
"white",5,9.5,12.6,0.9972,3.33
"white",6,10.9,4.5,0.9933,3.43
"white",6,25,4.5,0.9934,3.49
"white",7,10.8,4.7,0.9931,3.41
"white",5,9.2,11.9,0.9976,3.1
"white",5,10.3,5,0.9937,3.3
"white",5,10.3,5.8,0.9937,3.3
"white",7,11,1.2,0.991,3.34
"white",4,9,12.9,0.9979,3.25
"white",6,10.4,13.9,0.9971,3.36
"white",5,9.5,11.5,0.9969,3.31
"white",5,9.5,11.4,0.9968,3.31
"white",5,9,7.8,0.9961,3.24
"white",4,9.5,1.1,0.993,3.09
"white",6,9,12.2,0.9973,3.16
"white",5,10,5.9,0.9944,3.16
"white",7,9.1,14.4,0.9986,3.07
"white",7,9.1,14.4,0.9986,3.07
"white",7,9.1,14.4,0.9986,3.07
"white",7,9.1,14.4,0.9986,3.07
"white",6,9.5,12.3,0.9972,3.34
"white",7,11.4,2.5,0.9917,3.33
"white",6,12.2,5.3,0.992,3.11
"white",6,11.3,4.9,0.9932,3.04
"white",5,10.2,3.2,0.9936,3.25
"white",5,11.3,3.1,0.9915,3.24
"white",4,10,1.4,0.9922,3.15
"white",5,9.4,1.9,0.9934,3.15
"white",7,12.2,14,0.9952,3.37
"white",4,9.2,8.3,0.9972,3.4
"white",5,9.4,1.9,0.9934,3.15
"white",6,9.6,7.4,0.9958,3.35
"white",5,9.5,1.4,0.9944,3.28
"white",6,12.5,1.7,0.9908,3.35
"white",6,9.6,7.4,0.9958,3.35
"white",6,10,1.3,0.9925,3.35
"white",5,9.3,11.6,0.9966,3.18
"white",6,9.3,9.2,0.9972,3.14
"white",6,11.6,1.7,0.9912,3.29
"white",8,12.5,14.5,0.995,3.38
"white",6,10.6,2.1,0.9928,3.36
"white",5,9.4,10.7,0.9968,3.08
"white",6,9.1,6.9,0.9955,3.19
"white",6,9,12,0.9981,3.23
"white",7,11.8,4.75,0.991,3.42
"white",7,11.8,4.75,0.991,3.42
"white",7,11.8,4.75,0.991,3.42
"white",5,10,1.4,0.992,3.17
"white",5,9.7,1.3,0.9931,3.06
"white",6,9.5,11.3,0.997,3.24
"white",5,9.4,4.5,0.9948,3.12
"white",5,11.2,1.7,0.9923,3.03
"white",5,9,13.2,0.9976,3.25
"white",7,10.7,5.5,0.9938,3.3
"white",4,9,13,0.9984,3.08
"white",6,9.1,10.7,0.9972,3.14
"white",7,10.8,2,0.9922,3.26
"white",4,10.1,1.9,0.9935,3.31
"white",6,9.9,6.4,0.9944,3.17
"white",5,9.8,6.3,0.9942,3.17
"white",5,9.8,6.3,0.9944,3.17
"white",6,9.5,17.5,0.9997,3.16
"white",5,9.5,14.7,0.9977,3.23
"white",6,11.1,1,0.9912,3.23
"white",5,9.5,14.8,0.9982,3.06
"white",5,9.5,14.8,0.9982,3.06
"white",5,9.4,14.2,0.9983,3.06
"white",5,9.7,13.1,0.998,3.06
"white",7,13.9,2.4,0.9894,3.41
"white",4,10.1,1.2,0.9927,3.22
"white",6,10.5,1.1,0.9917,3.12
"white",6,12.6,3.6,0.9904,3.42
"white",5,10.9,6.1,0.993,2.89
"white",5,10,6.3,0.9941,3.15
"white",6,11.2,4.4,0.9943,3.13
"white",6,10,13.9,0.99855,3.11
"white",5,9.2,1,0.99345,3.14
"white",5,9.5,12.1,0.998,3.35
"white",6,12.3,1.6,0.9916,3.1
"white",6,12.3,1.6,0.9916,3.1
"white",5,10,7.5,0.99475,3.32
"white",6,10.8,2.7,0.99325,3.41
"white",7,10.5,1.7,0.9933,3.49
"white",6,9.2,9.2,0.9969,3.06
"white",5,9.1,18.75,1.0002,2.96
"white",7,10.5,1.7,0.9933,3.49
"white",7,10.2,1.8,0.9937,3.45
"white",5,8.9,9,0.99685,3.02
"white",5,10.4,1.5,0.99455,3.5
"white",6,11.7,1.6,0.9917,3.37
"white",8,25,1.3,0.99035,3.26
"white",7,10.9,1.8,0.9914,3.14
"white",5,10.2,1.2,0.99225,3.15
"white",7,11.7,2.8,0.99155,3.37
"white",5,9.4,8,0.9954,2.99
"white",5,10.5,5.3,0.99455,3.35
"white",5,9.4,0.8,0.9924,3.12
"white",6,10.4,13.8,0.99695,3.35
"white",6,9.5,10,0.99655,3.25
"white",7,11.1,6,0.9934,3.01
"white",6,9.1,14.4,0.998,3.02
"white",5,9.2,9.8,0.9971,3.28
"white",6,9.6,5.5,0.9948,3.14
"white",6,9.1,14.4,0.998,3.02
"white",5,9.2,9.8,0.9971,3.28
"white",7,10.8,3.8,0.99215,3.17
"white",6,9.6,5.5,0.9948,3.14
"white",3,12.6,4.6,0.9915,3.31
"white",6,11,1.5,0.99115,3.44
"white",6,10.2,2,0.9932,3.28
"white",5,9.4,12.5,0.9977,3.33
"white",5,10,7.5,0.99535,3.17
"white",6,12.2,2.1,0.99165,3.26
"white",6,10.5,8.5,0.9953,3.22
"white",6,11.5,7.6,0.9928,3.04
"white",6,9.8,8.1,0.9958,3.3
"white",6,11.4,7.35,0.9928,3.04
"white",6,11.5,7.6,0.9928,3.04
"white",6,10.2,10,0.9964,3.15
"white",6,9.4,14,0.9987,3.16
"white",6,10.5,8.5,0.9953,3.22
"white",5,9.1,2.2,0.9932,3.09
"white",7,12.2,1.8,0.9907,3.25
"white",5,9.5,11.1,0.99755,3.42
"white",6,9.3,15.2,0.99935,3.4
"white",7,9.8,1.2,0.9932,3.3
"white",7,9.8,1.2,0.9932,3.3
"white",6,9.8,8.1,0.9958,3.3
"white",6,9.8,8.1,0.99585,3.3
"white",5,8.7,19.3,1.00055,3
"white",6,10.2,18.6,0.9985,3.37
"white",6,9.5,5,0.99505,3.22
"white",6,11,1.6,0.992,2.94
"white",5,9.2,13.4,0.9988,3.08
"white",6,10.9,1.6,0.99175,3.21
"white",7,9.3,8.8,0.9962,3.42
"white",7,9.3,8.8,0.9962,3.42
"white",7,9.8,5.2,0.9942,3.41
"white",7,9.3,1.1,0.9927,3.12
"white",7,9.3,1.1,0.9927,3.12
"white",5,9.4,16.7,0.99985,3.4
"white",9,10.4,10.6,0.997,3.2
"white",6,12.1,2.2,0.9918,3.24
"white",6,11,1.5,0.99215,3.02
"white",5,9,13.7,0.99865,3.12
"white",7,9.5,15,0.9992,3.37
"white",8,8.8,14.1,1.0006,3.28
"white",4,11.2,1.4,0.99135,3.37
"white",6,9.3,9.5,0.99715,3.08
"white",7,9.5,15,0.9992,3.37
"white",8,8.8,14.1,1.0006,3.28
"white",5,9,13.7,0.99865,3.12
"white",6,9.3,10.6,0.99815,3.27
"white",6,9.2,11,0.99815,3.27
"white",6,9.2,11,0.99815,3.27
"white",7,10,7,0.9949,3.46
"white",6,9.3,10.6,0.99815,3.27
"white",6,9.2,11,0.99815,3.27
"white",7,10.9,2,0.99225,3.39
"white",5,10,4.9,0.99445,3.1
"white",7,10.9,2,0.99225,3.39
"white",5,9.3,1.4,0.99335,3.03
"white",5,9,7.3,0.99625,3.09
"white",6,9.2,8.8,0.9971,3.02
"white",6,9.6,12.5,0.9983,3.28
"white",6,9.4,4.8,0.99445,3.42
"white",8,11.1,1.4,0.99085,3.34
"white",6,8.9,11.2,0.9977,3.06
"white",5,9.3,6.8,0.9953,3.19
"white",5,9.3,11.6,0.99775,3.07
"white",7,9.8,11.4,0.99795,3.41
"white",6,9.8,6.6,0.99505,3.22
"white",6,8.9,11.2,0.9977,3.06
"white",5,9.6,13.2,0.9975,3.17
"white",6,9.6,13.1,0.99745,3.16
"white",6,9,12,0.9976,3.15
"white",6,9.5,13.4,0.99775,3.17
"white",5,9.3,6.8,0.9953,3.19
"white",6,9.2,1.5,0.9932,3.21
"white",7,9.1,1.1,0.99405,3.42
"white",6,9.5,16.5,1,3.38
"white",6,10.5,15.6,0.99785,3.03
"white",5,9,2.8,0.9939,3.01
"white",5,11.7,5.1,0.9939,3.16
"white",5,9.1,8.9,0.99675,3.2
"white",5,9,2.8,0.9939,3.01
"white",5,9.1,8.9,0.99675,3.2
"white",9,12.4,1.6,0.98965,3.41
"white",6,9.2,10.2,0.9971,2.96
"white",5,9.4,5.4,0.99445,3.3
"white",6,9.6,6.2,0.9945,3.34
"white",5,11.7,5.1,0.9939,3.16
"white",6,9.8,7.2,0.9958,3.26
"white",6,10.2,8.1,0.9956,3.33
"white",9,12.5,2,0.99055,3.28
"white",7,10.9,10.7,0.9959,3.16
"white",7,11,1.2,0.9925,3.16
"white",6,10.5,1.7,0.9963,3.72
"white",4,11.5,5.5,0.9935,3.05
"white",8,12.8,2.7,0.99105,3.36
"white",6,12.2,1.3,0.99045,3.18
"white",6,10.5,1.7,0.9963,3.72
"white",8,12.8,4.3,0.99155,3.14
"white",8,11.9,2.1,0.99085,3.25
"white",8,11.9,2.1,0.99085,3.25
"white",8,11.9,2.1,0.99085,3.25
"white",7,12,6,0.9924,3.16
"white",7,12,6.3,0.9924,3.16
"white",7,8.8,13.4,0.99975,3.12
"white",7,8.8,13.4,0.99975,3.12
"white",7,10.8,1.7,0.99315,3.21
"white",8,11,1.6,0.9917,3.3
"white",8,11,1.6,0.9917,3.3
"white",5,9.3,15.4,0.99845,3.02
"white",5,10.8,1.2,0.9921,3.08
"white",7,8.8,13.4,0.99975,3.12
"white",6,11.5,1.8,0.9909,3.31
"white",7,10.8,1.7,0.99315,3.21
"white",5,9.4,13.6,0.99855,3.1
"white",7,9.5,1.3,0.9934,3.27
"white",5,8.6,11.1,0.9978,3.06
"white",7,9.5,1.3,0.9934,3.27
"white",7,10.3,2.1,0.9949,3.49
"white",5,9.4,13.6,0.99855,3.1
"white",5,9.4,13.7,0.9986,3.1
"white",7,10,10.2,0.99725,3.17
"white",5,9.4,4.8,0.9946,3.18
"white",8,10.4,1.7,0.99255,3.22
"white",7,9.1,14.2,0.9996,3.29
"white",6,9.9,6.5,0.9939,3.36
"white",6,12.1,1.7,0.99,3.24
"white",5,9.9,6.5,0.9937,3.35
"white",6,12.5,2.2,0.9886,3.12
"white",7,9.5,1.3,0.9934,3.27
"white",8,8.5,12.6,1,3.24
"white",7,9,14.4,0.9994,3.28
"white",6,10.1,1.2,0.9926,3.19
"white",5,9.4,9.7,0.9956,3.04
"white",5,8.6,11.1,0.9978,3.06
"white",6,10.7,4,0.9915,3.06
"white",3,9.6,1.4,0.9939,2.89
"white",5,10.1,1.3,0.9932,3.35
"white",7,10,2.2,0.993,3.2
"white",9,12.7,4.2,0.9898,3.28
"white",6,10.2,1.6,0.9921,3.19
"white",6,8.9,1.4,0.9932,3.23
"white",8,11.9,2.2,0.9919,3.41
"white",7,10,2.2,0.993,3.2
"white",6,9.9,1.9,0.9953,3.19
"white",6,11.5,6,0.9928,3.13
"white",6,11.5,6,0.9928,3.13
"white",6,9.8,12.2,0.9976,3.35
"white",7,12.2,2.6,0.9906,3.4
"white",6,11.4,1.6,0.9918,3.19
"white",7,11,2,0.99185,3.37
"white",6,11.4,1.6,0.9918,3.19
"white",7,11,2,0.99185,3.37
"white",6,9.9,6.4,0.994,3.3
"white",7,11,1.2,0.9908,3.42
"white",5,9.4,1,0.9928,3.58
"white",7,12.2,1.4,0.9896,3.12
"white",7,11,1.2,0.9908,3.42
"white",6,10.3,1.1,0.9918,3.23
"white",6,10.5,8.7,0.9952,3.22
"white",6,10.5,1.6,0.9923,3.08
"white",6,10.9,1.4,0.9915,3.05
"white",6,10.5,8.5,0.9952,3.22
"white",7,11,7.9,0.9947,3.32
"white",6,9.7,13.2,0.9983,3.25
"white",5,8.9,12.8,0.9975,3.08
"white",6,9.6,7.7,0.995,3.2
"white",8,8.8,2.4,0.9944,3.02
"white",4,11.1,1.6,0.994,3.06
"white",4,10.3,1.3,0.9944,3.08
"white",8,12.2,2.1,0.9908,3.28
"white",4,9.8,9.6,0.99795,3.32
"white",5,8.8,NA,0.9985,3.08
"white",5,9.9,5.8,0.99425,3.15
"white",5,9.9,5.6,0.99425,3.15
"white",5,9.9,5.8,0.9943,3.15
"white",5,9.2,0.8,0.9924,3.36
"white",4,9.5,1.2,0.9946,3.24
"white",5,9.2,0.8,0.9924,3.36
"white",7,10.3,4.7,0.995,3.36
"white",6,11,1.6,0.9919,2.93
"white",6,11.9,1.4,0.99,3.06
"white",7,10.2,1.1,0.9923,2.94
"white",7,9.4,4.6,0.9956,3.55
"white",6,8.9,10.6,0.9978,3.13
"white",6,8.9,10.6,0.9978,3.13
"white",6,10,12.9,0.9967,3.17
"white",8,10.7,2,0.9934,3.45
"white",5,9.8,2.9,0.9936,3.28
"white",5,9.3,2.8,0.9932,3.36
"white",7,9.5,2.9,0.9934,3.02
"white",5,10,12,0.998,3.58
"white",5,9,15,0.9978,3.15
"white",7,11.9,5.9,0.9929,3.14
"white",5,8.9,12.6,0.9974,3.08
"white",6,10,12.5,0.99685,3.18
"white",5,9.6,7.4,0.99495,3.26
"white",5,8.9,13,0.99745,3.08
"white",5,8.9,6.7,0.99505,3.12
"white",5,11.4,1.4,0.992,3.08
"white",5,9,15,0.9978,3.15
"white",6,10,7.3,0.9956,3.36
"white",7,9.6,15.3,0.9982,3.06
"white",5,9.7,7.5,0.99485,3.14
"white",6,9.5,11.75,0.9971,3.25
"white",7,10,1.6,0.99265,3.54
"white",7,12.2,3.5,0.9904,3.14
"white",7,8.7,8,0.9965,3.28
"white",7,10.2,5,0.9946,3.52
"white",5,9.6,18.2,0.99965,2.96
"white",5,10,1.6,0.9935,2.96
"white",4,9.5,3.2,0.996,3.36
"white",5,11.5,6.4,0.9942,3.18
"white",5,9.5,1.9,0.9936,3.08
"white",6,9.8,9.7,0.9965,3.08
"white",6,10.1,1.4,0.9928,3.23
"white",5,10,1.3,0.9928,2.99
"white",6,9.8,9.7,0.9965,3.08
"white",5,9.5,1.9,0.9936,3.08
"white",5,9.5,1.8,0.9938,3.07
"white",7,10.2,0.9,0.9926,3.39
"white",7,10.2,1.1,0.9926,3.39
"white",6,9,15.4,0.9983,3.03
"white",6,9,15.4,0.9983,3.03
"white",7,12.3,5,0.992,3.13
"white",6,9,15.4,0.9983,3.03
"white",6,11.6,4,0.9923,3.37
"white",6,9.5,12.5,0.9972,3.28
"white",5,11.5,3.2,0.9928,3.15
"white",6,9.6,1.8,0.9928,3.13
"white",6,9,17.5,0.9994,3.24
"white",7,12,1.9,0.991,3.34
"white",7,11.4,1.6,0.9906,3.33
"white",7,12.3,1.5,0.9894,3.38
"white",7,12.6,1.7,0.9898,3.32
"white",6,9,17.5,0.9994,3.24
"white",7,12,1.9,0.991,3.34
"white",6,11.7,1.8,0.9925,3.32
"white",5,9.2,4.3,0.9956,3.12
"white",6,10.3,4.9,0.9946,3.51
"white",5,8.6,7.6,0.9966,3.25
"white",7,10.7,6.7,0.9951,3.39
"white",5,9.8,1.6,0.9927,3.12
"white",6,9.8,1.5,0.9927,3.12
"white",7,10.7,6.7,0.9951,3.39
"white",6,12.5,1.7,0.9894,3.5
"white",6,11.9,4.2,0.9907,3.41
"white",5,10.8,1.6,0.9925,3.44
"white",6,10.5,1.9,0.9928,3.42
"white",6,10.3,5.3,0.9941,3.12
"white",6,10.3,5.2,0.9941,3.12
"white",5,10.8,1.6,0.9925,3.44
"white",7,12,8.9,0.9935,3.06
"white",6,10.2,3.4,0.9932,2.95
"white",4,10.2,1.3,0.9944,3.14
"white",5,9.9,15.2,0.9972,3.19
"white",4,10.1,1.3,0.994,3.38
"white",6,9.5,1.8,0.9956,3.25
"white",6,10.5,1.6,0.9927,3.05
"white",5,10.4,1.3,0.9924,3.29
"white",6,9.5,9.8,0.9966,3.31
"white",6,9.2,17.45,0.9997,3.05
"white",7,10.1,2.1,0.9936,3.05
"white",7,9.8,1.8,0.9936,3.15
"white",5,9.4,6.8,0.9952,3.09
"white",6,9.4,7.1,0.9952,3.09
"white",7,10.4,1.3,0.9928,3.31
"white",6,11.3,3.3,0.9911,3.34
"white",6,10.8,3.3,0.993,3.42
"white",6,11.3,3.3,0.9911,3.34
"white",5,9.3,2.7,0.9932,3.32
"white",7,10.3,1.2,0.993,3.37
"white",6,10.5,1.3,0.993,3.08
"white",6,10.3,1.4,0.9932,3.11
"white",7,11.2,1.7,0.9932,3.24
"white",6,10.3,1.7,0.9943,3.15
"white",5,9.5,11.6,0.9968,3.19
"white",5,8.9,12.6,0.9994,3.66
"white",5,10.2,2.8,0.9926,3.03
"white",5,9.2,11.2,0.9968,2.98
"white",6,10.3,1.4,0.9932,3.11
"white",6,10.5,1.4,0.9916,2.95
"white",6,9.5,1.5,0.9946,3.21
"white",7,11.4,1.5,0.9925,3.11
"white",7,11.4,1.5,0.9925,3.11
"white",8,11.1,7.05,0.9935,3.25
"white",6,10.5,10.6,0.9962,3.13
"white",6,12,2.8,0.9928,3.51
"white",6,9.7,1.6,0.993,3.38
"white",6,10.2,1.6,0.993,3.32
"white",4,9.5,8.2,0.9956,3.09
"white",7,10.4,1.5,0.9941,3.41
"white",4,9.3,11,0.9972,3.19
"white",6,10.5,2.1,0.9948,3.48
"white",6,10,7.6,0.9955,3.35
"white",6,10.2,6.8,0.9972,3.49
"white",6,10.2,6.8,0.9972,3.49
"white",3,9.1,10.6,0.9983,2.87
"white",6,10.2,1.8,0.9942,3.16
"white",5,10.7,1.5,0.9936,3.54
"white",5,9.7,6,0.9956,3.21
"white",7,9.3,5.3,0.9953,3.37
"white",5,11,1.4,0.9918,3.05
"white",4,10.8,2.1,0.995,3.22
"white",5,10.7,1,0.992,3.01
"white",4,10.7,5.2,0.9952,3.24
"white",5,8.8,19.45,1.001,2.95
"white",7,10.9,1.6,0.9924,3.16
"white",5,10.5,2,0.9932,3.14
"white",5,10,1.3,0.9937,3.29
"white",5,10.4,1.7,0.9918,3.07
"white",5,9.2,1.1,0.9934,3.03
"white",6,12.6,4.7,0.991,3.31
"white",5,9,7.5,0.9962,3.1
"white",6,9.2,1.1,0.9932,3.03
"white",5,11.3,1.3,0.9908,2.99
"white",4,10.3,2.2,0.9962,3.12
"white",5,10.4,1.7,0.9918,3.07
"white",5,10,2.2,0.9941,2.96
"white",6,10.7,1.2,0.9931,3.51
"white",5,9,10,0.9981,3.41
"white",6,10.7,1.2,0.9931,3.51
"white",4,8.7,1.1,0.9944,3.3
"white",7,11.6,2,0.992,3.09
"white",5,9.4,7.5,0.9966,3.34
"white",5,9.5,4,0.9956,3.31
"white",5,9.5,4.1,0.9956,3.3
"white",6,10.9,1.9,0.9949,3.37
"white",5,9.7,14.8,1.0002,3.22
"white",6,9.1,5.5,0.9942,3.08
"white",7,11.1,2.6,0.9923,3.1
"white",7,12.6,6.35,0.9917,2.96
"white",6,11,1.5,0.9931,3.35
"white",7,11.3,1.6,0.992,3
"white",5,9.7,14.8,1.0002,3.22
"white",7,10.9,9.1,0.9953,2.96
"white",5,10.9,8,0.9951,2.97
"white",6,9.3,12,0.9974,3.17
"white",7,12.7,3.2,0.9904,3.22
"white",6,10.1,7.7,0.9974,3.37
"white",5,10,1.3,0.9944,3.18
"white",5,9.8,16.3,1.0004,3.49
"white",6,10.1,6.2,0.9952,3.29
"white",7,9,4.7,0.9956,3.43
"white",6,9.4,5.8,0.995,3.28
"white",6,9.4,5.8,0.995,3.28
"white",6,9.2,16.95,0.9995,3.03
"white",7,10.1,5.1,0.9942,3.36
"white",5,8.6,10.2,0.9977,3.06
"white",8,11.2,3.8,0.992,3.55
"white",8,11.2,1.3,0.992,3.17
"white",6,9.2,16.95,0.9995,3.03
"white",7,10.6,4,0.9934,3.19
"white",6,9.3,17.1,1.0006,3.01
"white",6,8.9,14.5,0.9982,3.05
"white",6,10.6,1.2,0.9928,3.42
"white",7,10.6,6.7,0.9945,3.1
"white",5,8.8,8.4,0.9963,3.09
"white",8,11,1.3,0.9906,3.59
"white",6,10.2,8.8,0.9956,3.32
"white",7,10.1,5.1,0.9942,3.36
"white",6,10.1,10.6,0.9962,3.31
"white",7,14,2.6,0.9894,3.39
"white",6,9.4,5.8,0.995,3.28
"white",6,11.8,2.8,0.9908,3.27
"white",5,11.4,1.6,0.9914,3.44
"white",5,10.7,6.7,0.9938,3.12
"white",5,8.6,10.2,0.9977,3.06
"white",7,11.5,4.9,0.9922,3.51
"white",8,11.2,3.8,0.992,3.55
"white",7,12.6,2,0.9903,3.3
"white",7,12.6,1.7,0.9893,3.21
"white",4,9.3,2.4,0.9952,3.04
"white",7,12.6,2,0.9903,3.3
"white",6,12.1,1.3,0.9912,3.06
"white",6,9.9,12,0.9983,3.52
"white",5,10.7,1.6,0.9937,3.28
"white",4,10,1.4,0.9932,3.26
"white",8,10.4,2.2,0.9928,3.13
"white",5,10.5,1.4,0.9922,3.29
"white",5,9.7,8.3,0.9976,3.31
"white",5,10.5,1.4,0.9922,3.29
"white",5,9,12.9,0.9974,3.28
"white",6,9.2,12.4,0.998,3.54
"white",6,10.1,1.6,0.9931,3.17
"white",7,11.4,1.45,0.9911,3.35
"white",5,10.8,1.6,0.9944,2.93
"white",5,10.9,1.5,0.9937,2.96
"white",6,9.2,13,0.9974,3.2
"white",7,12.9,1.95,0.989,3.12
"white",7,12,5.85,0.992,3.23
"white",5,9.5,1.3,0.9928,3.27
"white",7,11.8,5.3,0.9918,3.06
"white",6,9.1,1.2,0.9936,3.19
"white",6,9.7,4,0.9944,3.2
"white",5,9.1,14.35,0.9988,3.17
"white",5,10,2.3,0.994,2.99
"white",5,10.4,4.7,0.9953,3.25
"white",6,9.5,12.85,0.9986,3.44
"white",8,12.3,5.2,0.9914,3.4
"white",8,11.7,8.4,0.9934,3.42
"white",5,9.5,3.2,0.996,3.14
"white",5,11.5,6.9,0.9937,2.99
"white",6,10.6,1,0.9921,3.14
"white",5,10.2,7.3,0.998,3.17
"white",5,9.5,3.2,0.996,3.14
"white",5,10.5,1.6,0.9933,3.25
"white",5,10.5,1.5,0.9933,3.26
"white",5,8.9,7.5,0.9959,3.14
"white",5,10.6,1.1,0.9936,3.03
"white",5,9.5,1.3,0.9953,3.17
"white",6,10.8,5.7,0.9938,3.2
"white",5,9.5,7.2,0.9952,3.14
"white",5,8.9,7.6,0.9959,3.13
"white",5,8.9,7.5,0.9959,3.14
"white",4,9.4,1.3,0.9937,3.31
"white",6,10.6,1.3,0.992,3.5
"white",4,9,4.8,0.9967,3.47
"white",4,10.5,2.1,0.9944,3.42
"white",6,9,16.85,0.9998,3.16
"white",6,9,16.85,0.9998,3.16
"white",6,9.4,4.1,0.9942,3.27
"white",6,9,16.85,0.9998,3.16
"white",6,9.6,1.3,0.9945,3.29
"white",6,9,16.85,0.9998,3.16
"white",7,10.2,7.4,0.9946,3.15
"white",6,9.4,4.1,0.9942,3.27
"white",6,10.4,0.9,0.9928,3.07
"white",5,10.4,6.3,0.9946,3.52
"white",5,9.5,0.8,0.9927,3.23
"white",6,10.6,1.4,0.9938,3.22
"white",5,11,1,0.9918,3.21
"white",6,9.6,1.3,0.9945,3.29
"white",6,9.9,4.5,0.9966,3.38
"white",5,9.6,5.4,0.9954,3.14
"white",6,12.8,1.9,0.9913,3.01
"white",5,11.4,2,0.9931,3.42
"white",6,10,12.7,0.9986,3.41
"white",5,9.1,8.6,0.9965,3
"white",7,9.4,11.1,0.9984,3.36
"white",6,10.2,2,0.9952,3.46
"white",5,9.2,2.8,0.9956,2.97
"white",5,9.4,4.5,0.9949,3.23
"white",5,9.6,5.4,0.9954,3.14
"white",6,10.1,9.1,0.996,3.12
"white",5,11.4,2,0.9931,3.42
"white",6,10.6,2.2,0.992,3.21
"white",7,12.8,4.1,0.9912,3.18
"white",5,8.9,11.8,0.9978,3.12
"white",5,9.3,1.2,0.9938,3.09
"white",8,11.1,2.2,0.9914,3.25
"white",6,9.9,1.4,0.9932,3.13
"white",5,9.6,1.6,0.9944,3.1
"white",6,12.8,1.9,0.9913,3.01
"white",7,10.7,5.2,0.9948,3.16
"white",6,9.2,14.45,0.998,2.96
"white",7,9.1,14.75,0.9998,3.36
"white",6,9.6,8.3,0.9964,3.33
"white",6,9.2,14.2,0.9992,3.03
"white",7,10.7,5.2,0.9948,3.16
"white",7,9.1,14.75,0.9998,3.36
"white",6,9.2,14.45,0.998,2.96
"white",7,10.7,6.9,0.9939,3
"white",6,NA,1.5,0.992,3.3
"white",7,10.8,1.5,0.9922,3.3
"white",5,9,7.8,0.9955,3.1
"white",6,10.7,1.5,0.9917,3.48
"white",6,10.7,1.5,0.9917,3.48
"white",5,9.4,1.5,0.9954,3.19
"white",6,8.8,15.55,0.9986,2.94
"white",5,9,7.8,0.9955,3.1
"white",6,11.5,1.7,0.9917,3.42
"white",6,12.5,1.5,0.9907,3.23
"white",6,10.5,1,0.9922,2.96
"white",5,9.7,6.7,0.9958,3.29
"white",6,11.3,1.6,0.993,3.23
"white",6,10.7,1.5,0.9917,3.48
"white",6,10.8,1.2,0.9926,2.74
"white",5,10.6,7.1,0.9959,3.17
"white",8,11.7,1,0.9906,3.04
"white",5,9.2,12.1,0.9993,2.94
"white",8,11.1,7.1,0.993,3.02
"white",8,11.7,1,0.9906,3.04
"white",6,11,1.15,0.992,3.33
"white",7,12.5,6,0.992,3.51
"white",6,10,1.2,0.994,3.16
"white",5,10.6,7.1,0.9959,3.17
"white",7,12.3,2.3,0.9908,3.26
"white",6,12.7,3.4,0.9902,3.14
"white",7,12.3,2.3,0.9908,3.26
"white",5,10.5,6.5,0.9943,3.1
"white",6,12.5,1.2,0.9921,3.23
"white",3,12.4,1.15,0.9911,3.2
"white",6,8.7,13,0.9986,3.06
"white",7,12.4,4.5,0.992,3.17
"white",7,12.6,5.85,0.992,3.16
"white",6,11,5.2,0.9943,3.38
"white",6,10.1,1.3,0.9937,3.42
"white",5,10.5,1.7,0.993,3.03
"white",6,12.7,3.4,0.9902,3.14
"white",5,10.9,3.6,0.9928,3.17
"white",7,13.5,2.7,0.9896,3.07
"white",5,9.7,2.2,0.998,3.19
"white",6,9.2,1.8,0.9954,3.45
"white",7,10.6,2.1,0.9938,3.4
"white",7,13.3,6.6,0.9918,2.98
"white",7,13.5,2.7,0.9896,3.07
"white",5,10.1,5.1,0.9944,3.29
"white",4,9.4,17.55,0.9999,2.92
"white",7,10.6,5.2,0.9953,3.18
"white",6,11.3,1.1,0.992,3.25
"white",7,10.8,1.1,0.9925,3.32
"white",5,10.4,10.7,0.9981,3.15
"white",7,10.5,5.15,0.9952,3.82
"white",5,9.3,1.1,0.9927,3.13
"white",6,9.3,1.1,0.9927,3.12
"white",7,12.2,1.8,0.9911,3.29
"white",5,9.2,1,0.9936,3.08
"white",6,10.3,1.8,0.9959,3.81
"white",6,9.4,1.4,0.9946,3.33
"white",6,10.2,6.7,0.9948,3.28
"white",6,9,6.8,0.9955,3.08
"white",6,9.3,6.8,0.9951,3.06
"white",6,9.2,7.1,0.9952,3.06
"white",6,9.4,1.5,0.9946,3.32
"white",6,9.4,1.4,0.9946,3.33
"white",6,9.5,1.45,0.9944,2.92
"white",5,9.9,1.2,0.9938,3.46
"white",7,11.1,7.4,0.9963,3.46
"white",8,12.3,4.2,0.991,2.99
"white",7,8.6,14.6,1.0003,3.21
"white",5,9.4,10.5,0.9966,3.04
"white",6,9.4,13.8,0.9993,3.07
"white",7,8.6,14.6,1.0003,3.21
"white",5,10.9,1.1,0.9938,3.21
"white",5,9.4,5.3,0.9965,3.2
"white",5,10.9,1.1,0.9938,3.21
"white",6,9.4,13.8,0.9993,3.07
"white",6,9.2,1.5,0.9938,3.22
"white",7,8.6,14.6,1.0003,3.21
"white",5,9.4,10.5,0.9966,3.04
"white",6,10.8,4.9,0.9942,3.33
"white",6,10.5,1.9,0.9928,3.29
"white",6,12.5,1.7,0.991,3.02
"white",7,12.1,1.8,0.9911,2.99
"white",5,8.7,10.7,0.9977,3.02
"white",8,12.7,8.8,0.9927,3.07
"white",7,12.1,1.8,0.9911,2.99
"white",6,12.5,1.7,0.991,3.02
"white",7,11.4,1.8,0.9912,3.06
"white",7,12.9,1.6,0.9907,3.02
"white",7,12.8,1.4,0.9902,3.15
"white",6,11.2,1.6,0.992,3.38
"white",6,9.7,1.5,0.994,3.14
"white",6,9.7,9.2,0.9966,3.04
"white",6,10.3,1.1,0.993,3.5
"white",4,11.6,4.3,0.993,3
"white",4,11.6,4.2,0.993,3
"white",6,9.7,9.2,0.9966,3.04
"white",6,10.9,5,0.9942,3.32
"white",7,12.6,6.8,0.9925,3.19
"white",6,12.4,5.2,0.9925,3.3
"white",5,11.5,4.75,0.9928,2.96
"white",6,10.2,5.9,0.995,2.93
"white",5,11.4,7.7,0.9939,3.22
"white",6,9.6,6.4,0.9958,3.3
"white",6,10.3,8.1,0.9952,3.05
"white",5,9.3,17.35,1,2.95
"white",7,10.7,1.8,0.9948,3.33
"white",8,12.8,1.8,0.99,3.13
"white",5,9.5,1.5,0.9958,2.98
"white",6,10.4,1.6,0.9948,3.02
"white",6,10.3,1.6,0.9949,3.02
"white",6,9.9,13.5,0.997,3.46
"white",6,10.7,3.75,0.9927,3.23
"white",5,10.5,1.3,0.9938,2.94
"white",5,9.6,1.3,0.9949,3.08
"white",6,9.3,6.2,0.9953,3.15
"white",6,10,9.7,0.997,3.1
"white",6,11.2,2,0.9932,3.04
"white",5,10.8,1.4,0.9927,3.32
"white",6,10.3,1.1,0.9932,3.54
"white",5,8.8,6.6,0.9955,3.03
"white",6,12.8,1.5,0.9914,3.04
"white",6,13.2,4.6,0.991,3.23
"white",6,10.1,0.9,0.992,3.54
"white",5,11,1.7,0.9924,3.44
"white",6,10.8,1.3,0.9927,3.25
"white",7,12.8,2.3,0.9911,3.2
"white",6,9.2,6.8,0.9958,3.12
"white",6,10.5,1.5,0.9928,3.12
"white",6,11.7,1.2,0.9902,3.37
"white",5,9.5,2.1,0.994,2.85
"white",5,9.5,2.2,0.994,2.85
"white",6,8.8,8.8,0.9972,3.4
"white",7,9.3,17,1.0004,3.15
"white",8,12.6,1.8,0.991,3.09
"white",6,12.4,1.2,0.9918,3.21
"white",6,10.1,2.3,0.995,3.65
"white",8,11.2,7,0.9941,3.26
"white",5,10,6.4,0.9956,3.29
"white",5,10,6.4,0.9956,3.29
"white",6,10.8,12.15,0.9959,2.99
"white",6,10,0.8,0.9922,3.27
"white",5,10.4,2,0.9931,3.04
"white",6,10.8,12.15,0.9959,2.99
"white",6,9.8,12.4,0.9984,3.51
"white",8,12.2,1.9,0.9908,3.26
"white",8,12.7,1.1,0.991,3.39
"white",7,12.2,6.2,0.9928,3.21
"white",7,11.9,6.3,0.9936,3.15
"white",8,11.2,7,0.9941,3.26
"white",4,10.4,0.9,0.9924,2.96
"white",7,12.8,3.9,0.9917,3.29
"white",7,12.7,3.9,0.9906,3.28
"white",6,10.1,2.3,0.995,3.65
"white",5,10,6.4,0.9956,3.29
"white",5,9,1.8,0.9955,3.43
"white",5,11.4,1.1,0.9907,2.92
"white",6,8.9,15.4,1,3.32
"white",6,9.3,6.5,0.9953,3.15
"white",8,12,2.4,0.9911,3.28
"white",7,10.8,1.4,0.9922,3.36
"white",6,10.5,5.7,0.9951,3.52
"white",7,10.6,5.7,0.9948,3.59
"white",7,11.3,1.4,0.9906,3.19
"white",4,9.5,1.4,0.994,3.22
"white",5,11.4,1.1,0.9907,2.92
"white",7,10.1,1.2,0.9927,3.33
"white",6,10.9,0.9,0.9914,3.25
"white",5,8.9,3.8,0.9958,3.15
"white",6,8.9,15.4,1,3.32
"white",5,9.3,14.15,0.9984,2.9
"white",6,10.4,1.9,0.9941,3.25
"white",7,12,9.2,0.9944,3.1
"white",6,9.5,8.2,0.998,2.87
"white",6,9.5,8.2,0.998,2.87
"white",7,12.4,2.7,0.9902,3.14
"white",7,11.2,1.7,0.9911,3.28
"white",6,11.4,1.7,0.9929,3.15
"white",6,11.4,1.7,0.993,3.16
"white",7,11.1,1.6,0.9918,3.35
"white",6,10.4,0.9,0.992,3.1
"white",7,12,8.5,0.9932,3.38
"white",7,12.3,5.7,0.992,3.54
"white",6,9.1,3.1,0.994,3.12
"white",6,10.5,1.3,0.9923,3.24
"white",6,11.4,1.6,0.993,3.23
"white",5,9.5,1.3,0.9956,3.77
"white",7,13.7,4.5,0.9907,3.42
"white",6,13.4,2.8,0.99,3.28
"white",7,11.3,1.2,0.9918,3.2
"white",6,10,0.9,0.9926,3.06
"white",6,10.1,7.4,0.995,3.49
"white",6,12.2,1.4,0.99,3.26
"white",6,13.4,2.8,0.99,3.28
"white",6,9.3,4.6,0.9946,3.31
"white",7,13.7,4.5,0.9907,3.42
"white",7,12.3,1.6,0.9898,3.09
"white",7,11.3,1.2,0.9918,3.2
"white",7,8.9,13.1,0.9986,3.04
"white",7,8.9,13.1,0.9986,3.04
"white",6,11.5,5.7,0.9928,3.19
"white",7,8.9,13.1,0.9986,3.04
"white",6,9.3,12.6,0.9979,3.17
"white",8,11.1,5.4,0.994,3.3
"white",8,10.9,2.2,0.9937,3.34
"white",5,11.6,6.6,0.9938,2.9
"white",4,10.2,NA,0.9942,3.15
"white",8,10.5,6.8,0.9944,3.01
"white",6,11.4,3.6,0.993,2.91
"white",7,8.9,13.1,0.9986,3.04
"white",6,10.6,1.2,0.9932,3.14
"white",6,11.6,5.9,0.9934,3.31
"white",6,11.5,5.7,0.9928,3.19
"white",8,12.3,4.1,0.9925,3.25
"white",6,10.8,7.1,0.9944,3.14
"white",6,11.3,1.4,0.9909,3.29
"white",5,9.3,0.8,0.9932,3.36
"white",6,10,1.3,0.9934,3.36
"white",3,11,15.55,1.0001,3.04
"white",5,10.2,1,0.992,3.13
"white",7,10.8,1.6,0.9916,3.07
"white",4,10.1,11.8,0.998,3.1
"white",6,11.6,4.5,0.9919,3.27
"white",5,9.1,1.1,0.9925,3.32
"white",4,10,10,0.9977,3.06
"white",6,10.8,7.1,0.9944,3.14
"white",6,11.4,0.9,0.991,3.25
"white",6,12.7,1,0.99,3.05
"white",5,11.3,1.1,0.9917,3.13
"white",7,10.4,1.1,0.9923,3
"white",5,9.6,1.5,0.9928,3.3
"white",4,10.1,1,0.9923,3
"white",5,9.6,1.5,0.9928,3.3
"white",7,12.1,2.9,0.9902,3.1
"white",6,12.2,1.2,0.9893,3.07
"white",5,11.3,1.1,0.9917,3.13
"white",5,9.6,14.2,0.9982,3.17
"white",5,9.2,17.85,1.0005,2.99
"white",7,10.4,1.1,0.9923,3
"white",5,9.5,7.1,0.9951,3.23
"white",5,8.9,7.6,0.9956,3.16
"white",5,8.8,13.6,0.998,3.03
"white",5,10.5,1.4,0.9928,3.16
"white",5,9.4,1.2,0.9938,3.08
"white",6,12.2,5.3,0.9914,3.24
"white",6,11.3,13,0.9955,3.14
"white",6,12.2,4.45,0.9924,3.25
"white",6,12.2,1.2,0.9911,3.38
"white",6,11.2,1.2,0.9917,3.23
"white",6,11.2,1.2,0.9917,3.23
"white",6,11.5,6.6,0.9932,3.2
"white",6,11.3,13,0.9955,3.14
"white",5,9.3,1.1,0.9929,3.01
"white",6,11.3,13,0.9955,3.14
"white",7,11.8,14,0.9958,3.14
"white",5,9.2,19.8,1.0012,2.99
"white",5,9.2,11.2,0.9968,3
"white",6,12.2,1.2,0.9911,3.38
"white",6,12.2,4.45,0.9924,3.25
"white",6,12.2,2.7,0.991,3.31
"white",6,10.6,4.5,0.9946,3.24
"white",6,12.4,3.6,0.9928,3.28
"white",6,10.8,5.4,0.9946,3.56
"white",6,11.2,1.2,0.9917,3.23
"white",6,11,1.2,0.9918,3.06
"white",8,12.7,9.1,0.9926,3.16
"white",5,10.2,0.8,0.9931,3.46
"white",6,11.5,6.6,0.9932,3.2
"white",7,12.3,3,0.9903,3.13
"white",5,9.8,1.6,0.9928,3.19
"white",5,9.3,1.1,0.9929,3.01
"white",7,11.8,14,0.9958,3.14
"white",6,11.3,13,0.9955,3.14
"white",5,11.4,1.35,0.9911,3.15
"white",6,10.8,5.9,0.9938,3.21
"white",4,9.5,3.6,0.9942,2.99
"white",6,10.2,1.3,0.9945,3.46
"white",5,10.7,8.7,0.9962,3.22
"white",6,10.8,1.2,0.992,3.05
"white",6,11.5,4.6,0.9927,2.99
"white",6,10.7,2,0.9948,3.32
"white",6,10.2,1.3,0.9945,3.46
"white",6,10.1,1.7,0.9942,3.37
"white",6,10.4,2.4,0.9952,3.62
"white",4,9.5,3.6,0.9942,2.99
"white",3,9.1,4.6,0.9958,3.14
"white",6,10.6,1.5,0.9918,2.98
"white",6,9.4,0.9,0.9932,3.3
"white",6,9.8,19.4,1.0004,3.51
"white",6,9.5,13.3,0.9972,3.18
"white",5,9.3,17.85,0.9998,2.99
"white",6,10.3,1.1,0.9918,3.55
"white",5,11.1,1.3,0.9918,3.06
"white",5,10,9.4,0.9964,3.14
"white",8,12.3,9,0.9936,3.13
"white",8,12.4,8.65,0.9931,3.14
"white",7,12.3,9.6,0.9938,3.13
"white",5,10.4,1.1,0.9934,3.41
"white",7,12.1,1.2,0.99,3.13
"white",6,12.5,1.8,0.9914,3.16
"white",6,13,2.1,0.9904,3.22
"white",7,11,9.3,0.994,2.99
"white",5,10.1,1.7,0.9938,3.05
"white",5,9.2,1.2,0.9933,3.13
"white",7,12.6,4.6,0.9909,3.27
"white",8,12.2,12.8,0.9942,3.26
"white",7,9.8,1.5,0.9945,3.04
"white",6,11,8.1,0.9954,3.1
"white",6,10,7.5,0.996,3.22
"white",6,9.8,14.5,0.9991,3.55
"white",5,10.5,1.6,0.993,3.16
"white",5,10,1.8,0.9942,3.23
"white",6,11.2,3.2,0.9934,3.02
"white",7,11,9.4,0.9939,2.99
"white",6,11.2,9.9,0.9937,3.01
"white",7,11,9.3,0.994,2.99
"white",6,10.5,1.3,0.9926,3.14
"white",6,10.6,9.6,0.9951,3.02
"white",6,10.6,9.3,0.9952,3.02
"white",6,12,7.8,0.9935,3.04
"white",5,10.1,1.7,0.9938,3.05
"white",6,10.1,1.7,0.9939,3.05
"white",5,9.2,1.2,0.9933,3.13
"white",5,11,1.4,0.9927,3.25
"white",6,10,9,0.998,3.34
"white",6,8.7,18.15,0.9997,3.28
"white",5,8.7,12.5,0.9981,3.04
"white",6,11.1,1.1,0.992,3.15
"white",6,11,7.7,0.9954,3.04
"white",6,11.1,1.1,0.992,3.15
"white",6,8.7,18.15,0.9997,3.28
"white",5,8.7,12.5,0.9981,3.04
"white",7,11.2,8.1,0.9943,3.1
"white",7,11.1,7.7,0.9941,3.14
"white",6,10.8,5,0.9936,3.24
"white",6,9,15.6,0.9996,3.38
"white",6,10.3,1.5,0.9932,3.03
"white",5,9.9,1,0.9926,2.91
"white",6,10,1,0.9936,3.13
"white",6,9.8,1,0.992,3.21
"white",6,10.8,5,0.9936,3.24
"white",6,9,15.6,0.9996,3.38
"white",4,9.1,0.8,0.993,3.16
"white",6,10.6,1.3,0.9924,3.23
"white",6,10.6,1.1,0.9928,3.2
"white",5,9.9,1,0.9926,2.91
"white",6,10.6,5.2,0.9952,3.18
"white",6,9.9,4.7,0.9945,3.13
"white",6,9.9,4.8,0.9945,3.12
"white",6,12.8,1.8,0.9903,3.34
"white",6,10.3,1.5,0.9932,3.03
"white",6,10.6,5.2,0.9953,3.18
"white",6,8.7,1.2,0.9936,3.09
"white",7,12.6,1.8,0.9912,3.32
"white",7,11,7.6,0.9962,3.43
"white",7,11.2,8.2,0.9965,3.29
"white",7,10.7,1.3,0.9932,3.45
"white",6,9.6,10,0.9967,3.08
"white",6,10.6,5.2,0.9953,3.18
"white",4,9,6.4,0.9963,3.27
"white",4,10.5,1,0.992,2.96
"white",6,12.8,1.8,0.991,3.29
"white",5,10.1,2,0.9958,3.15
"white",7,12.2,1.5,0.99,3.3
"white",6,12.8,1.8,0.991,3.29
"white",5,10.1,2,0.9958,3.15
"white",6,10.1,3.5,0.9938,3.14
"white",5,9.2,18.05,0.9996,3.06
"white",5,9.9,1.8,0.9946,3.33
"white",6,9.7,8.2,0.9974,3.52
"white",5,9.9,5,0.9945,3.21
"white",5,9.9,4.6,0.9946,3.21
"white",6,9.7,8.2,0.9974,3.52
"white",6,10.3,7,0.9957,3.54
"white",5,10.3,3.1,0.9931,3.16
"white",4,10.5,8.8,0.9947,2.88
"white",6,10.5,2.4,0.9953,3.63
"white",6,9.8,1.4,0.9931,3.32
"white",4,10.6,1.8,0.9946,3.31
"white",5,10.1,11.9,0.9978,3.58
"white",4,9,13.4,0.9989,3.22
"white",5,9.5,15.4,1.0004,3.18
"white",6,11.5,7.2,0.9938,2.94
"white",7,11.9,7.4,0.9934,3.03
"white",5,10.1,11.9,0.9978,3.58
"white",6,9.2,7.8,0.9956,3.21
"white",5,8.7,13.5,0.9982,3.02
"white",5,9.8,1.3,0.9948,3.11
"white",6,9.2,7.8,0.9956,3.21
"white",5,8.7,13.5,0.9982,3.02
"white",6,11.2,1.5,0.9926,3.35
"white",6,12.3,1.2,0.991,3.08
"white",6,10.4,6.4,0.9945,3.34
"white",6,10.7,1.2,0.9916,3.13
"white",6,10.5,7.3,0.9953,3.13
"white",6,9.4,3.8,0.9938,2.95
"white",6,9.2,7.3,0.9956,3.24
"white",5,11.9,2.7,0.9906,3.15
"white",6,9.2,7.3,0.9956,3.24
"white",6,9.9,1.4,0.9932,3.27
"white",6,11.4,1.6,0.9914,3.11
"white",6,9.4,3.8,0.9938,2.95
"white",6,10.7,8,0.996,3.08
"white",5,12.7,4.7,0.9906,3.28
"white",7,13.5,1.9,0.98815,3.32
"white",5,9.5,2.8,0.9942,3.24
"white",9,12.9,2.2,0.9903,3.37
"white",6,12.5,1.7,0.9906,3.07
"white",7,9.5,4.9,0.9935,3.34
"white",5,8.6,23.5,1.0024,2.98
"white",7,10,11.8,0.9968,3.09
"white",6,12.5,1.7,0.9906,3.07
"white",6,10.1,5.2,0.9941,3.12
"white",7,11.3,3.2,0.9919,3.03
"white",7,10.6,1.5,0.9928,3.26
"white",5,10.8,11.7,0.9958,3.14
"white",6,10.7,1.6,0.9932,3.4
"white",6,9,7.3,0.9957,3.09
"white",6,9.2,1.6,0.9937,3.22
"white",6,8.5,13.3,0.9982,3.14
"white",8,11.3,6,0.9928,3.41
"white",7,11.3,3.2,0.9919,3.03
"white",5,9.4,1.6,0.9956,3.13
"white",6,8.7,7.7,0.9957,3.11
"white",6,9.4,5.9,0.9954,3.36
"white",7,10.5,1,0.993,3.09
"white",6,9.7,6.4,0.9954,3.38
"white",6,10.2,10.4,0.9987,3.31
"white",5,9.4,1.6,0.9956,3.13
"white",6,11.5,3.5,0.9928,3.19
"white",6,9.6,7.7,0.9951,2.94
"white",5,11.4,1.8,0.993,3.23
"white",6,11.5,3.5,0.9928,3.19
"white",8,12.2,6.5,0.9926,3.41
"white",7,11,6.7,0.9938,3.2
"white",6,9.2,16.8,1.0001,3.03
"white",6,10.2,1.6,0.9933,3.26
"white",5,10,7,0.9952,3.21
"white",6,9.7,1.2,0.9934,3.13
"white",5,9.2,13,0.9988,2.96
"white",5,10.5,3.8,0.993,3.1
"white",5,10,7,0.9952,3.21
"white",6,10.1,7.5,0.9948,3.27
"white",7,9.1,15.55,0.9998,3.42
"white",7,10.2,12.3,0.9971,3.09
"white",7,9.1,15.55,0.9998,3.42
"white",7,10.5,9.4,0.9962,3.17
"white",6,10.1,7.5,0.9948,3.27
"white",7,12.1,1.2,0.99,3.05
"white",5,10.2,1.6,0.9942,3.4
"white",4,9.4,1.6,0.9965,3.65
"white",7,12.8,3.95,0.9912,3.08
"white",6,9,12.8,0.9978,3.12
"white",4,10.9,1,0.9928,3.24
"white",6,8.8,31.6,1.0103,3.15
"white",5,9,7.4,0.9956,3.11
"white",5,10.2,1.3,0.9936,3.09
"white",5,9.2,1.1,0.9929,3.19
"white",6,11.3,7.8,0.9966,3.26
"white",5,8.8,7.7,0.9964,3.12
"white",5,9.3,7.7,0.996,3.16
"white",6,9.4,7.8,0.9959,3.17
"white",6,10.3,8.3,0.9954,3.23
"white",7,10.8,1.4,0.9914,2.92
"white",6,8.8,31.6,1.0103,3.15
"white",4,9,15.4,1.0004,3.27
"white",8,11.5,1,0.9911,3.41
"white",5,10.8,1,0.9938,3.25
"white",6,11.8,5.9,0.9927,2.95
"white",7,10.5,1.2,0.9922,3.12
"white",6,9.9,1.2,0.9924,3.14
"white",6,9.8,6.7,0.9963,3.2
"white",7,11.4,6.5,0.9936,3.4
"white",5,9.3,4.8,0.9951,3.2
"white",5,9.3,5.3,0.9951,3.2
"white",6,10.3,8.9,0.9955,3.3
"white",5,8.9,8.8,0.9961,3.17
"white",7,11.4,6.5,0.9936,3.4
"white",6,11.1,1.8,0.992,3.11
"white",6,10.4,6.6,0.9944,3.36
"white",5,10.1,5.7,0.9944,3.33
"white",5,9,18.35,1.0008,3.22
"white",6,11.9,10,0.9962,3.74
"white",7,9,14.4,0.9986,3.12
"white",7,9,14.4,0.9986,3.12
"white",7,9.1,17.85,1,3.06
"white",7,9,14.4,0.9986,3.12
"white",5,10,9.4,0.9982,3.46
"white",7,9.1,17.85,1,3.06
"white",3,9.4,1.55,0.9949,3.55
"white",6,11.4,1.3,0.9915,3.27
"white",4,9.7,1.5,0.9951,3.11
"white",7,9,14.4,0.9986,3.12
"white",6,11.8,4.2,0.9927,3.28
"white",5,10.2,8.6,0.9955,3.25
"white",6,9.2,1.4,0.9952,3.37
"white",6,11,3,0.9928,3.25
"white",6,10,14.9,0.9982,3.08
"white",6,12.2,2,0.9914,3.32
"white",6,11.8,4.2,0.9927,3.28
"white",6,11.6,2.2,0.9918,3.38
"white",6,10.2,1.8,0.9944,3.44
"white",5,10.3,11.1,0.9969,3.14
"white",4,8.6,4.2,0.9955,3.25
"white",5,9.6,6.4,0.9954,3.16
"white",5,9.6,6.4,0.9955,3.16
"white",6,11.3,1.5,0.9921,3.41
"white",6,9.9,1.5,0.9934,3.41
"white",5,9.6,16.95,0.9998,3.45
"white",4,10.6,1.7,0.9946,3.36
"white",5,9.8,13.6,0.9984,3.44
"white",5,10.5,1.6,0.9924,3.08
"white",5,10.8,6.1,0.9939,3.24
"white",6,10,3,0.995,3.22
"white",6,10.1,6.2,0.9957,3.3
"white",5,9.4,6.6,0.9953,3.07
"white",8,11.5,1.6,0.9912,3.32
"white",6,10.8,6,0.9939,3.26
"white",6,9.9,1.5,0.9921,3.1
"white",4,9,1.7,0.9954,3.16
"white",6,9.4,1.8,0.9933,3.38
"white",7,10.8,2.6,0.9941,3.46
"white",7,10.9,2.7,0.995,3.5
"white",6,12,19.5,0.9977,3.24
"white",8,11.5,1.6,0.9912,3.32
"white",6,10.5,5,0.9945,3.47
"white",6,9.3,4.6,0.9952,3.29
"white",6,11.8,6.4,0.9924,3.23
"white",6,10,14.5,0.9986,3.48
"white",5,9.4,6.6,0.9953,3.07
"white",6,11.4,6.7,0.9939,3.2
"white",6,10.4,1.1,0.9929,2.94
"white",6,9.5,13.8,0.9988,3.36
"white",5,11.9,2.5,0.9906,3.14
"white",6,11.1,1.1,0.9914,2.99
"white",6,9.6,9.6,0.9978,3.39
"white",6,12,4.6,0.9928,3.29
"white",5,8.7,3.1,0.9948,3.14
"white",6,9.6,9.6,0.9978,3.39
"white",5,10,1.8,0.9946,3.24
"white",4,11.4,1.05,0.9908,2.91
"white",6,9.6,6.5,0.9954,3.14
"white",6,12.9,2,0.9906,3.18
"white",6,9.7,14.9,0.99705,3.14
"white",6,9.3,10,0.9982,3.23
"white",5,9.1,1.1,0.9932,3.1
"white",5,8.6,12,0.9977,3.16
"white",5,9.9,4.8,0.994,3.14
"white",6,9.3,10,0.9982,3.23
"white",5,10.9,1.2,0.9929,3.28
"white",6,10.2,1.5,0.9924,3.2
"white",6,9.7,10.4,0.9966,3.11
"white",7,11.4,2.5,0.9921,3.38
"white",6,9.5,12.3,0.9967,3.24
"white",7,10.2,1.4,0.9934,3.42
"white",6,11.1,2.2,0.9914,3.31
"white",6,9.7,14.9,0.99705,3.14
"white",5,9.3,8,0.9961,3.22
"white",5,8.8,8.6,0.9967,3.17
"white",5,10.6,1.2,0.9926,2.8
"white",5,9.3,8.7,0.99605,3.17
"white",6,10.2,5.4,0.99435,3.31
"white",6,10.2,5.7,0.9948,3.16
"white",7,11,1.5,0.9916,3.46
"white",6,9.6,10.9,0.997,3.4
"white",5,9.3,8,0.9961,3.22
"white",5,8.8,8.6,0.9967,3.17
"white",5,8.8,7.7,0.9961,3.17
"white",5,8.9,1.7,0.9955,3.28
"white",5,10,1.4,0.9922,3.17
"white",7,12.2,4.5,0.9918,3.16
"white",6,10.9,9.9,0.9955,3.04
"white",6,9.5,1.4,0.9941,3.34
"white",6,10.9,9.5,0.9955,3.04
"white",6,10.9,9.9,0.9955,3.04
"white",6,10.8,3,0.9924,3.16
"white",6,12,19.6,0.9973,3.24
"white",5,9.8,14,0.999,3.56
"white",6,9.5,1.4,0.9941,3.34
"white",8,11,1.8,0.9922,3.42
"white",8,11,1.8,0.9922,3.42
"white",5,9.8,5.4,0.9953,3.24
"white",4,10.5,1.8,0.9945,3.49
"white",6,11.4,9.25,0.9945,3.05
"white",6,10.1,1.5,0.9957,3.27
"white",7,11.6,6.8,0.9932,3.33
"white",6,11.4,9.25,0.9945,3.05
"white",7,11.8,2.6,0.9913,3.07
"white",7,12.1,2.1,0.9909,3.33
"white",5,12,7.6,0.9939,3.16
"white",7,12.1,1.6,0.991,3.08
"white",5,9.1,1.4,0.9954,3.15
"white",5,9.3,1.6,0.9943,3.36
"white",6,10.4,1.4,0.993,3.2
"white",5,9.1,17.95,1.0002,3.27
"white",5,9.4,2,0.9946,3.32
"white",6,9.6,6.3,0.9953,3.16
"white",5,12,1.4,0.9918,3.19
"white",8,11.3,9.05,0.9936,3.27
"white",6,8.7,15.4,0.9984,3.06
"white",6,9.9,7.1,0.9956,3.39
"white",6,9.3,10.2,0.9966,3.08
"white",5,9.5,1.6,0.9942,3.07
"white",6,8.7,15.4,0.9984,3.06
"white",6,9.9,7.1,0.9956,3.39
"white",6,9.3,10.2,0.9966,3.08
"white",5,9.4,12.4,0.9974,3.16
"white",5,9.4,3.4,0.9944,3.15
"white",6,8.8,15,1.0008,3.28
"white",5,9.4,12.4,0.9974,3.16
"white",6,8.8,15,1.0008,3.28
"white",6,9.9,1.5,0.9928,3.18
"white",5,9.4,3.4,0.9944,3.15
"white",6,12.6,4.8,0.9908,3.29
"white",6,11.1,1.2,0.9917,3.19
"white",7,12.8,4.1,0.9911,3
"white",6,12,2.8,0.9912,3.09
"white",7,12,13.9,0.9953,3.36
"white",4,9.2,0.8,0.9932,3.19
"white",6,12.3,1,0.9896,3.38
"white",6,13,1.2,0.9889,3.19
"white",6,12,2.8,0.9912,3.09
"white",5,10.9,1.7,0.9926,3.07
"white",7,12.8,4.1,0.9911,3
"white",6,10,6.3,0.9964,3.36
"white",5,9,11.5,0.9974,3.22
"white",5,10.4,1.5,0.9944,3.42
"white",5,9,11.5,0.9974,3.22
"white",6,10,6.3,0.9964,3.36
"white",6,10,6.3,0.9963,3.36
"white",7,11.3,11.2,0.9948,3.12
"white",7,11.3,11.2,0.9948,3.12
"white",7,12,15.1,0.9953,3.13
"white",7,11.3,11.2,0.9948,3.12
"white",7,12,15.1,0.9953,3.13
"white",6,10.6,5.6,0.9949,3.6
"white",5,9.3,12.6,0.9988,2.99
"white",6,9.4,5.7,0.9954,3.04
"white",7,11,2.2,0.992,3.27
"white",6,9.3,11,0.9984,3.44
"white",6,9.4,5.7,0.9954,3.04
"white",5,10.5,1,0.9926,3.42
"white",7,11,2.2,0.992,3.27
"white",6,9.5,11.8,0.9976,3.07
"white",6,11.2,7.8,0.9972,3.33
"white",6,12.3,4.7,0.991,3.29
"white",5,9,11.5,0.998,3.27
"white",5,9,7.9,0.9966,3.07
"white",5,9,11.5,0.998,3.27
"white",5,9,17.8,1.0007,2.98
"white",6,11.4,1.7,0.992,3.25
"white",7,11,1.6,0.9925,3.2
"white",6,12.3,4.7,0.991,3.29
"white",7,10.4,1.6,0.9934,3.6
"white",5,10.3,2.4,0.9955,3.28
"white",7,10.5,6.4,0.9944,3.29
"white",6,9.8,14,0.9981,3.14
"white",4,10,1.6,0.9968,3.11
"white",5,9.7,1.6,0.9946,3.14
"white",5,9.7,1.4,0.9946,3.13
"white",6,9.8,14,0.9981,3.14
"white",6,10.5,4.7,0.9946,3.32
"white",6,10,10.2,0.997,3.14
"white",7,11.5,2.3,0.9924,3.24
"white",5,9.5,7.8,0.9958,3.24
"white",6,10.5,2.4,0.994,3.43
"white",6,10.2,8.3,0.9958,3.12
"white",6,9.8,13.9,0.9984,3.34
"white",6,11.6,13.8,0.9948,3.1
"white",7,11.8,7.3,0.9932,3.15
"white",7,10.1,8.5,0.9952,3.04
"white",6,10.3,1.8,0.9924,3.31
"white",6,10.4,5.1,0.9945,3.34
"white",5,8.9,16.05,0.9976,3.09
"white",5,8.9,16.05,0.9976,3.09
"white",5,10.8,7.35,0.9938,3.06
"white",5,9.2,16.05,0.9997,3.38
"white",6,9.6,2,0.994,3.18
"white",6,10.4,1.2,0.9921,3.08
"white",6,8.7,14,0.9986,3.03
"white",6,9.2,16.2,0.9987,3.06
"white",5,9.2,14.3,0.9991,3.18
"white",6,9.2,16.2,0.9987,3.06
"white",5,9.2,14.3,0.9991,3.18
"white",5,9.2,14.3,0.9991,3.18
"white",5,10.2,7.9,0.9948,3.4
"white",6,9.2,16.2,0.9987,3.06
"white",5,9,1,0.993,3.2
"white",5,9.7,13.6,0.9988,3.37
"white",5,9.6,17.85,1,3.34
"white",5,10,1.3,0.9932,3.14
"white",5,9.2,14.3,0.9991,3.18
"white",5,9.1,13.7,0.9989,3.18
"white",5,8.7,18.3,1,3.3
"white",5,8.7,18.3,1,3.3
"white",5,9.5,6.5,0.9952,3.14
"white",6,9.5,10.3,0.9969,2.93
"white",6,8.9,8.1,0.9966,2.9
"white",6,8.9,8.1,0.9966,2.9
"white",6,9.9,8.6,0.9976,3.29
"white",7,12.6,1.9,0.99,3.29
"white",6,9.7,14.1,0.9988,2.72
"white",5,10.4,7.9,0.9942,2.96
"white",6,9.1,10.7,0.9984,2.93
"white",5,10.4,1.2,0.9932,3.01
"white",6,9.5,10.3,0.9969,2.93
"white",6,8.9,8.1,0.9966,2.9
"white",5,10.6,1.9,0.9933,3.16
"white",7,12,2.7,0.9916,3.12
"white",7,12.5,5.7,0.9914,2.93
"white",5,9.6,9.3,0.9966,3.21
"white",5,9.2,8.1,0.9958,3.08
"white",6,9.9,1.3,0.9926,3.04
"white",6,11.7,8.5,0.9939,2.96
"white",6,9.6,2.1,0.9953,3.09
"white",6,12,3.5,0.9906,3
"white",7,12.5,5.7,0.9914,2.93
"white",5,9.2,8.1,0.9958,3.08
"white",6,9.9,1.3,0.9926,3.04
"white",6,8.9,14.4,0.9991,3.17
"white",6,9,13.7,0.9994,3.24
"white",7,10.2,11.1,0.9976,3.03
"white",5,9.6,9.3,0.9966,3.21
"white",5,9.4,4.9,0.9953,3.29
"white",5,10.4,1.7,0.9923,2.97
"white",4,10.4,1.6,0.993,3.15
"white",6,10,1.4,0.9931,3.16
"white",6,10,1.4,0.9932,3.16
"white",5,10.5,1.6,0.9926,3.05
"white",6,11.4,6.8,0.9938,3.23
"white",5,10.2,9.7,0.9966,3.08
"white",6,10.4,10.5,0.9974,3.04
"white",3,11,2,0.9924,3.24
"white",6,10.1,6.2,0.9948,2.89
"white",5,9.2,8.3,0.9964,3
"white",6,10.3,1.6,0.9924,3.23
"white",5,10.2,9.7,0.9966,3.08
"white",6,10.4,10.5,0.9974,3.04
"white",7,11.1,4.6,0.9938,3.23
"white",5,9.9,1.2,0.9928,3.33
"white",5,9,7.6,0.9959,3.14
"white",5,8.6,15,1.0001,2.93
"white",5,9,7.6,0.9959,3.14
"white",5,8.6,15,1.0001,2.93
"white",5,9.5,11.6,0.9968,3.18
"white",5,9,1.1,0.9932,3.02
"white",6,10,7.8,0.9954,2.99
"white",6,9,12,0.9992,3.6
"white",5,9,1.1,0.9932,3.02
"white",7,10.2,1.4,0.9939,3.34
"white",5,9.6,6.7,0.9952,3.04
"white",5,9.7,17.2,0.9996,2.96
"white",4,10.2,1.4,0.9966,3.02
"white",7,13,8.2,0.9925,3.01
"white",6,10.8,4.3,0.996,3.37
"white",5,9.7,17.2,0.9996,2.96
"white",5,9,11.1,0.9973,2.89
"white",5,9.9,1.1,0.9937,3.37
"white",6,9.2,7.2,0.9966,3.29
"white",6,8.7,16.6,1.0017,2.96
"white",5,10.1,1,0.993,2.79
"white",5,10.1,1,0.993,2.79
"white",5,9.5,1.3,0.9959,2.9
"white",5,9.9,1.4,0.9958,3.17
"white",6,8.7,16.6,1.0017,2.96
"white",5,9,6.9,0.9958,3.19
"white",6,8.6,13.3,0.9979,3.03
"white",6,10.5,8.1,0.9941,3.12
"white",7,9.5,9.2,0.997,3.09
"white",6,10.1,1.4,0.9934,3.43
"white",7,11.7,3.2,0.9927,3.53
"white",6,10.7,2.5,0.9944,3.23
"white",7,11.7,3.2,0.9927,3.53
"white",5,9.2,4.5,0.9963,3.15
"white",5,8.8,18.35,1.0011,3.17
"white",5,8.8,18.35,1.0011,3.17
"white",6,NA,7.8,0.9959,3.24
"white",5,10.2,7,0.9973,3.57
"white",6,9.1,6.3,0.9966,3.25
"white",6,10.5,1.2,0.9932,3.19
"white",6,9,12.8,0.9984,3.09
"white",8,8.9,14.2,0.999,3.14
NA,8,8.9,14.2,0.999,3.14
"white",8,8.9,14.2,0.999,3.14
"white",8,8.9,14.2,0.999,3.14
"white",8,8.9,14.2,0.999,3.14
"white",6,9.1,16.65,1.0006,3.2
"white",6,10.1,1.9,0.9937,3.2
"white",5,10,7.7,0.9954,3.12
"white",6,9.5,10.4,0.997,3.11
"white",7,12.3,3.3,0.9912,3.08
"white",4,9.1,1.1,0.9939,3.24
"white",8,8.9,14.2,0.999,3.14
"white",5,9.6,6.3,0.9957,3.5
"white",6,11.6,5.25,0.9926,3.13
"white",6,8.8,14.6,0.9994,3.34
"white",6,8.9,11.8,1.0004,3.34
"white",6,8.8,14.6,0.9994,3.34
"white",6,8.9,11.8,1.0004,3.34
"white",6,8.9,11.8,1.0004,3.34
"white",6,9,17.3,1.0002,3.13
"white",5,10,1.4,0.9922,3.19
"white",5,10,1.3,0.9922,3.18
"white",6,11.1,1.6,0.9934,3.36
"white",6,11.6,5.25,0.9926,3.13
"white",6,10.6,2.4,0.9941,3.42
"white",6,8.8,14.6,0.9994,3.34
"white",6,8.9,11.8,1.0004,3.34
"white",6,10.1,1.5,0.9924,3.34
"white",5,10,1.8,0.9948,3.52
"white",7,12.2,7.7,0.9935,3.18
"white",6,11,2,0.9918,3.23
"white",5,10,1.8,0.9948,3.52
"white",5,11.1,1.4,0.9924,3.37
"white",6,10.4,16.7,0.9979,3.22
"white",5,11.8,8.1,0.993,2.94
"white",6,10.8,8,0.994,3.11
"white",7,12.5,4.7,0.991,3.3
"white",5,11.8,8.1,0.993,2.94
"white",7,11.6,2.1,0.9922,3.25
"white",6,10.4,16.7,0.9979,3.22
"white",6,11.5,6.4,0.9937,3.19
"white",6,10.1,1.5,0.9928,3.23
"white",6,9.2,7.6,0.9965,3.11
NA,6,10.1,1.5,0.9928,3.23
"white",5,9.2,12.4,0.9991,3.07
"white",5,8.9,1.3,0.9948,3.08
"white",5,10.1,1.7,0.9925,3.09
"white",5,8.9,8.1,0.9958,3.13
"white",6,9.7,7.1,0.9962,3.1
"white",6,9.2,7.6,0.9965,3.11
"white",6,11,2.3,0.9951,3.06
"white",5,10.7,6.5,0.9944,3.14
"white",6,10.8,1.4,0.9916,3.24
"white",5,9.8,12.7,0.9987,3.41
"white",5,11,1.6,0.9928,3.25
"white",5,10.4,1.1,0.9926,2.97
"white",6,10.2,1.2,0.9934,3.8
"white",5,10.7,6.5,0.9944,3.14
"white",5,9,4.6,0.9949,3.34
"white",5,10.6,0.6,0.9926,3.08
"white",6,9.5,10.6,0.997,3.22
"white",5,9,4.6,0.9949,3.34
"white",6,9.2,4.8,0.9948,3.34
"white",6,11,2.7,0.992,2.97
"white",6,9.9,12.6,0.9964,3.28
"white",5,10.6,0.6,0.9926,3.08
"white",5,9.3,9.2,0.9982,3.38
"white",5,9.6,6.6,0.9955,3.14
"white",5,9.5,7,0.9955,3.14
"white",7,9.7,8.45,0.9958,3.39
"white",3,9.7,11.1,0.9997,2.93
"white",5,8.7,18.15,1.0001,3.3
"white",5,8.7,18.15,1.0001,3.3
"white",5,12.4,4.1,0.9918,3.01
"white",5,12.4,4.1,0.9918,3.01
"white",6,10.6,4.6,0.9931,3.07
"white",5,8.7,18.15,1.0001,3.3
"white",7,12,4.9,0.9926,3.36
"white",5,9,8.3,0.9966,3.12
"white",5,8.8,1.4,0.9932,3.13
"white",5,9.5,11.5,0.9969,3.22
"white",6,10.8,1.8,0.9925,3.32
"white",5,11.4,1.6,0.9914,3.16
"white",5,10.3,2.4,0.996,3.6
"white",6,9.5,4.9,0.9952,3.3
"white",5,9.9,1.8,0.9934,3.15
"white",5,10.2,4.3,0.9939,3.16
"white",5,10.2,4.4,0.9939,3.16
"white",6,11,1.4,0.9906,3.44
"white",7,12.1,1.6,0.9901,3.22
"white",6,9.1,1.3,0.9948,3.26
"white",6,9.5,5.2,0.995,3.26
"white",5,9.5,5.6,0.9953,3.27
"white",5,9.8,5.3,0.9953,3.31
"white",6,9.5,4.9,0.9952,3.3
"white",5,10.3,2.4,0.996,3.6
"white",5,9.6,1.6,0.9948,3.3
"white",6,10.2,2.1,0.9951,3.52
"white",6,10.5,1.4,0.9931,3.68
"white",4,10.4,7.1,0.9962,3.32
"white",5,9.6,1.6,0.9948,3.3
"white",5,10.7,10.7,0.9959,3.22
"white",6,10.5,11.1,0.9962,3.15
"white",5,10.6,10.7,0.9958,2.85
"white",6,9.6,1.6,0.9948,3.29
"white",6,9.6,1.6,0.9948,3.29
"white",5,9.5,1.5,0.994,3.14
"white",6,9.4,1.5,0.9942,3.12
"white",6,9.8,1.6,0.9942,3.22
"white",6,9.6,1.6,0.9948,3.29
"white",5,9.2,8,0.9964,3.16
"white",5,9.5,7.7,0.9958,3.17
"white",5,9.2,2.7,0.9932,3.34
"white",5,9.4,15.1,0.9986,2.94
NA,5,9.4,15.1,0.9986,2.94
"white",5,9.3,8.9,0.9988,3.4
"white",5,9.1,6,0.9953,3.19
"white",5,9.5,12.3,0.9983,3.36
"white",6,9.1,13.1,1,3.42
"white",5,10.6,6.7,0.9951,3.63
"white",5,9.5,12.3,0.9983,3.36
"white",6,12.4,2.3,0.9906,3.19
"white",5,8.7,11.1,0.9981,3.18
"white",5,8.8,1.5,0.9936,3.12
"white",5,10.6,6.7,0.9951,3.63
"white",5,9.1,6,0.9953,3.19
"white",5,9,15.2,1.0005,3.02
"white",6,10.3,10.2,0.9972,3.16
"white",6,9.1,13.1,1,3.42
"white",6,9.5,10.7,0.9969,3.12
"white",5,8.8,17.1,1.0001,3.3
"white",5,8.8,17.1,1.0001,3.3
"white",5,8.8,17.1,1.0001,3.3
"white",5,9.9,1.9,0.9934,3.38
"white",6,9.5,10.7,0.9969,3.12
"white",5,8.8,17.1,1.0001,3.3
"white",4,11.7,1.2,0.9902,3.14
"white",5,10.8,1.2,0.993,3.21
"white",6,12,3.1,0.9914,3.43
"white",4,10.3,1.5,0.9941,3.2
"white",5,9,10.7,0.9967,3.05
"white",7,12.2,4.9,0.9918,3.19
"white",5,9.9,12.6,0.998,3.39
"white",5,9,10.7,0.9967,3.05
"white",7,12.2,4.9,0.9918,3.19
"white",5,10.1,12.15,0.9957,3.2
"white",5,9.3,12,0.9986,3.31
"white",5,9.5,1.7,0.9958,3.1
"white",6,9.2,2.6,0.9948,3.43
"white",5,11.7,1.4,0.9918,3.27
"white",5,11,1.9,0.9923,3.35
"white",6,9.6,16.9,0.9998,3.37
"white",6,9.6,16.9,0.9998,3.37
"white",6,11.9,2.1,0.9914,2.99
"white",6,10.8,7,0.9939,3.25
"white",5,10.1,7.1,0.9966,3.38
"white",6,10.9,5.9,0.995,3.25
"white",5,25,7.1,0.9966,3.38
"white",5,10.4,8.7,0.994,3.27
"white",5,9.2,13.2,0.9972,3.05
"white",5,9.6,15.3,0.9998,3.27
"white",5,9.6,15.3,0.9998,3.27
"white",5,9,13.2,0.9982,3.1
"white",7,11.5,2.7,0.9924,3.4
"white",6,10.2,10.65,0.9972,3.17
"white",6,9.9,10,0.997,3.4
"white",6,9.6,6.8,0.9954,3.44
"white",5,10.6,15.6,0.9962,3.1
"white",5,9.2,13.2,0.9972,3.05
"white",6,11.8,5.1,0.9921,3.24
"white",6,12.2,3,0.9905,3.18
"white",5,9.6,15.3,0.9998,3.27
"white",6,10.6,2.1,0.993,3.2
"white",6,10.3,1.9,0.9941,3.27
"white",4,10.2,8.6,0.9994,3.12
"white",5,10.7,8.75,0.9962,3.11
"white",4,11.7,3.6,0.992,3.05
"white",6,12,4.7,0.9922,3.01
"white",6,10.6,1.3,0.994,3.52
"white",4,12.2,1.8,0.9897,3.3
"white",6,11,9.7,0.9954,3.47
"white",7,12.4,4,0.99,3.23
"white",6,9.4,2.4,0.9948,2.77
"white",6,12,4.7,0.9922,3.01
"white",5,11.6,18.8,0.998,2.96
"white",5,9.4,1.8,0.9944,3.18
"white",5,9.4,1.8,0.9944,3.18
"white",7,9.1,12.8,0.9986,3.14
"white",7,9.1,12.8,0.9986,3.14
"white",7,9.1,12.8,0.9986,3.14
"white",7,9.1,12.8,0.9986,3.14
"white",7,9.1,12.8,0.9986,3.14
"white",5,9.2,7.8,0.996,3.23
"white",5,9.2,16.75,0.9999,3.15
"white",7,9.1,12.8,0.9986,3.14
"white",7,9.1,12.8,0.9986,3.14
"white",5,9.2,7.8,0.996,3.23
"white",7,9,5.4,0.9951,3.25
"white",5,9.2,16.75,0.9999,3.15
"white",6,10.8,1.3,0.993,3.22
"white",6,9.5,10.1,0.9982,3.4
"white",6,11,3.8,0.992,3.11
"white",5,10,10.9,0.9963,3.24
"white",5,9.5,6.6,0.995,3.22
"white",6,10.1,9.8,0.9956,3.29
"white",7,9.5,11.7,0.997,3.19
"white",5,9.5,1.2,0.9936,3.08
"white",5,9.5,1.4,0.9935,3.11
"white",6,9.4,9.6,0.9963,3.35
"white",6,9.4,12.2,0.9967,2.92
"white",6,12.7,2.6,0.9912,3.31
"white",5,9.7,10.7,0.9981,3.09
"white",6,9.7,4.9,0.9966,3.27
"white",6,9.4,12.2,0.9967,2.92
"white",6,9.4,9.6,0.9963,3.35
"white",5,9.5,1.4,0.9935,3.11
"white",6,11.7,1.1,0.9902,3.1
"white",6,11.7,1,0.99,3.09
"white",5,9.7,8.2,0.996,3.16
"white",6,9.5,11.3,0.9966,3.24
"white",5,9.1,7.3,0.9962,3.25
"white",6,10.3,2.3,0.994,3.23
"white",5,9.7,8.2,0.996,3.16
"white",5,9.9,2.1,0.994,3.21
"white",5,9.9,2,0.9944,3.22
"white",5,10.2,10,0.9974,3.26
"white",6,12.1,15.75,0.996,3
"white",7,11.3,3.9,0.9922,3.15
"white",5,11.4,2,0.9917,3.19
"white",6,12.2,1.5,0.9918,3.17
"white",7,9.9,1.6,0.9936,3.18
"white",6,10.3,1.4,0.9938,3.63
"white",6,12.2,1.5,0.9918,3.17
"white",6,10.4,1.4,0.9939,3.52
"white",5,11.4,2,0.9917,3.19
"white",6,9.9,13.8,0.9981,3.13
"white",5,10,1.3,0.9941,3.32
"white",6,11.5,3.8,0.9928,3.21
"white",6,10.5,6.9,0.9952,3.44
"white",7,12.5,2.2,0.9898,3.28
"white",6,10.5,1.6,0.9914,2.98
"white",6,9.9,13.8,0.9981,3.13
"white",7,11.4,10.8,0.9957,3.06
"white",6,9.8,12.8,0.998,3.42
"white",7,11.4,10.8,0.9957,3.06
"white",4,9.2,15.3,0.9986,3.03
"white",5,8.9,12.1,0.9983,3.08
"white",5,8.9,12,0.9982,3.07
"white",7,9.5,11.6,0.997,2.92
"white",6,11.5,9.2,0.9947,3.21
"white",7,9.5,11.6,0.997,2.92
"white",6,11.5,9.2,0.9947,3.21
"white",6,9.5,2.8,0.99416,2.96
"white",5,9.7,1.6,0.99516,3.35
"white",5,9.7,6.1,0.99496,3.17
"white",6,9.5,8.5,0.9974,3.32
"white",5,9.4,7.8,0.99579,3.16
"white",4,9,14.9,0.9983,3.13
"white",6,10.6,6.2,0.99471,3.6
"white",6,9.5,8.5,0.9974,3.32
"white",5,9.1,8.2,0.99644,3.16
"white",5,9.4,7.8,0.99579,3.16
"white",5,8.8,10.6,0.99699,3.05
"white",5,10.4,11.2,0.99758,3.54
"white",5,8.9,11.6,0.9977,3.13
"white",7,10.6,7.1,0.99397,3.16
"white",4,9,14.9,0.9983,3.13
"white",6,10.6,6.2,0.99471,3.6
"white",6,10.6,1.7,0.99243,3.28
"white",5,9,7.7,0.9962,3.23
"white",6,8.8,17.3,1.00182,3.08
"white",7,10.5,1.4,0.99384,3.54
"white",5,9.5,7.7,0.99582,3.16
"white",5,9,7.7,0.9962,3.23
"white",6,10.4,3.4,0.9924,3.14
"white",6,10,1.6,0.99466,3.38
"white",5,10.4,1.4,0.99212,2.97
"white",6,9,1.4,0.99449,3.11
"white",5,9.3,10.4,0.99748,3.24
"white",6,9,1.4,0.99449,3.11
"white",5,9.3,10.4,0.99748,3.24
"white",6,9,4.1,0.99475,3.18
"white",6,11.5,2.8,0.99189,3.06
"white",5,9,15.7,0.99827,3.11
"white",6,10.4,10.9,0.99752,3.52
"white",5,9,15.7,0.99827,3.11
"white",5,10.6,6.5,0.99479,3.08
"white",6,10.4,10.9,0.99752,3.52
"white",6,8.5,5.9,0.99642,3.47
"white",6,9.3,17.3,1.00047,3.07
"white",7,10.5,1.4,0.99382,3.53
"white",6,9.9,13.5,0.99784,3.39
"white",6,10.4,8.5,0.99486,3.4
"white",5,10.1,6.2,0.99537,3.35
"white",7,10.5,1.4,0.99382,3.53
"white",4,9.2,14.95,0.99838,3.04
"white",6,9.4,7.7,0.99566,3.17
"white",6,10.6,1.3,0.99268,3.53
"white",6,9.4,7.7,0.99566,3.17
"white",5,8.7,1.3,0.99468,3.08
"white",6,10.2,1.3,0.9933,3.61
"white",6,10.3,1.3,0.99307,3.61
"white",5,9.5,15.6,0.99907,3.06
"white",5,9.5,15.6,0.99907,3.06
"white",5,9.5,15.6,0.99907,3.06
"white",5,9.5,15.6,0.99907,3.06
"white",5,9.4,4.9,0.99471,3.17
"white",5,9.4,5,0.99471,3.17
"white",5,9.5,15.6,0.99907,3.06
"white",7,12.6,6.5,0.99148,3.16
"white",7,10.5,1.4,0.99383,3.52
"white",6,10.8,2.7,0.99365,3.1
"white",6,9.9,1.2,0.99272,3.18
"white",7,12.6,6.5,0.99148,3.16
"white",7,12.2,6.4,0.99235,3.38
"white",6,10,6.9,0.99508,3.23
"white",7,10.6,7.2,0.9946,3.29
"white",6,9.5,10.6,0.99674,3.24
"white",8,12.8,3.5,0.99018,3.34
"white",7,12.2,6.4,0.99235,3.38
"white",7,12.6,2.3,0.99084,3.34
"white",5,9.4,12.05,0.99856,3.45
"white",5,9,7,0.99591,3.21
"white",5,9.1,11.8,0.9975,3.23
"white",6,9.4,1.4,0.9944,3.06
"white",7,12.2,5,0.99173,3.33
"white",5,10,2.2,0.99378,3.21
"white",5,9.2,14.6,0.99805,2.93
"white",5,9.3,1.6,0.99534,3.11
"white",6,9.8,1.3,0.99232,3.14
"white",5,9.2,14.6,0.99805,2.93
"white",7,12,2.8,0.99078,3.34
"white",5,9.3,1.6,0.99534,3.11
"white",7,12.6,3.3,0.99061,3.33
"white",6,12.2,6.3,0.99182,3.31
"white",6,11,8.1,0.9966,3.4
"white",7,12,1.6,0.9912,3.25
"white",5,8.8,10.6,0.99779,3.16
"white",4,8.9,11.8,0.99814,3.17
"white",7,12.7,1.7,0.99096,3.59
"white",6,11.8,8.1,0.99379,3.1
"white",5,10.2,1.4,0.99426,3.79
"white",6,9.9,1.3,0.99228,3.24
"white",6,11.1,1.8,0.99335,3.35
"white",5,9.4,7.2,0.99595,3.22
"white",6,9.7,1.1,0.99297,3.13
"white",5,9.7,11.95,0.99687,3.11
"white",6,9.7,1.1,0.99297,3.13
NA,5,9.7,11.95,0.99687,3.11
"white",5,9.8,2.2,0.99445,3.19
"white",6,9.3,12.7,0.9986,3.25
"white",5,10.5,1.4,0.99154,2.95
"white",6,9.3,10.6,0.9981,3.47
"white",8,12.6,1.9,0.98993,3.45
"white",5,8.9,17.8,1.00241,3.44
"white",5,10.3,10.2,0.99716,3.18
"white",5,10.6,4.8,0.99437,3.29
"white",4,9,9.8,0.9972,3.15
"white",5,9.7,8.4,0.99756,3.48
"white",6,9.5,7.2,0.99509,3.22
"white",6,10.3,4.8,0.99572,3.49
"white",5,9.7,8.4,0.99756,3.48
"white",8,12.3,4.5,0.99175,3.21
"white",5,10.5,1.4,0.99254,3.4
"white",6,9.5,7.2,0.99509,3.22
"white",6,10,11,0.99676,3.11
"white",4,8.8,11.1,0.9979,3.08
"white",6,10.9,2.6,0.99194,3
"white",6,12.2,2,0.99077,2.95
"white",5,9.5,10.1,0.99782,3.06
"white",5,10,13.3,0.99942,3.47
"white",6,9.6,11.4,0.99708,3.11
"white",6,8.7,1.3,0.99353,3.13
"white",7,10.7,1.4,0.99256,3.39
"white",6,11.1,1.4,0.99199,3.43
"white",7,12.5,7,0.9918,3.25
"white",6,10.4,2,0.99354,3.3
"white",5,11.5,1.2,0.99244,3.2
"white",5,9.4,12.9,0.99831,3.05
"white",5,9.3,5,0.99396,3.03
"white",6,10.1,10.1,0.99724,3.17
"white",5,9.7,3.75,0.99524,3.28
"white",6,10.5,1.7,0.9927,3.49
"white",5,9.7,12.6,0.99802,3.42
"white",5,9.2,1.3,0.99512,3.59
"white",5,9.8,1.6,0.99438,3.19
"white",5,9,7.6,0.99679,3.12
"white",6,9.1,8.1,0.99652,3.15
"white",6,10.4,14.9,0.99698,3.25
"white",6,10.7,6,0.99474,3.68
"white",7,10.5,6,0.99511,3.59
"white",5,9.2,7.2,0.99582,3.21
"white",4,11.5,3,0.99125,3.28
"white",3,10.4,1.2,0.99256,3.05
"white",6,12,2,0.9911,3.3
"white",6,12.2,4.9,0.99168,3.38
"white",6,12,2,0.9911,3.3
"white",6,9.8,8.9,0.99556,3.29
"white",5,9.3,16.45,1.00098,3.1
"white",4,9.6,2,0.99516,3.49
"white",4,9.5,1.9,0.99516,3.49
"white",6,10.2,5.1,0.99518,3.5
"white",8,10.4,4.4,0.99347,3.24
"white",6,11,5.8,0.9929,3.28
"white",8,10.4,4.4,0.99347,3.24
"white",5,8.7,12.9,0.99841,3.05
"white",4,9.9,1.3,0.99362,3.29
"white",4,9.9,1.3,0.99361,3.29
"white",4,11.3,1.2,0.9914,3.06
"white",8,12,2.7,0.99114,3.38
"white",8,10.7,1.7,0.9925,3.43
"white",6,10.1,8.2,0.99453,3.13
"white",7,9.6,1.5,0.9938,3.25
"white",6,9.6,1.5,0.9938,3.25
"white",5,8.7,12.9,0.99806,3.29
"white",5,10.3,3.9,0.9961,3.54
"white",5,9.1,17.75,1.00016,2.98
"white",6,11.8,4.9,0.9916,3.17
"white",6,11.9,1.6,0.99116,3.15
"white",6,10.3,1.4,0.99319,3.66
"white",4,10,2,0.99517,3.09
"white",4,10.2,2,0.99514,3.1
"white",6,10,8.2,0.99566,3.12
"white",6,12.7,2.1,0.99166,2.96
"white",5,9.6,1.8,0.99587,3.04
"white",5,9.5,8.5,0.99558,3.16
"white",6,12.7,4.45,0.99117,3.17
"white",6,11,5.8,0.99399,3.34
"white",5,9.1,13,0.99741,3.1
"white",4,10.2,2.7,0.99405,3.35
"white",6,10.1,7.3,0.99622,3.38
"white",6,9.2,19.1,1.00051,3.05
"white",4,NA,8.8,0.99803,3.47
"white",4,10.2,2.7,0.99405,3.35
"white",4,9.2,7.4,0.99773,3.53
"white",5,10,2.3,0.99397,2.98
"white",6,10.1,6.85,0.99622,3.38
"white",5,9,11.4,0.99713,3.15
"white",5,9.5,0.9,0.99274,3.16
"white",5,9.1,19.35,1.00118,3.39
"white",7,13.3,7.9,0.99176,3.05
"white",5,9.5,11.75,0.9969,3.26
"white",5,9.2,7.7,0.99771,3.56
"white",6,10.1,3,0.99411,3.36
"white",5,9.2,7.7,0.99771,3.56
"white",6,10.1,3,0.99411,3.36
"white",6,11.2,1.5,0.99194,3.27
"white",6,9.8,7.5,0.99558,3.14
"white",6,11.2,1.5,0.99194,3.27
"white",6,9.8,7.5,0.99558,3.14
"white",5,9.4,8.3,0.99577,3.22
"white",5,9,7.05,0.99564,3.23
"white",5,9.4,8.4,0.99578,3.21
"white",6,8.9,13.9,0.99888,3.11
"white",6,9.1,17.5,1.00014,3.02
"white",4,9.8,5.6,0.99441,3.17
"white",5,9.4,9.4,0.99594,3.17
"white",6,10,4.8,0.99437,3.13
"white",5,9.4,9.4,0.99594,3.17
"white",6,9.9,9.7,0.9979,3.48
"white",5,10,6.3,0.99434,3.14
"white",6,11.5,1.6,0.99203,3.17
"white",5,9.2,14.6,0.998,3
"white",5,10,2.5,0.99316,3.15
"white",5,9.2,14.6,0.998,3
"white",5,10,2.6,0.99314,3.15
"white",5,10,2.5,0.99316,3.15
"white",6,9.8,8.2,0.99612,3.43
"white",6,10.5,1.5,0.99295,3.36
"white",6,10.6,2.3,0.99394,3.45
"white",5,9.4,10,0.99642,3.28
"white",5,9.4,10,0.99642,3.28
"white",7,11,1.6,0.99248,3.38
"white",6,10.8,1.6,0.99268,3.53
"white",5,9,16,0.99954,3.3
"white",6,9.6,10.4,0.99692,3.07
"white",6,10.6,7.4,0.99592,3.19
"white",6,10.6,7.4,0.99592,3.19
"white",6,9.6,10.4,0.99692,3.07
"white",5,9.2,16.05,0.99822,3.08
"white",5,9.2,16.05,0.99822,3.08
"white",5,9.5,2.6,0.99402,2.89
"white",5,9.5,2.5,0.99404,2.89
"white",7,10.3,10.8,0.99787,3.47
"white",5,8.8,1.2,0.99347,3.08
"white",5,8.7,12.1,0.99838,2.98
"white",5,8.7,11.95,0.99839,2.98
"white",6,10.2,1.7,0.99375,3.2
"white",6,10.1,0.8,0.99155,3.25
"white",5,9.5,1.4,0.9936,3.21
"white",5,9.5,1.3,0.99434,3.1
"white",7,11.6,6.3,0.9922,3.54
"white",6,10.7,10.3,0.99571,3.13
"white",6,10.1,15.55,0.99658,3.11
"white",7,11.1,1.5,0.99076,3.32
"white",5,9.8,1.5,0.99496,3.22
"white",6,9,1.4,0.9937,3.08
"white",7,11.1,1.5,0.99076,3.32
"white",6,9.5,7.9,0.99542,3.19
"white",6,9.4,13,0.99825,3.37
"white",5,10.2,1,0.99289,3.24
"white",6,9.8,4.85,0.99432,3.1
"white",6,9.5,7.1,0.99523,3.19
"white",6,9.5,7.9,0.99542,3.19
"white",5,9,7.5,0.9959,3.17
"white",6,10.1,7.6,0.99543,3.1
"white",5,8.8,10.3,0.99662,3.02
"white",6,11.9,1.7,0.99088,2.97
"white",6,11.9,1.7,0.99088,2.97
"white",6,9.3,19.95,0.99922,3.19
"white",6,10,7.7,0.9966,3.33
"white",5,9.5,5.3,0.99466,3.21
"white",6,9.3,19.95,0.99922,3.19
"white",4,9.7,12.7,0.99836,3.16
"white",4,9.7,12.7,0.99836,3.16
"white",5,10.2,1.5,0.99238,3.19
"white",5,10.8,11.3,0.99645,3.11
"white",5,8.8,18.1,1,3.27
"white",5,8.8,18.1,1,3.27
"white",6,11.4,7,0.99376,3.32
"white",5,8.8,18.1,1,3.27
"white",5,9.8,6.4,0.99513,3.14
"white",4,9.4,1.4,0.99556,3.17
"white",4,9.4,1.4,0.99556,3.17
"white",6,9.4,3.1,0.99543,3.21
"white",6,9.4,14.1,0.99886,3.2
"white",6,9.7,7.7,0.99526,3.22
"white",7,12.3,5.2,0.99166,3.35
"white",6,9.8,11.6,0.99691,3.33
"white",5,9,10.4,0.99732,3.12
"white",6,9.2,7.5,0.99573,3.26
"white",6,9.4,11.2,0.99656,3.19
"white",6,9.9,0.8,0.99112,3.28
"white",5,9.8,1.4,0.99214,3.07
"white",7,12.3,4.7,0.99165,3.36
"white",7,11.9,3.1,0.99004,3.02
"white",6,10.2,4,0.99463,3.27
"white",6,9.5,11.3,0.99683,3.14
"white",7,11.9,3.1,0.99004,3.02
"white",5,9.2,8.1,0.99596,3.24
"white",5,9.7,14.8,0.99898,3.18
"white",7,11.5,1.4,0.99114,3.36
"white",8,10.4,8.1,0.99508,3.17
"white",5,11.6,3.5,0.99306,3.22
"white",5,9.7,14.8,0.99898,3.18
"white",8,10.4,8.1,0.99508,3.17
"white",7,11.5,1.4,0.99114,3.36
"white",6,10.2,1.5,0.99342,3.27
"white",6,9.8,1.5,0.99345,3.38
"white",5,9,12.8,0.99772,3.24
"white",6,10.5,1.6,0.99239,3.38
"white",4,9.4,7.1,0.99502,3.16
"white",4,9.4,7.1,0.99502,3.16
"white",5,10.8,11.2,0.99479,3.21
"white",7,10.7,1.7,0.99207,3.17
"white",6,10.6,6.7,0.99497,3.08
"white",6,9.2,17.3,0.99828,3.15
"white",6,9.5,8.6,0.99542,3.28
"white",6,9.5,8.6,0.99542,3.28
"white",5,10,1.5,0.99228,3.41
"white",5,10.6,12.1,0.99706,3.13
"white",6,10.6,6.7,0.99497,3.08
"white",5,10.6,10.7,0.99669,3.13
"white",6,9.2,17.3,0.99828,3.15
"white",6,11,1.8,0.99269,3.24
"white",6,11.2,1.4,0.99196,3.25
"white",5,9.6,7.5,0.99662,3.32
"white",5,9.4,4.8,0.99475,3.21
"white",6,9.5,7.1,0.99544,3.2
"white",5,9.3,16.9,0.99944,3.09
"white",5,9.4,4.8,0.99475,3.21
"white",6,9.5,7.1,0.99544,3.2
"white",5,9.4,11.3,0.9966,3.07
"white",7,11.2,1.1,0.99066,3.13
"white",7,11.2,1.2,0.9907,3.14
"white",7,11.2,1.1,0.99066,3.13
"white",5,8.8,12.9,0.998,3
"white",7,11.2,1.2,0.9907,3.14
"white",7,11.2,1.1,0.99066,3.13
"white",5,9.4,1.2,0.99307,3.2
"white",6,11.1,2.3,0.99106,3.06
"white",5,9.6,10,0.99696,3.08
"white",6,11.1,2.3,0.99106,3.06
"white",5,9.4,1.2,0.99307,3.2
"white",6,10.6,1.4,0.99167,2.95
"white",5,8.9,14.9,0.99902,3.13
"white",7,12.3,1.8,0.98992,3.15
"white",5,11.4,1.8,0.99182,3.34
"white",6,9.6,7,0.99556,3.16
"white",6,10.3,8.6,0.99582,3.33
"white",5,11.4,1.8,0.99182,3.34
"white",6,12.1,1.1,0.98972,3.23
"white",5,9.9,1.3,0.99352,3.46
"white",5,9.7,4.9,0.9946,3.15
"white",5,10.5,1.9,0.99273,3.18
"white",6,8.9,10.4,0.99628,3.04
"white",5,9.4,10,0.99582,3.18
"white",5,9.6,8.6,0.99553,3.18
"white",7,12.6,1.7,0.98914,3.4
"white",6,9.2,1.7,0.99354,3.1
"white",5,10.4,18.95,0.99976,3.2
"white",7,9,12.8,0.99808,3
"white",7,9,12.8,0.99808,3
"white",7,9,12.8,0.99808,3
"white",7,9,12.8,0.99808,3
"white",7,9,12.8,0.99808,3
"white",7,9,12.8,0.99808,3
"white",6,9.2,0.7,0.9919,3.22
"white",7,9,12.8,0.99808,3
"white",4,9.7,1.4,0.99499,3.2
"white",6,10.1,13.3,0.99655,3.34
"white",7,11,8.5,0.99615,3.46
"white",5,10.8,1.5,0.99296,3.2
"white",5,10.8,11.7,0.99482,3.22
"white",7,13.5,5,0.99079,3.48
"white",5,10.6,1.2,0.99366,3.24
"white",5,9.8,2.1,0.99434,3.23
"white",6,11.7,1.4,0.98958,3.18
"white",5,9.8,2.1,0.99434,3.23
"white",6,9,16,0.99938,3.34
"white",7,11.3,1.1,0.99059,3.18
"white",5,9.4,15.3,0.99835,3.31
"white",6,11.7,1.4,0.98958,3.18
"white",7,11.3,2.8,0.99159,3.31
"white",7,11.3,2.8,0.99159,3.31
"white",6,12,0.9,0.98931,3.2
"white",6,10.6,2.5,0.9938,3.48
"white",6,10.8,8.1,0.99558,3.13
"white",6,10.8,8.2,0.99563,3.12
"white",6,12,0.9,0.98931,3.2
"white",5,9.4,11.1,0.99691,3.18
"white",5,9.4,7.8,0.9959,3.19
"white",7,11.3,2.8,0.99159,3.31
"white",5,9.4,10.1,0.99628,3.07
"white",5,12,3.2,0.99076,3.39
"white",7,10.3,14.2,0.99678,3.28
"white",7,10.3,14.2,0.99678,3.28
"white",7,10.3,14.2,0.99678,3.28
"white",7,11.3,2.9,0.99089,3.22
"white",6,9.4,6,0.99537,3.1
"white",5,8.7,20.4,1.0002,3.14
"white",5,9.4,10.1,0.99628,3.07
"white",7,11.3,2.9,0.99089,3.22
"white",7,10.3,14.2,0.99678,3.28
"white",5,12,3.2,0.99076,3.39
"white",5,8,0.95,0.99332,3.34
"white",7,10.4,1.7,0.99316,3.44
"white",7,10.7,1.7,0.99272,3.37
"white",6,10.2,9,0.99636,3.47
"white",5,10.9,1.3,0.99202,3.56
"white",6,10.5,1.4,0.99148,3.3
"white",7,11.7,2.4,0.99064,3.26
"white",5,8.6,16,0.99884,3.13
"white",5,9,11.4,0.99773,3.2
"white",5,8.7,14.35,1.00013,2.96
"white",6,12.8,2.1,0.98974,3.1
"white",5,9,11.4,0.99773,3.2
"white",5,8.7,14.35,1.00013,2.96
"white",6,11.8,1.1,0.99112,3.28
"white",6,11.6,1.1,0.99136,3.05
"white",6,11.8,1.2,0.99132,3.14
"white",5,10.6,15.8,0.99642,3.24
"white",5,9.7,5.2,0.99488,3.17
"white",5,10.3,5.2,0.99527,3.22
"white",6,10.2,9.6,0.99578,3.15
"white",7,25,5.2,0.99352,3.33
"white",7,10.9,1.2,0.99199,3.7
"white",5,9.3,0.8,0.99198,3.24
"white",6,10.2,14.45,0.99756,3.33
"white",6,10.2,9.6,0.99578,3.15
"white",5,9.5,6.9,0.99561,3.11
"white",5,9.3,3.4,0.99347,3.18
"white",7,12.9,2.3,0.98936,3.06
"white",5,8.7,11,0.99786,3.14
"white",5,9.4,5.95,0.99705,3.4
"white",5,10.1,5.1,0.9942,3.23
"white",4,10,5.4,0.9948,3.19
"white",7,11.1,1.2,0.99116,3.27
"white",7,10.3,12.6,0.99688,3.26
"white",6,12.2,1,0.98974,3.24
"white",6,9.3,6.6,0.99542,3.11
"white",6,11.3,1.5,0.99154,3.19
"white",6,10.8,1,0.99118,3.04
"white",8,11.2,1.1,0.99044,2.98
"white",7,12.5,6.6,0.9914,3.32
"white",5,9.3,8.2,0.9979,3.39
"white",7,12.9,2,0.98892,3.4
"white",7,11.2,1.4,0.99114,3.2
"white",6,12.6,2,0.99188,3
"white",5,9.3,7.5,0.99583,3.2
"white",7,12.9,2,0.98892,3.4
"white",7,12.9,2,0.98892,3.41
"white",7,9.5,13.3,0.99704,3.2
"white",6,11.9,2.85,0.9911,3.19
"white",7,10.3,5.6,0.99334,2.93
"white",7,10.3,5.6,0.99334,2.92
"white",6,11.2,1,0.99094,3.06
"white",6,12,3.2,0.99014,3.18
"white",5,9.6,1,0.99304,3.13
"white",6,9.2,7.1,0.99652,3.2
"white",6,12.9,2.4,0.98944,3.03
"white",6,9.3,11.2,0.99772,2.99
"white",6,12.1,9.5,0.99367,3.1
"white",5,9.6,1,0.99304,3.13
"white",6,11.2,1.8,0.99183,3.37
"white",7,11.2,2.6,0.99126,3.11
"white",6,12.9,2.4,0.98944,3.03
"white",5,9.2,8,0.99577,3.21
"white",6,9.3,11.2,0.99772,2.99
"white",6,9.2,7.1,0.99652,3.2
"white",6,9.3,3.3,0.99428,3.18
"white",6,10.7,10.3,0.99388,3.2
"white",6,9.8,1.2,0.99208,3.05
"white",6,10.3,1.6,0.99256,3.3
"white",6,10.7,10.3,0.99388,3.2
"white",6,11.3,9.65,0.9925,3.28
"white",6,8.8,16.4,0.99904,3.02
"white",5,10.8,1.5,0.99216,3.18
"white",6,9.8,1.2,0.99208,3.05
"white",6,9.3,3.3,0.99428,3.18
"white",7,11.5,5,0.99165,3.26
"white",5,8.8,16.3,0.99924,3.26
"white",5,8.8,16.3,0.99924,3.26
"white",5,8.8,16.3,0.99924,3.26
"white",6,9.4,6.5,0.9956,3.19
"white",6,9.4,6.4,0.99562,3.19
"white",6,9.6,10.2,0.9972,3.16
"white",5,8.8,16.3,0.99924,3.26
"white",6,9.3,7.4,0.9958,3.22
"white",5,8.9,13.7,0.99976,3.22
"white",5,8.9,13.7,0.99976,3.22
"white",5,10,1.3,0.99296,3.74
"white",5,9.1,7.4,0.9957,3.24
"white",6,9.3,7.4,0.9958,3.22
"white",6,9.4,7.45,0.99579,3.2
"white",6,10.1,7.2,0.99541,3.14
"white",5,8.9,13.7,0.99976,3.22
"white",6,10.8,10.4,0.99518,3.2
"white",6,10,1.1,0.99168,3.24
"white",6,10.9,6.5,0.99276,3.03
"white",7,12,4.6,0.99085,3.15
"white",5,9.3,13.9,0.99873,2.99
"white",7,12.3,5.2,0.99172,3.22
"white",6,10.4,1.7,0.99312,3.45
"white",6,10.9,6.5,0.99276,3.03
"white",5,10.5,16.4,0.9972,3.22
"white",6,9.8,3.6,0.99278,3.41
"white",6,10.5,1.5,0.99092,3.06
"white",6,9.9,12.4,0.9962,3.16
"white",7,11.4,1.7,0.99053,3.27
"white",5,9.2,6.2,0.99858,3.18
"white",5,9.7,6.2,0.9984,3.09
"white",5,10,2.6,0.99335,3.09
"white",7,11.4,1.7,0.99053,3.27
"white",6,10.3,9.3,0.9949,3.13
"white",6,9.9,12.4,0.9962,3.16
"white",6,10.5,1.5,0.99092,3.06
"white",7,9.8,9.1,0.99532,3.16
"white",5,9.3,12,0.99727,3.19
"white",7,12.4,4.8,0.99026,3.08
"white",6,9.3,12.3,0.99668,3.16
"white",5,9.3,12,0.99727,3.19
"white",6,9.5,2.7,0.9952,3.26
"white",6,10.5,3.6,0.99144,3.08
"white",6,10.5,3.6,0.99144,3.08
"white",7,12.8,4.3,0.99015,3.26
"white",6,10.8,1.8,0.9914,2.99
"white",6,10,11.8,0.99693,3.1
"white",8,11.8,1.8,0.99035,3.38
"white",6,10,11.8,0.99693,3.1
"white",8,11.8,1.8,0.99035,3.38
"white",6,12,1.4,0.99006,3.19
"white",6,12.6,6.6,0.99126,3.18
"white",8,11.9,1.55,0.98994,3.37
"white",5,10.6,0.7,0.98985,3.13
"white",5,9.2,6.4,0.9971,3.42
"white",NA,10,11.8,0.99882,3.17
"white",5,9.2,4.3,0.99477,3.36
"white",6,9.3,5.1,0.99478,3.36
"white",6,10.2,5.8,0.99576,3.24
"white",6,10.2,5.9,0.99578,3.25
"white",5,8.7,1.3,0.99354,3.14
"white",5,10.7,1.4,0.99244,3.24
"white",6,12.1,1.2,0.99084,3.18
"white",6,9.5,7.4,0.99612,3.12
"white",6,11.2,10.8,0.99356,3.18
"white",6,12,1.8,0.98952,2.93
"white",6,9.5,7.4,0.99612,3.12
"white",6,12.1,1.2,0.99084,3.18
"white",5,10.7,1.4,0.99244,3.24
"white",7,8.8,14.4,0.99955,3.26
"white",6,10.8,1.7,0.99374,3.8
"white",7,13.1,3.6,0.9892,3.31
"white",7,12.5,3.6,0.99144,3.08
"white",8,11.7,10.05,0.99352,3.09
"white",8,11.7,10.05,0.99352,3.09
"white",8,11.6,10.5,0.9935,3.09
"white",6,11.3,1.9,0.99237,3.29
"white",7,12.5,3.6,0.99144,3.08
"white",5,11.4,1.65,0.99022,3.11
"white",5,12.2,1.9,0.99032,3.4
"white",6,11.7,65.8,1.03898,3.39
"white",6,10.4,6.85,0.99587,3.31
"white",6,10.4,7.4,0.99587,3.31
"white",6,10.4,7.4,0.99587,3.31
"white",5,9.1,20.2,0.99976,3.17
"white",6,12.2,11,0.99354,3.05
"white",5,9.1,20.2,0.99976,3.17
"white",5,9.4,6.2,0.99552,3.12
"white",5,9.4,6.2,0.99552,3.11
"white",6,10.4,6.85,0.99587,3.31
"white",5,9.2,8,0.99604,3.22
"white",5,9.4,8.2,0.99584,3.2
"white",7,13.5,2.2,0.98894,3.22
"white",5,9.4,10.1,0.9963,3.07
"white",8,10.9,7.2,0.993,3.13
"white",7,13.5,2.2,0.98894,3.22
"white",5,9.4,10.1,0.9963,3.07
"white",7,11.4,1.6,0.99068,3.19
"white",7,12.4,1.3,0.98964,3.19
"white",5,9.2,8,0.99604,3.22
"white",5,9.4,8.2,0.99584,3.2
"white",6,10.5,5.3,0.9923,3.3
"white",8,11.5,14,0.99437,3.26
"white",8,10.9,7.2,0.993,3.13
"white",6,10.8,1.6,0.99238,3.34
"white",5,8.9,11.8,0.99801,3.03
"white",5,8.9,9.6,0.99802,3.03
"white",6,9.4,6.1,0.99566,3.2
"white",7,12.2,2.7,0.99067,3.44
"white",7,12.1,3.6,0.99066,2.99
"white",5,10.9,1.7,0.9929,3.17
"white",6,10.1,1.6,0.9934,3.34
"white",7,12.2,2.7,0.99067,3.44
"white",7,13,1,0.98912,3.31
"white",5,11,0.9,0.99066,3.23
"white",5,10.8,1.6,0.99228,3.19
"white",7,13,1,0.98912,3.31
"white",4,9.3,10.6,0.9958,2.91
"white",6,11.4,2,0.99052,3.44
"white",5,9.2,1.2,0.99312,2.99
"white",5,9.9,6.2,0.9968,3.5
"white",5,10.5,9.2,0.99502,3.22
"white",6,12.4,5,0.99084,3.06
"white",6,9.5,6.3,0.99573,3.18
"white",6,10.5,3.3,0.99256,3.16
"white",6,9.1,8,0.9959,3.23
"white",7,11.5,1.2,0.99084,3.38
"white",7,11.5,1.2,0.99084,3.38
"white",5,11.2,16.2,0.99644,3.17
"white",5,10.8,11.6,0.99526,3.22
"white",5,9.4,7.2,0.9954,3.12
"white",6,11,1.1,0.99095,3.17
"white",7,11.3,3.4,0.99188,3.21
"white",6,11.2,1.4,0.9909,3.28
"white",6,10.5,3.3,0.99256,3.16
"white",6,9.1,8,0.9959,3.23
"white",6,10.4,9.3,0.99581,3.21
"white",7,11.2,2.3,0.99132,3.1
"white",7,11.1,0.9,0.98936,3.14
"white",6,11.2,3.5,0.99136,3.18
"white",6,10.5,1.7,0.99142,3.29
"white",6,10,1.3,0.99232,3.2
"white",6,10,1.3,0.99232,3.2
"white",5,10.9,5.6,0.993,3.1
"white",7,10.9,7.4,0.99311,3.15
"white",7,11.2,2.3,0.99132,3.1
"white",5,11.7,1,0.98993,3.5
"white",5,10,1.5,0.99208,3.16
"white",5,9.5,10,0.99776,3.02
"white",5,9,14.9,0.99839,3.03
"white",5,10,9.3,0.99574,3.04
"white",5,11.9,1,0.99093,3.08
"white",6,10.6,1,0.99156,3.57
"white",6,11,5.9,0.99278,3.15
"white",7,11.2,5,0.9924,3.25
"white",7,12,1.25,0.98984,3.51
"white",8,12.6,3.9,0.99035,3.24
"white",7,11.2,5,0.9924,3.25
"white",6,10.5,0.8,0.99165,3.24
"white",6,10.2,1,0.9923,3.11
"white",6,11,5.9,0.99278,3.15
"white",6,12.2,1.6,0.99008,3.57
"white",6,12.3,1.3,0.98964,3.18
"white",6,10.6,1,0.99156,3.57
"white",6,10.4,1.1,0.9909,3.36
"white",7,12,1.25,0.98984,3.51
"white",7,12.7,1.4,0.9889,3.15
"white",5,10.6,1.2,0.99178,3.05
"white",6,12.3,5,0.99076,3.14
"white",7,12.7,1.4,0.9889,3.15
"white",6,11.4,1.7,0.99046,3.09
"white",7,12,1.8,0.98999,3.65
"white",8,12.4,1.6,0.98946,3.23
"white",7,12.1,1.5,0.98976,3.24
"white",6,11.4,1.7,0.99046,3.09
"white",5,10.7,13.9,0.99672,3.21
"white",5,9.3,5.9,0.99482,2.97
"white",6,12.7,2.1,0.98945,3.37
"white",6,11.7,1.1,0.98883,3.18
"white",5,10.7,6.7,0.99362,2.93
"white",7,11.8,2.7,0.99075,2.99
"white",5,9.9,6.7,0.99436,3.2
"white",7,13.4,3.95,0.98988,3.23
"white",7,12.8,7.75,0.99158,3.12
"white",6,12.8,10.6,0.99265,3.15
"white",5,10.5,1.6,0.99195,3.13
"white",5,11.5,2.5,0.99168,3.31
"white",4,10.5,0.7,0.9918,3.04
"white",6,13,11.1,0.99313,2.95
"white",8,12.4,5.15,0.9895,3.19
"white",6,10.2,4.7,0.9932,3.16
"white",5,9,9.7,0.99848,3.23
"white",7,12,1.7,0.9909,3.33
"white",7,11.7,1.4,0.99014,3.15
"white",5,10,2,0.9952,3.58
"white",5,10.3,7.5,0.99652,3.37
"white",5,9,9.7,0.99848,3.23
"white",5,11.1,0.8,0.99104,2.99
"white",5,9,13.1,0.99772,3.31
"white",6,10.5,1.1,0.9922,3.4
"white",7,11.9,2.2,0.99076,3.27
"white",5,9.4,8.9,0.99622,3.27
"white",6,11.4,1.1,0.9902,3.31
"white",7,10.8,0.9,0.99114,3.31
"white",5,9.8,1.7,0.9938,3.1
"white",5,9.3,6.9,0.99594,3.2
"white",6,11.4,1.1,0.9902,3.31
"white",6,11.3,1,0.99035,3.24
"white",6,11.3,1,0.99032,3.23
"white",5,9.5,7.6,0.99558,3.22
"white",5,9.4,8.9,0.99622,3.27
"white",7,11.9,2.2,0.99076,3.27
"white",5,9.3,1.2,0.99413,3.03
"white",6,11.4,1,0.99043,3.03
"white",6,11.4,1,0.99043,3.03
"white",6,12.7,3.1,0.98982,3.22
"white",7,13.5,1.95,0.98934,3.2
"white",6,11.2,2.2,0.9902,3.06
"white",5,10.7,8.75,0.99449,3.19
"white",4,10.8,11.9,0.99629,3.01
"white",6,10.5,2.7,0.9948,3.46
"white",8,13,5.45,0.98984,3.13
"white",6,10.8,6.3,0.99326,3.08
"white",6,9.1,14.4,0.99834,3.05
"white",5,10.1,7.8,0.99555,3.1
"white",8,11.9,1.6,0.98975,3.3
"white",7,12,9.1,0.99216,2.98
"white",7,12,9.1,0.99216,2.98
"white",6,9.1,14.4,0.99834,3.05
"white",8,11.6,1.3,0.9901,3.22
"white",8,11.9,1.6,0.98975,3.3
"white",6,10.2,11.3,0.99573,3.14
"white",6,10.8,6.3,0.99326,3.08
"white",5,9.8,0.7,0.99215,3.3
"white",4,11.4,1.25,0.98993,2.95
"white",5,9.8,0.7,0.99218,3.3
"white",5,10.1,7.8,0.99555,3.1
"white",8,9.8,10.3,0.99564,3.19
"white",8,9.8,10.3,0.99564,3.19
"white",6,10.7,7.8,0.99397,3.21
"white",5,10.6,8.7,0.99576,3.11
"white",5,9.3,8.3,0.99601,3.17
"white",8,9.8,10.3,0.99564,3.19
"white",6,10.7,7.8,0.99397,3.21
"white",8,14,1.2,0.98713,3.33
"white",6,11,8.3,0.99308,3.36
"white",6,11,8.3,0.99308,3.36
"white",6,9.4,6.2,0.99582,3.21
"white",6,9,5,0.99494,3.1
"white",5,9,1.8,0.9929,3.08
"white",5,10,1.6,0.99471,3.37
"white",5,9,1.8,0.9929,3.08
"white",5,9,1.8,0.9929,3.08
"white",7,12.4,2.9,0.99037,3.29
"white",5,11.3,6,0.99304,3.14
"white",6,12,0.9,0.99026,2.8
"white",6,11.7,1.1,0.98986,3.01
"white",5,10,1.6,0.99471,3.37
"white",7,13.2,5.45,0.98951,2.84
"white",7,11,14.05,0.99634,3.07
"white",6,11,8,0.99368,3.22
"white",5,9.2,13.1,0.99792,3.02
"white",7,13,4.9,0.99026,3.08
"white",5,10.6,1.3,0.99362,3.77
"white",8,13,2.2,0.98919,3.55
"white",6,9,14.9,0.99835,3.04
"white",6,9,14.9,0.99835,3.04
"white",5,11.5,0.95,0.99038,2.93
"white",6,11,1.4,0.99104,3.11
"white",5,11.5,0.95,0.99038,2.93
"white",5,9.9,1.7,0.99286,3.11
"white",6,10.4,5.6,0.99296,3.12
"white",6,9,14.9,0.99835,3.04
"white",6,9.9,7.1,0.9954,3.06
"white",6,11,1.2,0.9914,3.07
"white",6,12.1,9.6,0.99286,3.18
"white",6,9.7,11.4,0.99604,2.96
"white",6,9.7,11.4,0.99604,2.96
"white",7,12.2,7.9,0.99119,2.99
"white",7,12.4,5,0.99007,3.15
"white",7,10.5,11.1,0.99507,3.03
"white",6,10.4,8,0.99596,3.28
"white",6,12,3.8,0.99011,3.15
"white",6,12.7,10.55,0.99184,3.07
"white",7,10.9,10.2,0.99469,3.11
"white",7,10.9,10.2,0.99469,3.11
"white",7,10.9,9.8,0.99406,3.11
"white",7,11.4,6.3,0.99305,3.15
"white",6,11,1.1,0.99096,3.22
"white",7,12.6,4.5,0.98956,3.45
"white",7,11.6,6.3,0.9921,3.29
"white",7,10.5,10.9,0.99496,3.11
"white",7,10.9,9.8,0.99406,3.11
"white",7,10.9,9.8,0.99406,3.11
"white",6,12.5,0.8,0.9888,3.03
"white",8,12.1,0.8,0.98942,3.11
"white",6,11.3,1.2,0.99082,3.02
"white",7,13.3,1.3,0.98802,3.07
"white",7,10.9,9.8,0.99406,3.11
"white",7,10.9,10.2,0.99469,3.11
"white",7,10.5,10.9,0.99496,3.11
"white",7,11.6,6.3,0.9921,3.29
"white",7,11.4,6.3,0.99305,3.15
"white",6,11,1.2,0.99074,3.16
"white",6,12.1,0.9,0.98968,3.08
"white",6,11,1.1,0.99096,3.22
"white",7,12.6,4.5,0.98956,3.45
"white",7,13,3.7,0.9887,3.36
"white",6,8.8,18.1,0.99941,2.94
"white",5,9.5,1.35,0.99388,3.16
"white",6,11.8,5.5,0.99206,3.2
"white",6,12.2,3.1,0.99035,3.14
"white",6,10.7,12.85,0.99581,3.05
"white",6,11,19.8,0.9976,3.07
"white",6,11.4,8.25,0.99362,2.99
"white",6,10.7,12.85,0.99581,3.05
"white",6,12,3.8,0.99016,3.09
"white",8,11.9,6.9,0.99176,3.02
"white",6,11.4,8.25,0.99362,2.99
"white",6,11.8,11.7,0.99439,3.02
"white",4,10.6,4.6,0.99458,3.34
"white",5,9.7,4,0.99418,3.06
"white",6,11,19.8,0.9976,3.07
"white",6,10.7,12.85,0.99581,3.05
"white",7,11,1.2,0.99178,3.76
"white",6,10.5,8.9,0.99456,2.99
"white",5,10.4,11.7,0.99578,3.1
"white",6,10.5,6.2,0.99546,3.2
"white",8,12,14.8,0.99518,3.12
"white",8,12,14.8,0.99518,3.12
"white",6,9.2,10.8,0.99646,3.22
"white",5,10.9,1.6,0.99264,3.37
"white",6,9.5,8.3,0.99578,3.15
"white",6,9.4,8.4,0.99604,3.15
"white",7,11.3,2.5,0.99014,3.13
"white",5,10.4,3.5,0.99489,3.42
"white",6,9.4,17.2,0.99884,3.26
"white",6,11.3,2.1,0.99054,3.02
"white",6,8.8,12.2,0.99782,3.14
"white",5,10.8,11.8,0.99519,3.2
"white",6,9.4,16.8,0.99882,3.25
"white",6,9.4,17.2,0.99884,3.26
"white",6,9.2,1.1,0.9931,2.95
"white",6,10.3,14.7,0.99666,3.12
"white",6,9.9,5.5,0.99324,3.09
"white",6,12.4,6.1,0.99086,3.19
"white",5,11.9,1.2,0.9908,3.11
"white",6,11.7,1.3,0.99067,3.11
"white",5,9.4,8.7,0.99711,2.98
"white",4,9.6,1.7,0.99452,3.53
"white",5,9.4,8.7,0.99711,2.98
"white",7,10.4,10.2,0.9945,2.98
"white",5,9.5,4.5,0.99427,3.09
"white",6,11.9,5.9,0.99152,3.2
"white",6,12.5,1.7,0.98935,3.18
"white",5,13.4,1.4,0.98876,3.16
"white",5,12.7,5.4,0.99174,3.13
"white",5,9.1,7.9,0.99572,3.17
"white",6,10.5,1.1,0.99184,2.9
"white",5,10.4,7,0.99454,3.19
"white",5,10.4,7,0.99454,3.19
"white",8,12.5,7.6,0.99164,3.08
"white",5,10.4,7,0.99454,3.19
"white",5,9,12.3,0.99778,2.95
"white",6,9.8,15.3,0.9975,3.18
"white",5,9,12.3,0.99778,2.95
"white",4,10.7,1.2,0.99205,3.17
"white",6,12.4,2.3,0.98962,3.16
"white",8,12.5,6.1,0.99118,3.08
"white",8,12.5,7.6,0.99164,3.08
"white",7,12.1,10.2,0.99274,3.1
"white",6,11.3,4.1,0.99184,2.92
"white",5,12,2.9,0.99052,3.25
"white",5,10.4,8.5,0.99546,3.28
"white",7,12.2,1.5,0.98972,3.11
"white",5,8.6,3.1,0.9942,3.05
"white",5,9.1,7.9,0.99572,3.17
"white",5,12.1,3.5,0.99022,2.96
"white",5,12,4.9,0.99253,3.32
"white",6,10.5,1.1,0.99184,2.9
"white",5,10.4,7,0.99454,3.19
"white",6,11.9,1.2,0.9903,3.46
"white",7,13.7,4.5,0.98906,3.25
"white",6,11.3,2.6,0.99146,3.22
"white",6,10.5,9.9,0.9951,3.02
"white",7,13.7,4.5,0.98906,3.25
"white",3,10.1,9.5,0.995,3.14
"white",6,12.3,1.5,0.98876,2.94
"white",7,12,3.2,0.98956,3.06
"white",6,11.3,2.6,0.99146,3.22
"white",6,9.5,11.2,0.99592,3.12
"white",6,11.4,3.2,0.99129,3.02
"white",7,11.9,2.3,0.99064,3.16
"white",6,10,4.9,0.99368,2.85
"white",6,10,4.9,0.99368,2.85
"white",7,11.3,1.4,0.99121,3.23
"white",5,11.7,1.5,0.99104,3.25
"white",7,11,6.7,0.99221,3.36
"white",7,12.2,2.1,0.98924,2.97
"white",7,10.7,4.3,0.99176,2.91
"white",6,10.9,10.9,0.99432,3.11
"white",6,10.2,7,0.99366,3.17
"white",7,11.9,2.3,0.99064,3.16
"white",5,11.1,2.5,0.99178,3.15
"white",6,11.2,2.6,0.99126,3
"white",6,11.4,3.2,0.99129,3.02
"white",6,10.6,2.5,0.99252,3.07
"white",5,10.3,14.7,0.99709,3.03
"white",4,10.4,4.5,0.99513,3.4
"white",6,11.9,2.2,0.99045,3.1
"white",7,11.9,1.9,0.99,3.19
"white",5,10.4,1.6,0.99305,3.12
"white",6,9.2,17.3,0.99888,3.11
"white",6,11.3,4.2,0.99182,3.24
"white",6,11.3,4.2,0.99182,3.24
"white",7,11,2.5,0.9913,3.25
"white",7,11.9,1.9,0.99,3.19
"white",7,12.9,1.4,0.98836,3.08
"white",5,10.8,0.8,0.9897,3.09
"white",6,9.1,8,0.99586,3.16
"white",5,10.4,1.6,0.99305,3.12
"white",6,12.9,1.7,0.98892,3.35
"white",5,12.2,5.5,0.99156,3.46
"white",6,9.2,17.3,0.99888,3.11
"white",5,10.3,8.6,0.99534,3.06
"white",7,11,6.9,0.99322,3.08
"white",5,11,2.1,0.99296,3.17
"white",6,11.7,2.2,0.99098,3.69
"white",6,12,1.5,0.98972,3.2
"white",6,12.7,2.5,0.98964,3.17
"white",5,8.8,17.6,0.99918,3.11
"white",6,11.3,4.2,0.99182,3.24
"white",6,12.8,2.9,0.99008,3.19
"white",6,11.2,4.8,0.992,3.18
"white",6,8.9,11.9,0.99851,3.26
"white",5,11.2,0.9,0.99026,3.5
"white",6,11.1,1.3,0.9906,3.23
"white",6,10.8,6.4,0.99293,3.05
"white",6,9.3,4.3,0.99658,3.18
"white",6,8.9,11.9,0.99851,3.26
"white",7,12.7,8.1,0.9911,3.22
"white",6,12,1.3,0.9904,3.16
"white",5,11.2,0.9,0.99026,3.5
"white",6,8.8,17.2,0.99946,3.23
"white",6,8.8,17.2,0.99946,3.23
"white",6,8.8,17.2,0.99946,3.23
"white",6,10.4,8.7,0.99568,3.2
"white",6,8.8,17.2,0.99946,3.23
"white",6,10.4,8.7,0.99568,3.2
"white",6,14,7.5,0.9907,3.38
"white",6,8.8,17.2,0.99946,3.23
"white",6,13.1,4.6,0.99018,3.03
"white",6,12.3,3.7,0.98994,3.25
"white",6,12.6,2.2,0.99075,3.27
"white",7,12,7.4,0.99212,3.18
"white",5,9.5,15.1,0.99684,2.87
"white",7,12,7.4,0.99212,3.18
"white",7,12.7,4.8,0.99036,3.08
"white",6,10.5,7.9,0.99456,3.4
"white",6,NA,1,0.98865,3.15
"white",5,9.5,15.1,0.99684,2.87
"white",7,12,7.4,0.99212,3.18
"white",7,12.7,4.8,0.99036,3.08
"white",6,11.9,4.6,0.99222,3.06
"white",6,12,1.4,0.99022,3.24
"white",6,12.5,6.2,0.99076,3.25
"white",7,12.1,6.1,0.99144,3.21
"white",6,12.5,5.1,0.98961,3.05
"white",6,9.9,6.3,0.9936,3.06
"white",6,10.7,0.9,0.99126,3.02
"white",6,12,2.3,0.99044,2.94
"white",8,12.2,6.6,0.99123,2.97
"white",8,12.4,7.5,0.99123,2.99
"white",8,12.4,8.6,0.9916,3
"white",6,10.3,11.9,0.9959,3.02
"white",6,12,2.3,0.99044,2.94
"white",5,10.5,7.1,0.9931,3.3
"white",6,9.5,4.3,0.99422,3.1
"white",4,10.5,1.1,0.99194,3
"white",6,12.3,1,0.98926,3.24
"white",6,11.9,7.9,0.99306,2.93
"white",5,9.8,1,0.99164,3.25
"white",6,12.3,1,0.98926,3.24
"white",7,11.4,1,0.98988,3.14
"white",6,11,7.3,0.99268,3.21
"white",4,10.8,1.7,0.99373,3.06
"white",7,12.8,1.3,0.98939,3.24
"white",8,11,6.4,0.99318,3.11
"white",5,10.2,1.8,0.99196,3.15
"white",7,12.5,1.5,0.98952,3.32
"white",6,11.6,3.8,0.9911,3.06
"white",6,11.9,7.9,0.99306,2.93
"white",5,9.8,1,0.99164,3.25
"white",5,11,1.2,0.99111,3.26
"white",6,10.9,5.3,0.99321,3.14
"white",7,11,9.1,0.99326,2.97
"white",6,12.5,6.5,0.99124,2.96
"white",7,11,9.1,0.99326,2.97
"white",7,12,6.3,0.99214,3.18
"white",7,12.4,5.1,0.9897,3.14
"white",6,12.5,6.5,0.99124,2.96
"white",7,12.8,2.4,0.98915,3.22
"white",7,11,9.1,0.99326,2.97
"white",5,9.1,7.5,0.99692,3.33
"white",7,12.4,5,0.991,3.11
"white",7,12.9,6.75,0.9913,3.15
"white",6,10.9,1.2,0.99234,3.09
"white",5,10.8,1.6,0.99402,3.53
"white",5,10.6,16.05,0.99678,3.11
"white",5,9,5,0.99458,3.13
"white",6,12,12.4,0.99452,3.04
"white",5,11.8,0.95,0.99033,3.25
"white",6,10.6,4.6,0.9927,3.01
"white",6,12.3,1.7,0.99002,3.34
"white",6,NA,1,0.99057,3.19
"white",5,11.1,1.3,0.99127,2.97
"white",5,9,5,0.99458,3.13
"white",4,9.9,2.5,0.9927,3
"white",7,12.8,2.6,0.98938,3.27
"white",5,12.9,2.1,0.99001,2.93
"white",6,12.9,12.75,0.99386,3.1
"white",6,12,1.1,0.9899,3.01
"white",6,12,12.4,0.99452,3.04
"white",6,11.2,3.7,0.9913,3.22
"white",7,13.3,2.65,0.98916,3.11
"white",6,9.9,2.5,0.99276,3.34
"white",6,9.5,8.2,0.99586,3.11
"white",6,9.4,7.3,0.99556,3.12
"white",7,11,1.1,0.99158,3.48
"white",6,9.4,6.6,0.99548,2.96
"white",6,11.5,7,0.99206,2.98
"white",5,12.5,14.5,0.99412,3.14
"white",6,11.9,11.8,0.99364,3.18
"white",6,10.4,3,0.99338,3.26
"white",6,11.2,3.7,0.9913,3.22
"white",6,12.5,6,0.99123,3.11
"white",7,11,4.6,0.99216,3.18
"white",5,9.8,2.5,0.99328,3.09
"white",7,12.3,3.3,0.99031,3.1
"white",6,11,1,0.9908,3.18
"white",7,12.6,1.1,0.98871,3.1
"white",6,11.6,1.4,0.99119,3.31
"white",7,12.3,3.3,0.99031,3.1
"white",7,13.4,8.55,0.99146,3.19
"white",5,9.8,2.5,0.99328,3.09
"white",6,11.5,6.7,0.99245,3.18
"white",6,11.6,3.8,0.99116,3.04
"white",7,11.1,4.5,0.9921,3.18
"white",7,11,4.6,0.99216,3.18
"white",6,11.3,4.2,0.99162,3.06
"white",6,9.9,11.3,0.99632,3.08
"white",8,12.6,5.5,0.99082,3.06
"white",8,11.8,4.2,0.9905,3.3
"white",5,11.4,2.2,0.99177,3.03
"white",6,9.2,14.5,0.9986,3.1
"white",6,9.2,14.5,0.9986,3.1
"white",6,9.2,14.5,0.9986,3.1
"white",6,9.2,14.5,0.9986,3.1
"white",6,9.2,14.5,0.9986,3.1
"white",6,9.2,14.5,0.9986,3.1
"white",5,13,1.5,0.98923,3.21
"white",7,9.3,18.75,1.00014,3.1
"white",8,12.6,3.6,0.99026,3.22
"white",6,9.6,1.4,0.99358,3.34
"white",3,8,5.1,0.99688,3.42
"white",6,11.8,10.5,0.99407,3.11
"white",6,10.2,2,0.99226,3.21
"white",6,12.7,2.6,0.99097,3.32
"white",5,9.4,9.2,0.9976,3.31
"white",5,10.2,1.8,0.99166,3.1
"white",7,12,5.7,0.99184,3.28
"white",7,11.3,2.4,0.99135,3.08
"white",7,11.8,1.9,0.99074,3.32
"white",5,10.9,1.4,0.99193,3.45
"white",4,9.8,0.9,0.99226,3.14
"white",8,12.2,4.6,0.99142,3.23
"white",7,11.1,1.4,0.99091,3.23
"white",5,9.4,9.2,0.9976,3.31
"white",6,11.4,1.4,0.99134,3.06
"white",5,10.2,1.8,0.99166,3.1
"white",6,12.8,2.3,0.98964,3.13
"white",7,10.1,2.3,0.99229,3.07
"white",6,9.4,4.4,0.99396,2.93
"white",6,12.2,6.4,0.99148,2.91
"white",7,10.9,2.9,0.9913,3.07
"white",7,10.9,2.8,0.99126,3.06
"white",7,10.9,2.9,0.9913,3.07
"white",6,9.4,4.4,0.99396,2.93
"white",5,9.4,8.2,0.99562,3.14
"white",5,11.4,1,0.99128,3.08
"white",8,12.9,2.9,0.98896,3.17
"white",5,9.4,7,0.99558,3.14
"white",7,12,1.8,0.98961,2.91
"white",6,10.1,1.5,0.99338,3.38
"white",5,9.4,7,0.99558,3.14
"white",5,9.4,8.2,0.99562,3.14
"white",5,9.2,7.6,0.99572,3.17
"white",6,11.8,2.3,0.99056,3.34
"white",7,12.3,8.7,0.99146,3
"white",5,11.4,1,0.99128,3.08
"white",8,12.9,2.9,0.98896,3.17
"white",6,12.3,6.7,0.99172,3.13
"white",7,13.5,5,0.99012,3.27
"white",7,12.8,1.9,0.98912,3.29
"white",7,12.8,2,0.98902,3.04
"white",7,12.8,1.9,0.98912,3.29
"white",3,11,8.5,0.99395,2.9
"white",6,10.6,12.6,0.99539,3.2
"white",7,12.4,5.2,0.99129,3.16
"white",7,12.9,2.1,0.98956,3.22
"white",7,11.1,1.1,0.9916,3.54
"white",7,12.9,1.3,0.98889,3.08
"white",7,11.8,1.1,0.99012,3.1
"white",6,9.1,9.2,0.99833,3.23
"white",7,12.7,1.2,0.98853,3.09
"white",6,12,1.1,0.98942,3.16
"white",6,11.2,8.3,0.99266,3.24
"white",7,12.4,1.8,0.98962,3.19
"white",5,10.4,1.4,0.99168,3.5
"white",5,10.4,15.7,0.9968,3.06
"white",6,12.7,4.35,0.98934,3.29
"white",7,12.5,1.8,0.98995,3.48
"white",6,12,1.6,0.991,3.14
"white",6,11.6,2,0.99152,3.16
"white",7,12.6,5,0.99048,3.12
"white",5,10.2,1.8,0.99204,3.15
"white",7,10.4,1.3,0.99202,3.43
"white",5,11.5,1,0.9906,3.3
"white",6,11,1.4,0.99091,3.02
"white",6,10.1,8.1,0.99472,3.11
"white",6,10.5,8.6,0.99452,3.08
"white",7,12.1,3.7,0.99177,3.23
"white",6,9.9,5.7,0.9934,3.18
"white",6,11.4,2.35,0.99082,3.05
"white",6,9.5,13.65,0.99784,3
"white",6,9.5,13.65,0.99784,3
"white",6,9.5,13.65,0.99784,3
"white",6,10.9,15.2,0.99665,3.17
"white",6,9.5,4.6,0.99422,3.08
"white",6,12.6,1.2,0.98999,3.32
"white",6,9.5,4.6,0.99422,3.08
"white",5,11.1,6.65,0.99254,3.18
"white",7,9.5,13.55,0.99782,3
"white",6,9.5,13.65,0.99784,3
"white",6,10.6,9.8,0.9952,3.13
"white",6,10.6,10.3,0.99519,3.12
"white",6,10.8,6.7,0.99384,3.15
"white",6,10.9,15.2,0.99665,3.17
"white",6,9.9,9.9,0.99596,3.34
"white",6,11.3,7.2,0.9935,3.08
"white",6,12.6,1.1,0.98862,3.22
"white",6,12.5,8.3,0.99151,2.96
"white",6,12.4,11.25,0.9922,3.02
"white",7,11.8,12.8,0.99426,3.31
"white",6,12.2,9.65,0.99168,3.18
"white",6,10.7,12.6,0.99556,3.19
"white",7,11.3,12.2,0.99356,3.17
"white",6,12.5,8.3,0.99151,2.96
"white",6,12.4,11.25,0.9922,3.02
"white",7,11.3,1.3,0.99072,3.05
"white",6,9.9,9.9,0.99596,3.34
"white",6,11.3,7.2,0.9935,3.08
"white",6,12.6,1.1,0.98862,3.22
"white",6,11.5,1.1,0.98954,3.14
"white",7,12.3,4.8,0.99076,2.98
"white",6,12.2,1.1,0.9889,2.97
"white",6,13.2,1.4,0.98794,3.08
"white",6,10.2,1.7,0.99207,3.13
"white",7,11.5,10.6,0.99355,3.05
"white",6,13.2,1.4,0.98794,3.08
"white",6,12.2,1.1,0.9889,2.97
"white",6,11,5.55,0.99336,3.47
"white",7,13.2,2.1,0.98882,2.98
"white",5,9.5,1.7,0.99341,3.32
"white",6,10.2,9,0.997,3.25
"white",6,10.2,1.7,0.99207,3.13
"white",6,11.4,1.8,0.99174,3
"white",8,12.5,4.7,0.99042,3.16
"white",5,9.2,11.3,0.9984,3.01
"white",7,12.1,3.6,0.99111,3.28
"white",7,10.7,6.9,0.9933,3.1
"white",7,12.1,3.6,0.99111,3.28
"white",6,11.2,4.9,0.99316,3.38
"white",6,10.6,6.95,0.9946,3.25
"white",6,11.8,1.9,0.99,3.06
"white",8,12.5,4.7,0.99042,3.16
"white",5,9.2,11.3,0.9984,3.01
"white",6,12.6,1.8,0.99016,2.95
"white",7,12.8,11.3,0.99381,3.13
"white",6,12.3,8.2,0.99144,3
"white",8,12.3,8.3,0.99139,2.99
"white",6,12.4,9.55,0.9919,2.98
"white",6,12.3,8.4,0.99192,2.93
"white",5,9.1,7.8,0.99576,3.2
"white",5,9.1,7.8,0.9958,3.2
"white",6,10.6,10.2,0.9951,3.1
"white",6,10.3,5.5,0.99304,3.19
"white",5,9.5,7.8,0.99657,3.39
"white",6,11.1,7.4,0.99268,3.25
"white",6,10.8,3.3,0.99392,3.12
"white",5,11.2,5,0.99242,2.94
"white",6,10.8,3.3,0.99392,3.12
"white",5,11.4,5,0.9925,2.87
"white",6,11.2,1.3,0.99092,3.21
"white",6,10.2,1.2,0.99137,3.19
"white",6,11.1,7.4,0.99268,3.25
"white",5,9.5,7.8,0.99657,3.39
"white",6,10.2,9.9,0.99642,3.12
"white",3,11,0.7,0.9916,3.37
"white",7,11.5,4.6,0.99458,3.15
"white",6,9.8,5.6,0.99373,3.05
"white",6,10.1,9.5,0.99586,3.11
"white",6,8.8,14.8,0.99942,2.95
"white",7,11.5,4.6,0.99458,3.15
"white",7,12.7,2.1,0.9895,3.39
"white",6,9.8,11.6,0.9963,3.1
"white",4,12.9,1.2,0.9892,3.16
"white",6,9.8,11.6,0.9963,3.1
"white",7,12.7,2.1,0.9895,3.39
"white",5,8.5,20.15,1.00196,3.01
"white",8,12.7,4.7,0.99036,3.24
"white",8,13.1,4.3,0.989,2.98
"white",5,9.1,14.5,0.99947,3.35
"white",6,12.5,4.9,0.9916,3.36
"white",6,9.1,14.55,0.99945,3.34
"white",6,9.1,14.55,0.99945,3.34
"white",6,11.2,10.05,0.99375,3.33
"white",6,12.5,4.9,0.9916,3.36
"white",5,9.1,14.5,0.99947,3.35
"white",6,9.1,14.55,0.99945,3.34
"white",6,9.1,15.25,0.99946,3.34
"white",5,11.5,3.15,0.99153,3.24
"white",7,12.9,1.3,0.98834,3.05
"white",6,12.5,5.2,0.99138,2.95
"white",6,12.3,1.1,0.98928,3.25
"white",6,11.4,7.1,0.99246,3.1
"white",5,9.4,8.8,0.99576,3.22
"white",5,9.1,18.5,0.99956,3.11
"white",5,9.4,8.8,0.99576,3.22
"white",5,12,1.4,0.99026,3.16
"white",5,11.1,1.2,0.99174,3.18
"white",7,11.8,5,0.99058,3.1
"white",6,11.4,1.6,0.9905,3.24
"white",5,9.1,18.75,0.99956,3.11
"white",8,12.1,6,0.99192,3.19
"white",6,10.4,9.4,0.99554,3.15
"white",6,9.2,9.7,0.99536,3.12
"white",7,13,4.75,0.99056,3.29
"white",8,12.1,6,0.99192,3.19
"white",7,11.5,5.35,0.99112,2.93
"white",7,11.5,5.35,0.99112,2.93
"white",5,10,6.8,0.99616,3.23
"white",6,11.1,6.9,0.99266,3.25
"white",5,12.4,1.4,0.98918,3.26
"white",6,12.2,0.9,0.98926,2.9
"white",5,10.6,1.2,0.99114,3.06
"white",7,11.1,1.3,0.9912,3.41
"white",7,13.9,2.6,0.98936,3.36
"white",6,9.2,12,0.9983,2.99
"white",6,10.5,9.85,0.99532,2.98
"white",8,11.3,3.85,0.99189,3.04
"white",6,12.9,2,0.99,3.24
"white",7,12.9,1.6,0.98914,3.26
"white",5,9.6,7.8,0.99537,3.12
"white",6,12.9,1.9,0.99,3.25
"white",6,12.9,2,0.99,3.24
"white",5,8.8,10.3,0.99742,3.04
"white",8,13.2,1.1,0.98884,3.23
"white",6,9.2,12,0.9983,2.99
"white",8,11.3,3.85,0.99189,3.04
"white",6,10.5,9.85,0.99532,2.98
"white",6,10.5,2,0.99284,3.3
"white",8,12.6,4,0.99026,3.2
"white",6,9.5,1.1,0.99297,3.05
"white",6,9.8,10.4,0.99711,3.31
"white",8,13.4,6.1,0.98934,3.04
"white",7,11.8,1.8,0.9913,3.05
"white",6,9.8,10.4,0.99711,3.31
"white",7,13.1,4.7,0.98964,3.22
"white",8,12.6,4,0.99026,3.2
"white",5,10.4,1.1,0.992,3.26
"white",8,13.4,6.4,0.98944,3.22
"white",7,13,8.15,0.99031,3.06
"white",8,13.4,6.1,0.98934,3.04
"white",7,10.2,4.8,0.99393,3.11
"white",6,11.7,1.2,0.9904,3.07
"white",6,9.5,1.1,0.99297,3.05
"white",6,11.7,1.4,0.99088,3.03
"white",8,11.4,7.4,0.99254,3.04
"white",7,11.8,1.8,0.9913,3.05
"white",6,11.2,1,0.99158,3.09
"white",7,13,15.5,0.99408,3.19
"white",7,13,15.5,0.99408,3.19
"white",6,10.9,8.4,0.99473,3.34
"white",7,11.6,2.4,0.98998,3.14
"white",7,11.3,3.95,0.99146,3.3
"white",6,12,19.95,0.99742,3.29
"white",6,10.5,2,0.99273,3.38
"white",7,13.1,3,0.98922,3.31
"white",7,13,15.5,0.99408,3.19
"white",6,10.9,8.4,0.99473,3.34
"white",5,9.1,14.3,0.99869,3.14
"white",7,13.4,4.2,0.9896,3.18
"white",7,11.5,1.4,0.99108,3.33
"white",7,11.2,3,0.99134,3.38
"white",6,10.9,4.9,0.99385,3.36
"white",7,13.5,2.4,0.98936,3.19
"white",5,9.1,14.3,0.99869,3.14
"white",6,9.9,10.7,0.99606,3.17
"white",6,10.5,11,0.99508,2.98
"white",7,11.7,1.4,0.99038,3.18
"white",6,11,1.2,0.99158,3.49
"white",6,13,12.9,0.9932,2.99
"white",6,13.6,10.8,0.99164,2.93
"white",7,12.3,1.3,0.98987,3.08
"white",7,13.3,2,0.98947,3.25
"white",7,13.7,1.8,0.98819,3.08
"white",5,11.1,1.2,0.99133,3.19
"white",7,13.4,7.5,0.99143,3.23
"white",5,9.1,9.7,0.99571,3.05
"white",7,11.3,3.8,0.99139,3.31
"white",5,9.4,7.2,0.99537,3.2
"white",5,9.1,9.7,0.99571,3.05
"white",6,11.6,6.3,0.99186,3.37
"white",6,11.6,6.3,0.99186,3.37
"white",6,12.4,0.8,0.98984,3.01
"white",6,9.8,8.6,0.9963,3.11
"white",4,11.1,6.3,0.99312,3.09
"white",7,13.1,3.1,0.9897,3.26
"white",5,9.7,7.2,0.9955,3.14
"white",5,9.2,7.1,0.99528,3.15
"white",6,11.7,6.4,0.99279,3.1
"white",6,10.6,14.7,0.99704,3.14
"white",5,9.7,7.2,0.9955,3.14
"white",5,9.2,7.1,0.99528,3.15
"white",6,10.9,1.9,0.9914,3.1
"white",5,10.1,1.2,0.99224,3.23
"white",7,12.2,4.8,0.99074,3.17
"white",6,12.7,1.2,0.98892,3.03
"white",6,13,3.4,0.98959,2.98
"white",6,11.2,4.3,0.99212,3.16
"white",6,9.4,8.5,0.99576,3.2
"white",6,11,1.8,0.9919,3.41
"white",6,11,1.8,0.9919,3.41
"white",6,9.2,19.5,1.00037,3.1
"white",6,9.4,8.5,0.99576,3.2
"white",6,9.2,19.9,1.00037,3.1
"white",6,12.3,8.3,0.992,3.22
"white",6,11,1.8,0.9919,3.41
"white",6,10,1.1,0.99218,3.04
"white",6,9,16.65,0.99855,3.24
"white",6,9,16.65,0.99855,3.24
"white",6,9,16.65,0.99855,3.24
"white",6,11.1,0.9,0.99062,2.92
"white",6,9.9,6.1,0.99362,3.06
"white",7,12.2,10.2,0.99324,3.66
"white",6,11.1,0.9,0.99062,2.92
"white",6,9,16.65,0.99855,3.24
"white",4,11.8,3.85,0.99098,3.01
"white",6,12.9,4.4,0.99036,3.11
"white",5,9,4.5,0.99398,2.86
"white",6,12.4,3.2,0.9903,3.01
"white",5,9,4.5,0.99398,2.86
"white",6,12.9,4.4,0.99036,3.11
"white",6,11.2,9.7,0.99406,2.99
"white",6,12.6,4.2,0.9906,3
"white",6,11.5,4.2,0.99089,3.12
"white",7,11.3,1.1,0.99096,3.07
"white",6,11.2,9.7,0.99406,2.99
"white",6,11.5,4.2,0.99089,3.12
"white",4,10.5,5.6,0.9936,3.32
"white",6,12.6,4.2,0.9906,3
"white",6,11.9,1.6,0.9911,3.15
"white",6,10.1,1.6,0.99396,3.18
"white",7,11,1.1,0.99089,3.15
"white",5,10.6,14.6,0.9968,3.14
"white",7,11.3,2.6,0.99138,3.04
"white",4,11.2,1.2,0.99098,3.1
"white",7,11.5,7.25,0.99238,2.94
"white",5,11.1,6.55,0.99244,2.92
"white",7,12.8,7,0.99176,3.14
"white",6,12.3,1.5,0.98993,3.3
"white",6,10.4,1.4,0.9929,3.26
"white",7,11.5,7.25,0.99238,2.94
"white",7,11.7,1,0.98988,3.16
"white",7,10.7,4.2,0.992,3.35
"white",6,9.5,17.5,0.99784,2.85
"white",6,9.5,17.5,0.99784,2.85
"white",6,9.5,17.5,0.99784,2.85
"white",7,12,1.5,0.99006,3.18
"white",5,10.8,1.3,0.99211,3.31
"white",7,10.7,3.9,0.99202,3.35
"white",7,10.7,4.2,0.992,3.35
"white",7,10.7,7.6,0.99332,3.12
"white",7,12.1,1,0.98958,3.12
"white",7,11.9,1.1,0.98939,3
"white",6,10.8,11.8,0.99492,3.18
"white",7,12.3,1.4,0.99043,3.59
"white",6,9.4,9.7,0.99787,3.3
"white",6,9.9,12.9,0.99654,3.2
"white",7,10.4,1.6,0.99304,3.35
"white",6,10.4,7.2,0.9952,3.35
"white",7,12.6,7.1,0.99165,3.15
"white",6,12.5,1.9,0.9892,2.93
"white",5,9.4,8.8,0.99628,3.04
"white",5,9.2,7.2,0.99604,3.11
"white",6,11.2,1.4,0.99164,3.27
"white",6,9.2,14.3,0.998,2.91
"white",6,9.2,14.3,0.998,2.91
"white",5,9.4,8.8,0.99628,3.04
"white",6,11.2,1.4,0.99164,3.27
"white",6,10.8,1.8,0.99226,3.27
"white",6,9.2,14.3,0.998,2.91
"white",5,9.2,7.2,0.99604,3.11
"white",6,12.5,1.2,0.98914,2.96
"white",5,9.3,11.8,0.99794,3
"white",5,11.4,0.9,0.99048,3.21
"white",7,10,12.6,0.99726,3.04
"white",6,10.6,26.05,1.00295,3.06
"white",7,10.7,4.7,0.99278,3.07
"white",7,10,12.6,0.99726,3.04
"white",6,12.5,1.2,0.98914,2.96
"white",6,10.6,26.05,1.00295,3.06
"white",7,12.8,6.1,0.99054,3.19
"white",5,9.3,11.8,0.99794,3
"white",5,11.4,0.9,0.99048,3.21
"white",5,9.5,5.6,0.99459,3.24
"white",6,9.5,5.3,0.99459,3.24
"white",6,9.5,5.7,0.9946,3.24
"white",6,10.8,8,0.99362,3.06
"white",6,10.8,8,0.99362,3.06
"white",6,8.8,17.6,0.99966,3.2
"white",6,10.8,8,0.99362,3.06
"white",7,11,8.8,0.99442,3.08
"white",6,12.4,1.5,0.98918,3.29
"white",7,11.3,1.4,0.99089,3.25
"white",7,11.2,4.8,0.99474,3.12
"white",7,12.5,2.4,0.99008,3.24
"white",6,10,3.7,0.99348,3.12
"white",6,11,4.9,0.99283,3.12
"white",6,10.5,5.7,0.99398,3.16
"white",6,10.5,5.7,0.99398,3.16
"white",6,11,4.9,0.99283,3.12
"white",7,11.4,2,0.9908,3.12
"white",6,11.3,5.1,0.99165,3.16
"white",7,12.2,4.5,0.99076,2.97
"white",7,12.6,3.2,0.98942,2.9
"white",5,11.1,6.65,0.99244,2.9
"white",6,12.3,1.6,0.99058,3.26
"white",4,10.4,4,0.99255,2.92
"white",6,8.8,17.75,0.99916,3.13
"white",6,9.5,1.4,0.99306,3.27
"white",6,8.8,17.75,0.99916,3.13
"white",6,10.4,7.2,0.99498,3.42
"white",7,13,5.7,0.99,3.11
"white",7,12.2,8.5,0.99338,3.16
"white",8,10.5,11.4,0.99456,3.03
"white",7,10.8,5.4,0.9926,3.33
"white",8,13.2,2.7,0.98856,3.2
"white",8,13,4.3,0.98946,3.16
"white",6,10,1.2,0.99346,3.5
"white",4,10.4,1.8,0.99268,3.42
"white",6,12.4,1.3,0.98944,3.16
"white",8,12.9,5.7,0.98976,3.27
"white",8,13.2,2.7,0.98856,3.2
"white",7,10.5,11.7,0.99523,3.02
"white",8,13,4.3,0.98946,3.16
"white",5,11.2,11,0.99402,3.07
"white",7,12.7,1.6,0.98916,3.41
"white",6,9.4,11.6,0.99655,3.14
"white",7,12.9,6.2,0.99071,3.03
"white",8,13,1.8,0.98889,2.96
"white",7,13.6,1.2,0.98742,3.31
"white",5,9.1,1,0.99336,3.32
"white",6,10.4,2.4,0.992,3.25
"white",7,13.6,1.2,0.98742,3.31
"white",6,12.2,8.2,0.99275,3.28
"white",5,8.7,18.8,1.00044,3.1
"white",7,10.5,9.6,0.99444,3.04
"white",6,10.2,12.9,0.99742,3.24
"white",8,12.5,9.2,0.99228,3.06
"white",7,11.3,1.2,0.99058,3.11
"white",6,10.2,12.9,0.99742,3.24
"white",7,12.6,8,0.99164,3.13
"white",6,10.2,12.9,0.99742,3.24
"white",5,9.8,1.6,0.99438,3.09
"white",5,10.8,12,0.99402,3.15
"white",6,12.5,2.5,0.99128,3.32
"white",8,12.5,9.2,0.99228,3.06
"white",7,11.5,4.4,0.991,3.3
"white",6,11.4,8.8,0.9931,2.98
"white",7,10.5,9.6,0.99444,3.04
"white",7,12.6,8,0.99164,3.13
"white",5,8.7,18.8,1.00044,3.1
"white",6,11,1.3,0.99112,3.17
"white",7,11.3,1.2,0.99058,3.11
"white",6,10.2,12.9,0.99742,3.24
"white",6,11.6,1.2,0.98961,3.06
"white",5,9.8,1.6,0.99438,3.09
"white",5,10.1,1.5,0.99344,3.1
"white",5,9.2,18.15,0.99904,3.06
"white",6,9.1,13.1,0.99884,3.05
"white",6,9.1,13.1,0.99884,3.05
"white",6,9.1,13.1,0.99884,3.05
"white",6,9.1,13.1,0.99884,3.05
"white",6,11.7,1,0.98949,2.96
"white",6,12.6,1.6,0.99014,3.23
"white",5,9,11.8,0.99786,2.86
"white",5,10.1,1.4,0.99206,3.12
"white",5,13.6,1,0.98722,3.3
"white",6,9.1,13.1,0.99884,3.05
"white",5,9.2,10.6,0.99666,3.09
"white",5,8.8,10.4,0.99754,3.12
"white",4,10,1.1,0.99272,2.83
"white",6,9.1,7.4,0.99712,3.47
"white",5,11.2,1.2,0.99104,3.04
"white",6,9.2,3.4,0.99373,3.11
"white",5,9.2,18.15,0.99904,3.06
"white",5,9.5,8,0.9956,3.18
"white",7,11.9,2.5,0.99095,3.35
"white",5,9.8,2,0.99382,3.11
"white",5,9.8,2,0.99382,3.11
"white",7,10.8,6.9,0.99299,3.36
"white",6,11.3,1.2,0.99048,3.37
"white",6,12.1,9.4,0.99254,3.17
"white",7,11.3,2.9,0.9902,3.38
"white",7,10.8,6.9,0.99299,3.36
"white",7,13.5,5.4,0.99012,3.36
"white",5,10.3,1.3,0.99293,3.28
"white",6,9,20.8,1.00022,3.11
"white",6,11.6,10.3,0.99382,3.08
"white",5,10.3,1.3,0.99293,3.28
"white",6,12.5,1.6,0.98954,3.21
"white",5,8.6,13.1,0.99936,3.39
"white",6,13.4,1.8,0.9884,3.19
"white",4,12.7,8,0.99144,3.22
"white",5,9.2,1.6,0.99324,2.97
"white",6,10.2,1.4,0.99174,3.32
"white",7,9,14.7,0.99792,2.96
"white",7,9,14.7,0.99792,2.96
"white",7,9,14.7,0.99792,2.96
"white",7,9,14.7,0.99792,2.96
"white",7,9,14.7,0.99792,2.96
"white",7,9,14.7,0.99792,2.96
"white",7,9,14.7,0.99792,2.96
"white",5,11.9,1.8,0.99043,3.02
"white",6,9,10.6,0.99654,2.89
"white",5,9,12.5,0.99758,3.3
"white",6,11,6.8,0.99374,3.43
"white",7,9,14.7,0.99792,2.96
"white",5,10,2.9,0.99243,3.28
"white",5,10.7,1.4,0.99216,3.29
"white",5,10.7,1.4,0.99215,3.29
"white",8,13.4,2.1,0.98953,3.39
"white",6,11,7.4,0.99278,2.99
"white",5,10,2.9,0.99243,3.28
"white",5,10.7,1.4,0.99216,3.29
"white",5,10.7,1.4,0.99215,3.29
"white",6,11,7.4,0.99278,2.99
"white",6,11,5,0.99186,2.99
"white",7,11.1,2.5,0.99072,3.16
"white",5,10.9,6.1,0.99244,2.79
"white",5,11.5,2.7,0.99084,3.03
"white",8,13.4,2.1,0.98953,3.39
"white",5,9.4,12.9,0.99754,3.08
"white",5,9.4,12.9,0.99754,3.08
"white",5,9.4,12.9,0.99754,3.08
"white",6,10.6,13.7,0.99567,3.17
"white",5,9.4,12.9,0.99754,3.08
"white",4,12,2.4,0.99094,3.03
"white",6,10.2,9.8,0.99532,3.14
"white",6,10.6,13.7,0.99567,3.17
"white",5,13.5,1.3,0.9874,3.26
"white",5,9.7,12.1,0.99794,3.31
"white",6,12.2,6.1,0.99122,3.24
"white",5,12.3,7.7,0.99226,3.11
"white",6,12.2,6.1,0.99122,3.24
"white",7,11.4,1.4,0.99099,3.42
"white",7,12.7,7.7,0.99134,3.2
"white",5,9.7,12.1,0.99794,3.31
"white",6,10.8,6.8,0.99338,3.13
"white",6,11,9.2,0.9938,3.08
"white",5,9.5,8.3,0.9955,3.18
"white",6,10.1,17.4,0.99776,3.2
"white",7,13.2,2.7,0.98964,3.46
"white",5,8.8,12.8,0.99808,3.02
"white",5,9.5,8.2,0.99551,3.18
"white",5,9.5,8.1,0.99548,3.18
"white",6,9.5,8.2,0.99541,3.16
"white",5,9.5,8.3,0.9955,3.18
"white",5,9.5,8,0.99536,3.18
"white",6,10.4,11.8,0.99524,3.03
"white",6,9.9,12,0.9961,3.14
"white",5,10,1.7,0.99224,3.22
"white",6,10.1,17.4,0.99776,3.2
"white",6,9.4,13.9,0.99702,3.17
"white",5,9.3,10.7,0.99657,3.03
"white",5,10.9,2,0.99176,3.05
"white",5,11.4,2.2,0.99166,3.2
"white",5,10.3,1.3,0.99242,2.99
"white",6,11,1.1,0.99109,3.02
"white",5,10.9,2,0.99176,3.05
"white",6,10.8,6.4,0.99278,2.99
"white",5,10.3,1.3,0.99242,2.99
"white",6,11,1.1,0.99109,3.02
"white",5,9.3,10.7,0.99657,3.03
"white",5,10.2,6.4,0.99358,2.96
"white",6,10.2,6.3,0.99358,2.96
"white",6,10.8,6.4,0.99278,2.99
"white",3,10.5,15.1,0.99705,3.24
"white",5,11.1,2,0.9912,3.13
"white",5,10.9,2,0.99176,3.05
"white",5,11.4,2.2,0.99166,3.2
"white",5,10.3,12.1,0.99677,3.22
"white",7,12.9,8.8,0.99172,3.28
"white",5,9.9,8.8,0.9953,3.12
"white",6,11.3,5.1,0.99186,3.24
"white",6,11.5,6.8,0.99188,3.38
"white",6,11.5,6.8,0.99188,3.38
"white",5,10.7,3.7,0.99158,3
"white",6,10.4,12.2,0.99522,3.03
"white",6,12.5,5.7,0.99176,3.17
"white",5,9.5,8.1,0.99558,3.19
"white",7,11.3,2.5,0.9911,3.05
"white",6,13,4,0.99016,3.26
"white",6,11.5,6.8,0.99188,3.38
"white",5,11.5,1,0.98956,3.22
"white",6,11.3,5.1,0.99186,3.24
"white",7,13.2,5.8,0.99062,3.15
"white",7,11.5,10.6,0.99274,3.46
"white",5,9.6,3.5,0.993,2.83
"white",5,9.6,3.5,0.993,2.83
"white",6,9.7,16.4,0.9978,3.15
"white",5,9.2,4.8,0.9946,3.14
"white",5,8.4,3.3,0.99429,3.16
"white",6,12.4,1.2,0.99002,3
"white",6,12.4,1.2,0.99002,3
"white",5,9.2,4.8,0.9946,3.14
"white",5,8.4,3.3,0.99429,3.16
"white",6,11.7,2.5,0.9909,3.14
"white",6,11,8.7,0.99294,2.96
"white",6,11.9,1.6,0.99044,2.97
"white",7,13.2,4,0.98958,3.2
"white",6,11.7,2.5,0.9909,3.14
"white",5,9.1,16.2,0.9986,3.26
"white",6,12.6,9,0.99262,3.34
"white",5,9.1,16.2,0.9986,3.26
"white",6,10.5,1.4,0.99212,3.17
"white",5,10.6,7,0.99628,3.23
"white",6,12.6,9,0.99262,3.34
"white",7,13.7,3.1,0.98913,3.41
"white",6,12,1.5,0.99021,3.36
"white",7,12.5,4.6,0.99198,3.4
"white",6,12.1,4.8,0.99226,3.55
"white",6,11.3,4.6,0.99159,3.21
"white",6,12,1.5,0.99021,3.36
"white",6,10.3,2.7,0.99224,3.46
"white",6,12.7,6.3,0.99068,3.27
"white",5,9.2,7.2,0.99587,3.12
"white",5,9.2,7.2,0.99587,3.12
"white",6,9.5,12.4,0.99728,3.1
"white",6,10.1,6.6,0.99364,3.16
"white",6,10.1,6.6,0.99364,3.16
"white",7,13,4,0.99018,3.25
"white",6,13.1,4.8,0.98968,3.24
"white",6,11,1.3,0.99178,3.1
"white",5,9.2,7.2,0.99587,3.12
"white",6,9.4,11.1,0.9961,3.08
"white",6,9.5,12.4,0.99728,3.1
"white",6,10.2,9.8,0.99534,3.16
"white",6,10.1,6.6,0.99364,3.16
"white",4,8.6,13.3,0.99864,3.06
"white",5,9,11.7,0.99776,2.91
"white",5,25,8,0.99545,3.13
"white",7,9.9,1.6,0.99299,3.29
"white",5,10.5,16.55,0.99665,3.2
"white",5,11.4,1.5,0.99069,3.15
"white",5,9.4,10.2,0.99692,3.18
"white",4,11.1,6.6,0.99324,3.12
"white",6,8.9,17.8,0.99896,3.1
"white",6,8.9,17.8,0.99896,3.1
"white",5,10.8,1.5,0.99226,3.15
"white",6,12.2,7.4,0.99226,3.06
"white",6,8.9,17.8,0.99896,3.1
"white",6,12.5,2,0.99076,3.13
"white",6,12.2,7.4,0.99226,3.06
"white",6,12.5,2,0.99076,3.13
"white",6,8.9,17.8,0.99896,3.1
"white",6,10.8,12.1,0.9951,3.16
"white",6,11.4,8.2,0.99234,2.99
"white",5,10.8,1.5,0.99226,3.15
"white",5,10.6,8.7,0.99368,3.18
"white",5,NA,3.5,0.9937,3.01
"white",6,12.2,6.4,0.99151,3.24
"white",6,12.3,2.1,0.99021,3.26
"white",6,10.4,7.7,0.99479,3.23
"white",6,10.4,12.3,0.9954,2.99
"white",7,11,1.3,0.99176,3.07
"white",5,10.6,8.7,0.99368,3.18
"white",5,9.2,3.5,0.9937,3.01
"white",4,13.5,1.1,0.99246,3.32
"white",6,11.4,2.8,0.9908,2.95
"white",6,11.5,3.5,0.98994,3.1
"white",7,14,1.9,0.98746,3.21
"white",7,12.5,3.8,0.99028,3.25
"white",7,12.5,3.8,0.99028,3.25
"white",7,12.8,2.4,0.98867,3.09
"white",7,11.2,4.8,0.99174,3.23
"white",7,11.2,4.8,0.99174,3.23
"white",6,13.6,6.2,0.99021,3.17
"white",6,9.2,1.3,0.99304,2.93
"white",7,12.5,3.8,0.99028,3.25
"white",6,11.1,1.5,0.99154,3.17
"white",7,11.2,4.8,0.99174,3.23
"white",7,14,1.9,0.98746,3.21
"white",6,13.6,6.2,0.99021,3.17
"white",5,9.4,7.9,0.9956,3.18
"white",7,14.2,1.6,0.98779,3.12
"white",6,13.2,1.4,0.98836,3
"white",6,11.2,2.6,0.99138,3.04
"white",5,10.2,14.8,0.99751,3.14
"white",7,12.8,2.4,0.98867,3.09
"white",5,10.1,0.9,0.99249,2.95
"white",5,10.1,0.9,0.99249,2.95
"white",5,10.3,1.2,0.99239,2.83
"white",6,9.9,9.9,0.99512,3.19
"white",5,11.5,3.9,0.99098,3.15
"white",5,9,15.6,0.99872,3.18
"white",5,9,15.6,0.99872,3.18
"white",6,12.1,1.5,0.98894,3.03
"white",6,13.3,1.6,0.988245,3.14
"white",8,11.5,7.8,0.99326,3.22
"white",4,11,5.6,0.99328,2.96
"white",6,10.7,1.3,0.99222,3.28
"white",5,9.4,16.7,0.99898,3.08
"white",6,10.3,7.95,0.99486,3.44
"white",5,9.3,6.7,0.99528,3.17
"white",6,12,1.1,0.99062,2.88
"white",6,11,6.3,0.99282,3.21
"white",5,9.3,8.9,0.996,3.16
"white",5,10.1,1,0.99138,3.24
"white",6,11.1,1.5,0.99166,3.18
"white",6,9.9,6.6,0.99408,2.99
"white",6,11,6.2,0.99281,3.22
"white",6,11,6.3,0.99282,3.21
"white",6,12.5,2.1,0.98964,3.32
"white",7,12.7,2.2,0.98952,3.31
"white",5,9.3,5.4,0.99469,3.32
"white",5,9.3,8.9,0.996,3.16
"white",5,10.1,1,0.99138,3.24
"white",5,8.8,17.9,0.9991,3.14
"white",6,11.2,2.6,0.99047,2.88
"white",7,10.8,1.3,0.99178,3.13
"white",5,8.8,17.9,0.9991,3.14
"white",6,11.2,2.6,0.99047,2.88
"white",5,10.3,2.3,0.99207,3.24
"white",5,12,4.3,0.99152,3.11
"white",6,9.5,7.1,0.99438,3.26
"white",6,9.5,7.1,0.99438,3.26
"white",6,9.8,11.9,0.99622,3.14
"white",5,9,11.7,0.99773,2.91
"white",7,13,5.8,0.99088,3.17
"white",7,11.8,3.8,0.99108,3.39
"white",5,8.8,12.4,0.99803,2.97
"white",4,11.2,6.5,0.99304,3.1
"white",6,9.5,7.1,0.99438,3.26
"white",4,9.4,7.6,0.99548,3.16
"white",6,9.5,7.9,0.99551,3.16
"white",6,10.4,2.8,0.99152,3.03
"white",7,9.8,10.6,0.99572,3.08
"white",6,10.4,2.8,0.99152,3.03
"white",6,10.3,1.5,0.99244,3.06
"white",4,9.4,7.6,0.99548,3.16
"white",6,9.5,7.9,0.99551,3.16
"white",7,11.9,1.7,0.9903,3.19
"white",7,12.8,7.6,0.99162,3.15
"white",6,13,7.5,0.99116,3.09
"white",7,10.4,1.7,0.9922,3.26
"white",6,10.4,1.7,0.99223,3.25
"white",5,10.7,12.1,0.99481,3.21
"white",7,10.7,4.5,0.9928,3.05
"white",7,11.9,1.7,0.9903,3.19
"white",6,10.4,8,0.99429,3.19
"white",7,12.8,7.6,0.99162,3.15
"white",6,9.9,8.6,0.99454,3.2
"white",6,9.9,8.6,0.99454,3.2
"white",6,9.4,14.6,0.99863,3.16
"white",6,11.4,1.6,0.991,3.3
"white",6,9.9,8.6,0.99454,3.2
"white",6,9.4,14.6,0.99863,3.16
"white",5,9.2,1.1,0.99317,2.99
"white",7,10.5,3.7,0.99173,2.9
"white",7,11,8.9,0.99455,3.25
"white",7,11,8.9,0.99455,3.25
"white",5,12.1,4.7,0.99186,2.9
"white",7,11,8.9,0.99455,3.25
"white",7,12.8,3.1,0.98944,3.22
"white",6,10.5,5.8,0.9942,3.01
"white",6,10.5,5.8,0.9942,3.01
"white",6,10.5,5.8,0.9942,3.01
"white",5,9.5,1,0.99238,3
"white",6,9.2,15.8,0.99782,3.07
"white",6,11.1,1.5,0.99111,3.07
"white",7,12.3,5.2,0.99067,3.06
"white",6,11.1,1.5,0.99111,3.07
"white",6,12.6,2.5,0.98878,3.04
"white",5,9.5,1,0.99238,3
"white",6,9.2,15.8,0.99782,3.07
"white",6,10.8,5.9,0.9938,3.2
"white",6,11.3,3.1,0.99143,3
"white",7,12.8,3.1,0.98944,3.22
"white",6,10.5,5.8,0.9942,3.01
"white",6,9.8,11.5,0.99588,3.08
"white",6,8.5,18,1.00038,2.98
"white",5,9.3,4.8,0.99424,3.16
"white",5,9.2,8.5,0.99626,3.2
"white",6,11.4,1.6,0.99076,3.21
"white",6,8.5,18,1.00038,2.98
"white",5,9.3,4.8,0.99424,3.16
"white",4,8.4,5.9,0.99536,3.06
"white",5,9.2,1.1,0.99318,3.04
"white",5,9.2,8.5,0.99626,3.2
"white",6,10.4,13.1,0.99726,3.18
"white",6,11.6,4.1,0.99126,3.27
"white",6,12.4,2.9,0.98998,3.25
"white",6,10.4,13.1,0.99726,3.18
"white",5,9.3,1.1,0.99304,3.09
"white",6,12.2,1.5,0.9892,3.2
"white",6,11,7.75,0.99296,3.22
"white",5,11.4,1.15,0.99047,3.11
"white",5,9.5,1,0.9924,3.06
"white",5,9.2,17.8,0.9989,3.07
"white",6,11.1,5.7,0.99338,3.13
"white",5,9.2,17.8,0.9989,3.07
"white",6,11,7.4,0.99404,3.24
"white",5,9.9,1.4,0.99287,3.14
"white",5,9.9,1.4,0.99286,3.14
"white",5,9.5,1,0.9924,3.06
"white",4,12.4,4.4,0.99058,3.35
"white",5,9.4,1.6,0.9934,3.21
"white",5,9.3,7.9,0.99545,3.23
"white",7,8.7,15.5,0.9984,2.9
"white",7,8.7,15.5,0.9984,2.9
"white",7,8.7,15.5,0.9984,2.9
"white",7,8.7,15.5,0.9984,2.9
"white",7,9,17.55,0.99971,2.94
"white",6,10.7,13.5,0.99546,3
"white",6,10.7,13.5,0.99546,3
"white",6,11.3,1.3,0.99058,3.02
"white",7,8.7,15.5,0.9984,2.9
"white",6,11.7,11.6,0.99314,2.96
"white",5,9.3,7.9,0.99545,3.23
"white",7,8.7,15.5,0.9984,2.9
"white",7,9,17.55,0.99971,2.94
"white",6,11.7,11.6,0.99314,2.96
"white",5,10.7,13.15,0.99565,3.23
"white",6,11.4,1.9,0.99056,3.05
"white",6,10.7,13.5,0.99546,3
"white",6,11.3,1.3,0.99058,3.02
"white",5,10,6.1,0.99362,3.19
"white",5,10,6.1,0.99362,3.19
"white",6,11.2,1.9,0.99196,3.15
"white",5,9.7,1.9,0.99255,3.07
"white",5,12.5,1.6,0.99027,3.42
"white",8,12.9,11.3,0.99302,3.27
"white",6,11.8,8.4,0.99257,3.16
"white",5,10.6,8.3,0.99506,3.16
"white",6,11.8,8.4,0.99257,3.16
"white",6,10.7,12.2,0.9952,3.19
"white",5,9.9,8,0.99498,3.21
"white",6,12,1.3,0.9903,2.96
"white",7,10.4,12.7,0.99706,3.15
"white",5,8.5,1.3,0.99398,3.19
"white",4,9.9,10.5,0.99588,3.13
"white",6,9.4,12.5,0.99691,3.08
"white",5,10.4,9.6,0.99608,3.13
"white",6,11,1.5,0.99142,3.3
"white",6,11,1.5,0.99138,3.3
"white",6,10.4,7.8,0.99432,3.19
"white",6,9.8,10.8,0.99592,3.1
"white",6,9.4,12.5,0.99691,3.08
"white",6,10.6,8.6,0.99432,3.23
"white",5,10.1,1.2,0.99266,3.28
"white",8,11.5,14.5,0.99456,3.06
"white",6,11.4,3.7,0.9915,3.06
"white",6,9.2,1.1,0.99322,3.03
"white",6,9.7,1.1,0.9927,3.12
"white",6,11.3,3.8,0.99173,3.07
"white",6,9.6,4.6,0.99412,3.15
"white",6,8.9,10.2,0.99666,2.86
"white",6,10,7.9,0.99425,3.26
"white",6,9.2,2.4,0.99314,3.18
"white",6,9,10.7,0.99672,3.08
"white",7,12.8,4.9,0.99024,3.09
"white",6,9,10.7,0.99672,3.08
"white",5,9.5,1.1,0.99366,3.08
"white",6,10,7.9,0.99425,3.26
"white",5,11,5.6,0.99299,3.22
"white",6,9.2,2.4,0.99314,3.18
"white",6,10.6,14.2,0.99528,3.08
"white",5,10,9.5,0.99568,3.23
"white",5,10,9.5,0.99568,3.23
"white",7,11.7,4.1,0.99062,3.31
"white",7,12.5,4.7,0.99058,3.12
"white",7,11.1,1.4,0.99059,3.07
"white",5,9.7,0.9,0.99119,3.16
"white",6,12.3,20.3,0.99727,3.04
"white",6,12.2,3.5,0.99021,3.18
"white",6,11.3,2.7,0.99238,3.75
"white",5,11.6,1.2,0.99164,3.22
"white",6,11.3,1.2,0.99006,3.31
"white",6,11.1,2,0.99078,3.27
"white",6,11.2,1.1,0.99036,3.26
"white",6,11.3,1.5,0.99123,3.15
"white",6,12,1.2,0.98978,3.07
"white",6,8.8,18.1,0.99908,3.15
"white",6,8.8,18.1,0.99908,3.15
"white",8,12,3.6,0.99022,3.15
"white",7,12,3.5,0.99024,3.15
"white",5,9,12.1,0.9973,3.01
"white",6,9.3,17.45,0.99853,3.12
"white",6,8.7,12.1,0.99769,3.14
"white",6,12.8,3,0.98954,3.1
"white",7,11.5,1.6,0.98974,3.1
"white",5,10,5.7,0.99382,3.08
"white",5,10,5.6,0.99383,3.09
"white",5,10.3,6.8,0.99538,3.33
"white",5,10.4,15.6,0.99734,3.25
"white",7,13.4,6,0.98981,3.22
"white",6,11.2,1.8,0.99095,3.05
"white",5,9.1,8.6,0.9964,3.26
"white",5,9.1,8.6,0.9964,3.26
"white",6,10.8,11.5,0.99411,3.33
"white",6,12.5,7.8,0.9915,3.24
"white",5,11.3,2.4,0.99234,3.63
"white",6,12.8,5,0.99016,3.46
"white",5,9.1,8.6,0.9964,3.26
"white",6,12.7,1.5,0.98949,3.22
"white",7,11,5.4,0.99287,3.1
"white",6,10.4,11.9,0.99544,3.02
"white",6,10.4,11.9,0.99544,3.02
"white",6,10.7,9,0.9941,3.25
"white",6,10.9,10,0.994,3.22
"white",6,10.4,11.9,0.99544,3.02
"white",6,10.4,11.9,0.99546,3.03
"white",7,9.7,15.5,0.99737,3.16
"white",7,11,5.4,0.99287,3.1
"white",6,9.6,15,0.99767,3.19
"white",7,13.9,1.4,0.98711,3.1
"white",5,9.4,9.4,0.99714,3.07
"white",6,12.5,3.7,0.99134,3.1
"white",6,9.6,15,0.99767,3.19
"white",5,9.5,1.4,0.9927,3.19
"white",5,9.6,6.5,0.9948,3.19
"white",5,9.5,1.4,0.9927,3.19
"white",5,9.6,6.3,0.99481,3.18
"white",7,8.7,13.7,0.99825,2.9
"white",7,8.7,13.7,0.99825,2.9
"white",7,8.7,13.7,0.99825,2.9
"white",7,8.7,13.7,0.99825,2.9
"white",7,8.7,13.7,0.99825,2.9
"white",7,8.7,13.7,0.99825,2.9
"white",5,10.4,1.5,0.99192,3.18
"white",5,10.7,1.6,0.99184,3.22
"white",7,12,1.4,0.99019,3.17
"white",7,12.1,3.5,0.98998,3.19
"white",8,13.1,1,0.98886,3.31
"white",6,12.4,1.4,0.98998,3.32
"white",7,12.6,1.5,0.98949,3.24
"white",7,8.7,13.7,0.99825,2.9
"white",5,12,1.6,0.99009,3.15
"white",6,11.6,5.2,0.99252,3.27
"white",5,9.3,1.4,0.99288,2.92
"white",6,9.3,11.9,0.99659,3.06
"white",7,11.1,2.4,0.99133,3.2
"white",6,10.2,3.2,0.99324,3.1
"white",6,10.6,1.7,0.99164,3.23
"white",7,11.3,4.2,0.99107,3.16
"white",5,9.4,15.4,0.9986,3.2
"white",6,9.3,13,0.99708,3.09
"white",6,11.1,5.6,0.99163,2.96
"white",6,9.9,9.7,0.99605,3.13
"white",7,11.8,2.5,0.99065,3.31
"white",7,12.6,4,0.9903,3.26
"white",5,9.4,15.4,0.9986,3.2
"white",5,10.5,1.2,0.99236,3.06
"white",6,12.3,2,0.98948,3.19
"white",6,11.3,1.2,0.99045,3.32
"white",5,9.6,5.1,0.9939,3.07
"white",6,12,1.4,0.98985,3.2
"white",5,11.2,1.2,0.99138,3.09
"white",6,10.2,6.5,0.99348,3.12
"white",6,12.4,1.3,0.99066,2.98
"white",6,10.2,6.5,0.99348,3.12
"white",8,13.4,2.7,0.98862,2.94
"white",6,12.6,1.3,0.98865,3.24
"white",5,9.8,7.4,0.99472,3.18
"white",5,9.1,12.9,0.99792,2.94
"white",6,12.4,1.3,0.99066,2.98
"white",6,12.5,1.2,0.99035,3.03
"white",6,11.7,2.6,0.99086,3.05
"white",6,12.9,2.3,0.99013,3.29
"white",5,10.1,1.3,0.99266,3.3
"white",6,10.3,10.5,0.99517,3.06
"white",6,11.7,2.6,0.99086,3.05
"white",6,10.3,14.4,0.99666,3.24
"white",7,10.8,1.2,0.991,3.34
"white",6,11.2,3.1,0.99068,3.25
"white",6,11.8,1.7,0.99084,3.29
"white",6,9.8,6,0.9939,3.08
"white",6,10,11.8,0.99624,3.04
"white",4,8.8,6.2,0.99602,3.24
"white",4,10.1,1.4,0.9926,3.14
"white",5,9.5,12.1,0.99718,3.05
"white",5,9.5,12.1,0.99718,3.05
"white",5,9.5,12.1,0.99718,3.05
"white",4,9.2,3.9,0.99344,3.07
"white",6,12.2,4.6,0.99184,2.92
"white",5,9.5,12.1,0.99718,3.05
"white",6,11.3,1.2,0.99033,3.22
"white",6,12.1,8.1,0.99248,3.26
"white",4,9.2,3.9,0.99344,3.07
"white",4,11.2,1.1,0.99076,3.51
"white",7,12.5,6.5,0.99092,3.29
"white",5,10.6,10.1,0.99486,3.31
"white",7,10.4,10.7,0.99464,3.25
"white",7,10.1,3.2,0.99235,3.44
"white",6,9.9,12.4,0.99612,3.11
"white",6,11,5.2,0.99202,2.97
"white",6,10,5,0.99261,2.94
"white",6,12.7,2.5,0.98964,3.14
"white",6,12.1,9.2,0.99206,3.07
"white",6,10.4,6.9,0.9938,3.23
"white",6,10.4,2,0.99204,3.24
"white",5,9.2,15,0.99736,3.14
"white",5,9.2,15,0.99736,3.14
"white",5,10.5,1.2,0.99192,3.05
"white",5,9.2,15,0.99736,3.14
"white",7,11.9,1.8,0.99002,3.27
"white",6,10.1,10.8,0.996,3.08
"white",6,11.1,3.9,0.99237,3.1
"white",7,10.8,4.2,0.99214,3.13
"white",6,11.8,2,0.99041,3.16
"white",5,9.2,13.5,0.9982,3.04
"white",5,9.2,13.3,0.99822,3.04
"white",6,12.3,2.2,0.9893,3.07
"white",6,10.1,1.4,0.99274,3.09
"white",6,11.4,1.6,0.99105,3.25
"white",6,10.4,2.2,0.99209,3.19
"white",6,9.8,14.8,0.99676,3.2
"white",6,9.9,1.8,0.99251,3.3
"white",6,9.8,14.8,0.99676,3.2
"white",4,11.2,1.3,0.99082,3.48
"white",5,10.9,9.9,0.99567,3.15
"white",5,9.2,5.1,0.99416,3.15
"white",5,9.2,5.1,0.99416,3.15
"white",5,12,1.5,0.9887,2.96
"white",6,12.1,1.5,0.98871,2.96
"white",6,12.4,11.1,0.99248,3.75
"white",6,11.2,5.25,0.99184,3.22
"white",7,12.7,2.3,0.98952,3.32
"white",6,12.2,7.9,0.99267,3.26
"white",6,12.2,8,0.99269,3.26
"white",6,12.2,1.4,0.98912,3.23
"white",6,11.2,5.25,0.99184,3.22
"white",7,12.7,2.3,0.98952,3.32
"white",7,12.7,2.3,0.9895,3.31
"white",6,12.1,3.5,0.98999,3.17
"white",5,9.4,13.7,0.9981,3.11
"white",6,10.1,NA,0.995,3.07
"white",5,9.4,15.4,0.99848,3.08
"white",6,8.9,16,0.99862,3.22
"white",6,8.9,16,0.99862,3.22
"white",6,8.9,16,0.99862,3.22
"white",6,8.9,16,0.99862,3.22
"white",7,13,2.4,0.98886,3.56
"white",5,10.3,5.5,0.99474,3.08
"white",4,10.1,2.3,0.99126,3.07
"white",6,10.5,16.8,0.99691,3.23
"white",6,8.9,16,0.99862,3.22
"white",5,10.1,17.8,0.99773,3.3
"white",5,10.1,17.8,0.99773,3.3
"white",6,11,6.8,0.9928,3.15
"white",6,11,6.8,0.9928,3.15
"white",6,11,6.8,0.9928,3.15
"white",6,11,6.8,0.9928,3.15
"white",5,10,1.6,0.99288,3.08
"white",6,10.5,4.7,0.99202,2.88
"white",6,9.7,11.8,0.99606,2.87
"white",5,10.1,17.8,0.99773,3.3
"white",5,9.4,15.7,0.99922,3.25
"white",6,11.2,5.8,0.99296,3.17
"white",5,9.4,15.7,0.99922,3.25
"white",5,10.8,9,0.99468,3.1
"white",5,9.4,15.7,0.99922,3.25
"white",6,11.2,5.8,0.99296,3.17
"white",6,11,8.8,0.99388,3.13
"white",6,12.4,10.2,0.99315,3.44
"white",6,9.4,6.6,0.99478,3.1
"white",5,9.4,6.5,0.99478,3.1
"white",5,9.5,8.9,0.99692,3.01
"white",6,10,11.1,0.99616,3.05
"white",6,12.5,4.2,0.9902,3.16
"white",6,10.9,1.6,0.9921,3.39
"white",6,10.5,7.4,0.99462,3.38
"white",6,10.8,11.5,0.99476,3.22
"white",7,11,1.6,0.99178,3.38
"white",6,11.8,2,0.99081,3.33
"white",6,12.6,4.8,0.99198,3.36
"white",6,10.2,9.8,0.99545,3.17
"white",5,12,1.9,0.98997,3.12
"white",6,12.5,4.2,0.9902,3.16
"white",6,11.5,1.6,0.99089,3.32
"white",7,11.94,7.3,0.99172,3.2
"white",7,12.8933333333333,5.4,0.9901,3.12
"white",5,9.4,10.4,0.99681,3.13
"white",7,12.2,1.9,0.9893,3
"white",7,11.94,7.3,0.99172,3.2
"white",7,12.8933333333333,5.4,0.9901,3.12
"white",5,9.5,7.7,0.99527,3.16
"white",6,10.6,11.5,0.99445,3
"white",7,10.5,1.2,0.99198,3.04
"white",6,11.4666666666667,2.2,0.99085,2.89
"white",6,11.4,1,0.99033,3.4
"white",5,9.5,8.2,0.99538,3.12
"white",5,9.2,8.3,0.99627,3.11
"white",5,9.5,8.2,0.99538,3.12
"white",5,10.98,9.3,0.99433,3.23
"white",5,9.4,8.1,0.9954,3.12
"white",5,9.5,8.2,0.99538,3.12
"white",5,9.2,8.3,0.99627,3.11
"white",8,8.8,13.9,0.99807,2.94
"white",8,8.8,13.9,0.99807,2.94
"white",8,8.8,13.9,0.99807,2.94
"white",8,8.8,13.9,0.99807,2.94
"white",8,8.8,13.9,0.99807,2.94
"white",8,8.8,13.9,0.99807,2.94
"white",8,8.8,13.9,0.99807,2.94
"white",8,10.4,2,0.99232,3.23
"white",8,8.8,13.9,0.99807,2.94
"white",6,10.0333333333333,15.7,0.99788,3.04
"white",6,11.3,1.2,0.99108,3.44
"white",6,10.4,1.5,0.99234,3.37
"white",6,9.2,1.2,0.99288,2.96
"white",6,11.1,3.2,0.99195,3.11
"white",6,9.2,1.2,0.99288,2.96
"white",7,11.3,2.6,0.99121,3.03
"white",6,9.1,13.2,0.99839,2.98
"white",5,9.4,10.4,0.99738,2.96
"white",6,13.2,5.7,0.98963,2.82
"white",6,12.7,2.5,0.98946,3.22
"white",5,10.7,1.6,0.99178,3.18
"white",6,11.4333333333333,1.4,0.99136,3.11
"white",6,11.1,7.4,0.99323,3.27
"white",6,12.7,2.5,0.98946,3.22
"white",5,10.5333333333333,5.6,0.99313,3.25
"white",6,11.6,3.6,0.9912,3.31
"white",5,9.53333333333333,7.5,0.99504,3.18
"white",6,9.8,5.8,0.99461,3.17
"white",5,10.7,1.6,0.99178,3.18
"white",6,12,1.5,0.99008,3.22
"white",6,12.8,2.9,0.98959,3.12
"white",5,9.5,11.2,0.99663,3.14
"white",6,10.9333333333333,9.65,0.99334,2.99
"white",5,9.1,10.1,0.99561,2.86
"white",6,12.6,3.2,0.98959,3.26
"white",5,9.5,11.2,0.99663,3.14
"white",6,10.9,11.45,0.99418,2.98
"white",6,10.9333333333333,9.65,0.99334,2.99
"white",5,9.6,4.5,0.9937,3.02
"white",5,9.3,2.7,0.99372,3.18
"white",6,11.3666666666667,3.5,0.99157,3.05
"white",6,12.5,1.7,0.98918,3.14
"white",5,9.5,2.1,0.9932,3.16
"white",6,11,4.8,0.99235,3.22
"white",5,9.4,5,0.99373,3.02
"white",6,11.3333333333333,2.6,0.9914,3.21
"white",5,8.8,6.6,0.99494,2.94
"white",5,9.4,5,0.99373,3.02
"white",6,11.0666666666667,7.3,0.99332,3.31
"white",6,12.2,5,0.99198,3.22
"white",6,11,1.7,0.99142,3.2
"white",6,11.3333333333333,2.6,0.9914,3.21
"white",5,9.5,8.2,0.99542,3.23
"white",5,9.5,8.2,0.99542,3.23
"white",6,11,5,0.9924,3.28
"white",6,11.2,1.2,0.99112,3.11
"white",6,9.3,7.1,0.99534,3.08
"white",4,10.8,9.5,0.99338,3.05
"white",5,9.2,15.8,0.99804,3.14
"white",5,9.4,15.5,0.99899,3.25
"white",5,9.2,15.8,0.99804,3.14
"white",6,10.5,17.05,0.99724,3.25
"white",6,10.8,12.7,0.99526,3.26
"white",5,9.4,12.3,0.99676,3.1
"white",5,9.8,11.8,0.99699,3.11
"white",5,9.8,11.8,0.99699,3.11
"white",5,9.8,11.8,0.99699,3.11
"white",5,9.4,12.3,0.99676,3.1
"white",5,9.8,11.8,0.99699,3.11
"white",6,12.1,13.6,0.99461,3.02
"white",6,12.3,5.2,0.99116,3.17
"white",5,9.73333333333333,6.2,0.99362,3.19
"white",5,9.4,7.9,0.99512,3.21
"white",5,9.4,7.9,0.99512,3.21
"white",7,12.8,3.3,0.9895,3.17
"white",6,11.05,2.8,0.99043,2.92
"white",5,9.4,7.9,0.99512,3.21
"white",7,12.8,3.3,0.9895,3.17
"white",5,9.73333333333333,6.3,0.99391,3.11
"white",7,13.1,4.9,0.98963,3.23
"white",7,11.5,10.4,0.99335,3.04
"white",7,13.1,4.9,0.98963,3.23
"white",7,11.5,10.4,0.99335,3.04
"white",5,9.1,16,0.99824,3.08
"white",5,9.75,6.3,0.99391,3.11
"white",6,10.5,2.2,0.9917,3.19
"white",6,8.8,17.3,0.99906,3.08
"white",6,8.8,17.3,0.99906,3.08
"white",6,8.8,17.3,0.99906,3.08
"white",6,8.8,17.3,0.99906,3.08
"white",6,10.5,2.2,0.9917,3.19
"white",6,10.5,2.2,0.9917,3.19
"white",6,8.8,17.3,0.99906,3.08
"white",6,9.9,6.6,0.99415,3.22
"white",6,9.9,6.5,0.99418,3.22
"white",5,9.9,12.3,0.99611,3.11
"white",6,12.2,5,0.99124,3.2
"white",6,10.8,2.8,0.99179,3.27
"white",5,8.7,13.6,0.99886,2.96
"white",6,13.2,2.8,0.98924,3.21
"white",6,12.7,5.4,0.99045,3.15
"white",5,9.4,10.9,0.9969,3.21
"white",6,11.2,1.7,0.99196,3.25
"white",6,11.3333333333333,9.15,0.99339,3.24
"white",6,11.9,4.5,0.99224,3.36
"white",6,11.35,9.15,0.99339,3.24
"white",5,10.5,1.4,0.99184,3.22
"white",5,9.8,5.9,0.99428,3.09
"white",5,9.1,16.4,0.99834,3.06
"white",6,12.4,1.2,0.98918,3.16
"white",5,9.1,16.4,0.99834,3.06
"white",5,9.8,5.9,0.99428,3.09
"white",6,11.3,7.8,0.99241,3.39
"white",6,11.3,7.8,0.99241,3.39
"white",6,13.1,2.8,0.98816,3.48
"white",6,12.5,2.9,0.98916,3.04
"white",5,10.3,2.5,0.99329,3.18
"white",6,10.7,12.8,0.99535,3.23
"white",6,10.4,12.2,0.99552,3.05
"white",5,9.5,7.7,0.99514,3.22
"white",5,9.8,2.8,0.99304,3.24
"white",6,12.5,2.9,0.98916,3.04
"white",6,9.4,17.3,0.9984,3
"white",5,9,19.3,0.99911,3.14
"white",5,9,19.3,0.99911,3.14
"white",5,9,19.3,0.99911,3.14
"white",7,13,2.7,0.98952,3.24
"white",5,9.9,6.4,0.99403,3.27
"white",6,9.4,17.3,0.9984,3
"white",6,10.6,2.4,0.99312,3.27
"white",6,13.4,2.8,0.98968,3.23
"white",6,12.5,1.7,0.98946,3.12
"white",5,9.3,15.4,0.9981,3.11
"white",5,9.3,15.4,0.9981,3.11
"white",5,11,4.1,0.99306,3.36
"white",5,10.3,6.6,0.99378,3.2
"white",6,11.3,1.2,0.99036,3.24
"white",6,10.9,2.1,0.99094,3.03
"white",6,11.3,1,0.9908,3.76
"white",6,12.1,1.1,0.9899,3.36
"white",5,11.1,1.4,0.99173,3.18
"white",5,9.8,1.6,0.99356,3.11
"white",6,10.1,9.8,0.99571,3.2
"white",6,12.4,1.9,0.98945,3.26
"white",6,12.7,1.3,0.98865,3.11
"white",5,9.6,7.9,0.99514,3.14
"white",5,9.6,7.9,0.99514,3.14
"white",5,9.1,4.5,0.9943,3.24
"white",5,12.8,22.6,0.99636,3.1
"white",5,9.6,7.9,0.99514,3.14
"white",6,12.4,3.5,0.98987,3.18
"white",4,9.55,1.2,0.99288,3.23
"white",5,9.1,4.5,0.9943,3.24
"white",6,12.5,2,0.99064,3.29
"white",6,9.9,7.8,0.99394,3.16
"white",6,11.2,0.9,0.99175,3.47
"white",6,13,2.9,0.98926,3.13
"white",6,13,2.9,0.98926,3.13
"white",6,11.7,3.5,0.99057,3.2
"white",6,13.1,4.2,0.98898,2.97
NA,6,12,9.7,0.9932,3.08
"white",6,10.55,10.5,0.9972,3.36
"white",6,11.45,1.1,0.9902,3.04
"white",6,10.2,16.1,0.9988,3.18
"white",6,11.45,1.1,0.9902,3.04
"white",5,9.3,8.1,0.9958,3.1
"white",5,10.8,6.2,0.9935,3.09
"white",6,12.2,7.7,0.9925,3.27
"white",6,11,2.4,0.992,3.2
"white",6,10.4,16.3,0.9986,3.35
"white",6,11.4,2.3,0.9914,3.14
"white",7,14.05,8.4,0.9909,3.26
"white",5,10.7,8.5,0.9943,3.03
"white",5,10.2,6,0.994,3.15
"white",6,11.2,1.1,0.9904,3.22
"white",5,12.3333333333333,1.75,0.99,3.4
"white",4,11.5,2.6,0.9902,3.2
"white",5,9.5,1.3,0.9925,3.07
"white",6,13.4,2.1,0.9886,3.24
"white",6,12.5,1.1,0.9898,3.36
"white",6,12.5,1.1,0.9898,3.36
"white",6,11.2,2.8,0.9904,3.12
"white",5,8.8,9,0.9964,3.19
"white",6,11.2,2.8,0.9908,3.06
"white",6,12.7,2.2,0.9899,3.16
"white",6,9.8,5.1,0.993,3
"white",6,9.8,3.5,0.9944,3.14
"white",6,11.7,12.7,0.9956,3.32
"white",5,9.8,7.5,0.9949,3.19
"white",5,9.6,2,0.9929,3.17
"white",6,9.8,3.5,0.9944,3.14
"white",5,9.7,14.3,0.9975,3.12
"white",6,10,9.8,0.995,3.16
"white",6,11.7,12.7,0.9956,3.32
"white",6,12.3,12.7,0.9946,3.32
"white",6,9.8,5.1,0.993,3
"white",6,9,3.5,0.9934,3.03
"white",6,9.1,12.7,0.9984,3.06
"white",6,9.1,12.9,0.9984,3.06
"white",6,9.1,12.9,0.9984,3.06
"white",6,11.4,1.3,0.9908,3.32
"white",5,10.5,10.5,0.9963,3.14
"white",6,12.4,1.5,0.98914,3.13
"white",6,9.1,12.7,0.9984,3.06
"white",6,9.1,12.9,0.9984,3.06
"white",5,10.1,1.2,0.9937,3.18
"white",6,10.9,6.2,0.993,2.99
"white",5,11.05,8.8,0.9956,3.13
"white",6,12.75,3.9,0.98963,3.26
"white",6,12.7,1.3,0.98961,3.36
"white",5,11.1,9.1,0.9948,3.05
"white",5,11.1,9.1,0.9948,3.05
"white",6,12.75,3.9,0.98963,3.26
"white",6,13,1.8,0.989315,3.19
"white",6,12,2.1,0.989435,2.96
"white",6,11.5,1.4,0.9899,3.35
"white",5,10.5,14.7,0.998275,3.39
"white",5,11.1,9.1,0.9948,3.05
"white",6,11.1,1.9,0.9914,3.1
"white",6,11.1,1.8,0.9915,3.11
"white",6,13.1,9.6,0.9924,3.22
"white",6,12.75,3.9,0.98963,3.26
"white",6,12.7,1.3,0.98961,3.36
"white",5,9.6,11.8,0.997,3.09
"white",5,11.7,1.9,0.9914,3.26
"white",6,9.7,12,0.997,3.17
"white",6,10.9,7.9,0.9944,3.38
"white",7,10.7,9.3,0.9958,3.34
"white",6,13.8,4.6,0.98889,3.33
"white",6,12.15,2.2,0.989465,3.11
"white",7,10.8,10.2,0.9954,3.49
"white",7,10.7,10.6,0.9947,3.4
"white",7,10.8,1.4,0.9912,3.16
"white",5,10.8,9.1,0.9965,3.66
"white",5,12,11.1,0.9948,3.03
"white",5,10.8,9.1,0.9965,3.66
"white",6,12.2,4.4,0.9925,3.23
"white",6,9.4,2.8,0.9936,3.18
"white",6,11.4,1.1,0.9898,3.3
"white",7,12.5,1.3,0.98948,3.35
"white",7,13.05,1.2,0.98823,3.2
"white",6,12.4,3.3,0.9896,3.1
"white",7,12.9,9.7,0.9908,3.08
"white",7,12,2.3,0.9906,3.34
"white",5,11.3,1.1,0.9904,3.19
"white",6,10,11.4,0.99754,3.21
"white",7,11.8,1.2,0.9898,3.42
"white",6,9.4,14.7,0.998365,2.99
"white",6,8.8,13.8,0.99837,2.97
"white",6,11.1,1.3,0.99125,3.46
"white",6,10.5,6.3,0.9943,3.1
"white",6,9.3,7.9,0.99488,2.86
"white",6,11.4,2,0.99034,3.02
"white",6,11.8,11.8,0.99322,3.41
"white",6,12.4,1.2,0.98895,3.28
"white",6,11.6,10,0.99457,3.12
"white",5,11.1,5.2,0.99304,3.26
"white",6,12.4,1.2,0.98895,3.28
"white",6,11.1,7.2,0.99331,3.22
"white",6,11,9.9,0.99435,3.01
"white",6,12.2,5.3,0.99122,3.12
"white",6,11,13.55,0.99544,3.2
"white",6,12.9,2.2,0.989,3.32
"white",6,10.9,9.9,0.99414,3.07
"white",6,13.4,4.3,0.99014,3.22
"white",6,10.7,13,0.99551,3.15
"white",6,11,13.55,0.99544,3.2
"white",7,11.4,1,0.9908,3.3
"white",6,10.2,1.1,0.9927,3
"white",6,11,6.9,0.99244,2.8
"white",6,9.1,13.4,0.99752,3.06
"white",6,11,4.6,0.99114,3.18
"white",6,11.5,9.9,0.99326,3.11
"white",6,12,3,0.9906,3.16
"white",5,11.2,5.8,0.993,3.04
"white",6,11.2,12.9,0.99479,3.12
"white",7,12.6,3.2,0.98942,2.9
"white",4,11,0.8,0.99036,3.14
"white",6,10.8,2.5,0.99201,3.22
"white",5,10.9,2.4,0.99184,3.25
"white",5,9.8,7.2,0.99441,3.16
"white",5,9.8,7.3,0.99442,3.15
"white",5,9.5,6.3,0.99474,2.9
"white",7,11.2666666666667,4.25,0.9916,3.26
"white",5,10.8,1.2,0.99198,3.01
"white",7,13.4,2,0.98949,3.36
"white",7,11.3,4.25,0.9916,3.26
"white",5,8.9,4.7,0.99556,3.22
"white",6,11.2,4.5,0.99151,3.07
"white",7,11.5,1.4,0.99158,3.22
"white",7,13,4.1,0.9902,3.26
"white",6,12.6,5.3,0.99204,3.36
"white",6,13.1,4.2,0.98988,3.26
"white",5,11.2,6.65,0.99344,3.05
"white",6,11.7,8.2,0.99394,3.39
"white",6,10.9,2.6,0.99153,3.18
"white",6,10.9,2.6,0.99153,3.18
"white",7,11.6,2,0.98981,3.04
"white",7,10.4,12.2,0.99524,3.23
"white",7,10.9,2.3,0.99221,3.22
"white",6,11.7,8.2,0.99394,3.39
"white",6,10.8,5,0.99318,3.23
"white",6,11.2,10.7,0.99366,3.11
"white",6,10,10.8,0.99494,3.25
"white",5,10.5666666666667,1.7,0.99212,3.28
"white",6,11.7333333333333,1.3,0.99018,3.04
"white",5,10.6,1.7,0.99212,3.28
"white",6,10.5,12.7,0.99596,3.26
"white",6,11.75,1.3,0.99018,3.04
"white",6,11.4,1.2,0.99094,3.01
"white",7,12.4,1.3,0.98968,3.37
"white",6,10.1,5.7,0.99392,3.24
"white",6,12.3,3.4,0.99024,3.09
"white",7,13.1,1.1,0.98774,3.32
"white",7,10.65,1,0.99094,3.29
"white",7,11.4,1,0.99044,3.36
"white",5,9.3,1.65,0.9938,3.11
"white",5,10.2,6.8,0.99432,3.44
"white",5,10.2,6.8,0.99432,3.44
"white",7,13.1,4.9,0.98966,3.26
"white",5,9.6,1.4,0.99309,3.24
"white",7,12.8,2.5,0.98868,3.1
"white",7,10.9666666666667,10.8,0.9937,3.09
"white",7,10.9666666666667,10.8,0.9937,3.09
"white",7,10.9666666666667,10.8,0.9937,3.09
"white",7,11,10.8,0.9937,3.09
"white",6,13.4,2.8,0.98975,3.21
"white",6,11.2,1.3,0.98984,2.87
"white",6,12.4,2,0.99063,3.27
"white",5,11.2,1.1,0.99168,3.09
"white",6,12.4,8.2,0.99272,3.14
"white",7,10.1333333333333,6,0.99362,3.32
"white",7,10.1333333333333,6.1,0.99365,3.32
"white",6,12.4,8.2,0.99272,3.14
"white",5,9.1,8.8,0.99642,3.17
"white",7,10.15,6.1,0.99365,3.32
"white",7,10.15,6,0.99362,3.32
"white",5,11.5,1.2,0.99134,3.46
"white",6,8.9,11.4,0.99732,3.08
"white",5,10.4666666666667,1.3,0.99212,3.47
"white",5,10.4666666666667,1.3,0.99212,3.47
"white",7,11.8,6.2,0.99161,3.28
"white",7,11.6333333333333,3.2,0.9912,3.35
"white",6,10.6,4.5,0.99332,3.29
"white",6,9.6,9.9,0.99636,3.18
"white",7,11.8,6.2,0.99161,3.28
"white",6,8.9,11.4,0.99732,3.08
"white",5,10.5,1.3,0.99212,3.47
"white",4,10.2,1.3,0.99271,3.17
"white",6,13.1,0.9,0.98845,3.29
"white",6,11.8,0.7,0.9899,3.11
"white",6,12.2,1,0.99004,3.06
"white",6,11.45,1,0.99097,3.44
"white",5,10.5,10.4,0.9966,3.23
"white",4,10.2,1.3,0.99271,3.17
"white",6,9,12.5,0.99666,2.88
"white",6,9,12.5,0.99666,2.88
"white",6,9,12.5,0.99666,2.88
"white",6,9,12.5,0.99666,2.88
"white",7,9.1,19.25,0.99954,2.93
"white",5,8.8,1.1,0.99414,3.38
"white",6,9,12.5,0.99666,2.88
"white",7,9.1,19.25,0.99954,2.93
"white",7,12.9,9,0.99188,3.13
"white",6,13,1.2,0.98926,3.19
"white",7,12.9,9,0.99188,3.13
"white",6,9.2,1.3,0.99334,3.04
"white",5,9.8,12.8,0.99659,3.1
"white",5,9.8,12.8,0.99659,3.1
"white",6,10.1,7.6,0.9948,3.26
"white",6,10.1,7.6,0.9948,3.26
"white",7,10.9,1.4,0.99074,3.33
"white",6,9.6,8.3,0.9955,3.2
"white",6,10.4,9,0.99474,3.36
"white",7,11.8,1.85,0.98966,3.03
"white",6,10.8,12.55,0.99564,3.4
"white",6,10.6,1.4,0.99246,3.28
"white",6,12.7,1.8,0.98984,3.35
"white",7,12.2,4,0.99031,3.3
"white",6,10.8,12.55,0.99564,3.4
"white",6,10.4,9,0.99474,3.36
"white",6,11.1,3,0.99216,3.25
"white",7,11.8,1.85,0.98966,3.03
"white",6,10,7.9,0.99512,3.29
"white",6,10.8,2.6,0.9909,3.12
"white",6,10.3,1.2,0.99132,3.31
"white",6,9.9,7.1,0.99378,3.24
"white",6,10,7.9,0.99512,3.29
"white",5,12.25,1.3,0.99044,3.11
"white",6,10.2,10.7,0.99521,3.34
"white",6,9.4,7.7,0.99489,3.06
"white",6,9.7,8.4,0.99495,3.18
"white",6,10.2,10.7,0.99521,3.34
"white",6,10.4,12.7,0.9954,3.04
"white",6,12.2,1.8,0.99121,3.49
"white",6,9.4,7.7,0.99489,3.06
"white",6,10.6,10.5,0.99478,3.12
"white",5,10.7,1.6,0.99346,3.27
"white",5,11.85,1.85,0.99331,3.24
"white",6,11.7,10.5,0.99321,3.34
"white",6,11.7,10.5,0.99321,3.34
"white",6,10.15,1,0.99218,3.55
"white",6,11.6333333333333,1.2,0.9898,3.33
"white",6,10.8,1.7,0.99144,3.22
"white",6,10.8,1.6,0.99143,3.22
"white",7,12.3,9,0.99234,3.25
"white",6,12.5,1.9,0.98972,3.36
"white",6,11.65,1.2,0.9898,3.33
"white",5,9.6,1.5,0.99308,3.24
"white",6,10.9,3.9,0.99218,3.24
"white",6,10.8,3.6,0.99215,3.23
"white",5,11.2,1.2,0.99185,3.32
"white",5,10,5,0.99438,3.67
"white",3,10.5,2.9,0.99314,3.44
"white",6,9.1,10.4,0.99542,2.86
"white",6,10.5,11.4,0.99428,3.23
"white",5,9.3,18.35,0.99943,3.12
"white",6,9.3,18.4,0.99946,3.13
"white",5,11.2,1.2,0.99185,3.32
"white",6,10.6,7.1,0.99472,3.14
"white",7,12.1,1.3,0.9891,3.23
"white",6,12,1.5,0.99076,3.43
"white",6,9.7,10.2,0.99632,3.16
"white",6,12.4,2.2,0.99,3.12
"white",7,13.6,3.5,0.98872,3.18
"white",7,13.6,3.5,0.98872,3.18
"white",6,11.8,3.9,0.99102,2.98
"white",6,10,7.4,0.99388,3.16
"white",6,10,7.4,0.99388,3.16
"white",6,9.1,11,0.99602,3.12
"white",7,11.9,1.5,0.99057,3.47
"white",7,11.75,3.9,0.99072,3.31
"white",6,11.4,5.4,0.99224,3.24
"white",8,13,1.5,0.98942,3.56
"white",8,12.4,5,0.99171,3.27
"white",7,9.4,1.2,0.99352,3.3
"white",6,9.6,13,0.99705,3.16
"white",6,9.6,13,0.99705,3.16
"white",6,9.6,13,0.99705,3.16
"white",6,9.6,13,0.99705,3.16
"white",5,9.1,8.6,0.99654,3.16
"white",7,12,1.7,0.98953,3.24
"white",4,11.2,1.2,0.99132,3.16
"white",6,10.1,1.2,0.99204,3.32
"white",6,10.3,1.2,0.99185,3.13
"white",6,12.3,2,0.98952,3.16
"white",6,10.55,19.4,0.99704,2.97
"white",4,10.9,0.8,0.99032,3.1
"white",5,9.7,6.3,0.99382,3.15
"white",5,9.8,6.4,0.99382,3.14
"white",6,8.9,12.1,0.9974,3.04
"white",6,8.9,12.1,0.9974,3.04
"white",5,10.2,12.9,0.99546,3.02
"white",7,11.7,2.4,0.99088,3.01
"white",8,12.8,4.3,0.98904,3.46
"white",8,12.8,4.2,0.989,3.57
"white",5,10.2,12.9,0.99546,3.02
"white",6,13.55,1.7,0.98758,3.15
"white",6,11.6,2.2,0.9901,3.13
"white",6,8.9,12.1,0.9974,3.04
"white",6,13.8,3.4,0.98981,3.53
"white",6,9.4,7.4,0.9952,3.19
"white",5,9.4,7.3,0.99519,3.18
"white",7,10.7,1.1,0.99142,3.17
"white",7,10.7,1.1,0.99142,3.17
"white",6,12.3,1.4,0.9897,3.31
"white",5,10.3,14.5,0.99684,3.16
"white",6,10.4,8,0.99445,3.11
"white",7,11.6,1.1,0.99051,3.31
"white",7,10.7,1.1,0.99142,3.17
"white",8,12.8,2.2,0.98986,3.36
"white",7,11.9,5.8,0.99189,3.18
"white",4,12.1,0.9,0.98934,3.24
"white",6,9.2,6.4,0.99449,3.23
"white",6,9.5,10.9,0.99566,2.93
"white",6,11,7.3,0.99252,2.91
"white",5,10.9,8.3,0.9959,3.19
"white",6,10.4,1.3,0.9924,3.21
"white",5,9.1,3.3,0.99482,3.42
"white",6,11.4,1,0.99103,3.32
"white",7,11.4,1.1,0.98946,3.35
"white",5,9.7,1,0.99212,3.1
"white",6,12.4,5.1,0.99052,3.18
"white",7,13.7,3.2,0.99026,3.2
"white",6,10.6,12.6,0.99516,2.91
"white",6,11.2,3.7,0.99128,3.2
"white",6,13.1333333333333,1.7,0.9891,3.24
"white",6,12.4,5.1,0.99052,3.18
"white",5,9.7,1,0.99212,3.1
"white",6,11,1.3,0.99176,3.19
"white",6,11.3,1.5,0.99162,3.18
"white",7,12,4.6,0.99193,3.2
"white",5,9.2,10.3,0.9967,3.23
"white",6,10.7,6.1,0.99462,3.48
"white",6,10.7,6.1,0.99462,3.48
"white",6,11.4,1.2,0.99058,3.1
"white",5,9.2,10.3,0.9967,3.23
"white",7,12.1,9.9,0.99258,3.1
"white",6,11.1,1.6,0.99138,3.23
"white",6,9.7,1.1,0.99271,3.27
"white",5,10.7,1.5,0.9917,3.24
"white",6,10.9,1.2,0.99126,3.49
"white",7,12,1.5,0.98986,3.36
"white",6,10.6,1.1,0.99154,3.47
"white",5,9.6,11.5,0.99642,3.11
"white",6,13.1,7.8,0.99154,3.03
"white",6,11,7.4,0.99313,3.38
"white",4,11.6,1.45,0.99125,3.52
"white",7,11.95,8.9,0.99318,3.28
"white",6,11.1,1.1,0.99099,3.44
"white",6,11.5,1,0.99004,3.17
"white",5,11.3,2.5,0.99093,3.21
"white",6,11.9,1.1,0.98924,3.28
"white",5,9.5,2.4,0.99336,3.18
"white",6,12.2,2.3,0.98944,3.29
"white",7,12.2,5.1,0.99022,3.41
"white",6,11.1,2.5,0.99146,3.05
"white",5,9.6,8.9,0.99488,3.1
"white",6,11.1,2.5,0.99146,3.05
"white",5,9.6,8.9,0.99488,3.1
"white",5,11.4,1.6,0.99176,3.3
"white",5,11.4,1.4,0.99001,3.32
"white",6,12.0666666666667,3.9,0.99005,3.1
"white",6,9,13.7,0.99755,2.9
"white",6,9,13.7,0.99755,2.9
"white",6,11.4,9.2,0.99444,3.08
"white",5,9.6,7.8,0.99502,3.12
"white",6,11,7.6,0.99222,3.03
"white",6,11,7.7,0.99224,3.04
"white",6,11.2,3,0.99067,3.23
"white",6,11.55,1.3,0.99069,3.31
"white",7,13.3,4,0.98936,3.2
"white",5,9.63333333333333,1.1,0.99266,3.3
"white",6,13.6,2,0.98822,3.06
"white",6,11.2,1.9,0.99138,3.29
"white",6,13,1.4,0.98854,3.27
"white",6,10.8,4.5,0.99324,3.31
"white",6,9.8,10.1,0.99626,3.19
"white",7,11.45,6.6,0.99188,3.15
"white",6,12.05,1.9,0.9897,3.37
"white",5,9.7,12.4,0.99622,3.14
"white",6,11.9,1.6,0.99044,3.33
"white",6,10,2.5,0.99282,3.49
"white",6,9.7,1.2,0.99245,3.12
"white",7,11.6,2.5,0.99132,3.36
"white",5,8.8,0.8,0.99286,3.25
"white",4,9.5,0.9,0.99234,3.24
"white",6,9.53333333333333,8.1,0.99494,3.15
"white",6,9.53333333333333,8.1,0.99494,3.15
"white",6,9.4,11.75,0.9954,3.07
"white",5,10.7,1.3,0.99184,3.26
"white",6,11.5,1.9,0.98964,3.27
"white",5,9.6,8.3,0.99492,3.14
"white",6,9.55,8.1,0.99494,3.15
"white",7,12.15,5.7,0.99168,3.21
"white",7,13,1.9,0.98928,3.04
"white",5,9.2,1.2,0.9933,3.04
"white",6,9.4,11.75,0.9954,3.07
"white",6,11.8,2.2,0.98938,3.06
"white",6,10.6,0.9,0.99074,3.24
"white",5,9.7,1.3,0.99298,3.29
"white",6,11.2,1.6,0.99114,3.27
"white",5,9.6,8,0.9949,3.15
"white",6,9.4,1.2,0.99254,2.99
"white",7,12.8,1.1,0.98869,3.34
"white",6,11.8,0.8,0.98941,3.26
