"age","job","marital","education","balance","duration","campaign","subscribed"
30,"unemployed","married","primary",1787,79,1,"no"
33,"services","married","secondary",4789,220,1,"no"
35,"management","single","tertiary",1350,185,1,"no"
30,"management","married","tertiary",1476,199,4,"no"
59,"blue-collar","married","secondary",0,226,1,"no"
35,"management","single","tertiary",747,141,2,"no"
36,"self-employed","married","tertiary",307,341,1,"no"
39,"technician","married","secondary",147,151,2,"no"
41,"entrepreneur","married","tertiary",221,57,2,"no"
43,"services","married","primary",-88,313,1,"no"
39,"services","married","secondary",9374,273,1,"no"
43,"admin.","married","secondary",264,113,2,"no"
36,"technician","married","tertiary",1109,328,2,"no"
20,"student","single","secondary",502,261,1,"yes"
31,"blue-collar","married","secondary",360,89,1,"no"
40,"management","married","tertiary",194,189,2,"no"
56,"technician","married","secondary",4073,239,5,"no"
37,"admin.","single","tertiary",2317,114,1,"no"
25,"blue-collar","single","primary",-221,250,1,"no"
31,"services","married","secondary",132,148,1,"no"
38,"management","divorced",NA,0,96,2,"no"
42,"management","divorced","tertiary",16,140,3,"no"
44,"services","single","secondary",106,109,2,"no"
44,"entrepreneur","married","secondary",93,125,2,"no"
26,"housemaid","married","tertiary",543,169,3,"no"
41,"management","married","tertiary",5883,182,2,"no"
55,"blue-collar","married","primary",627,247,1,"no"
67,"retired","married",NA,696,119,1,"no"
56,"self-employed","married","secondary",784,149,2,"no"
53,"admin.","married","secondary",105,74,2,"no"
68,"retired","divorced","secondary",4189,897,2,"yes"
31,"technician","married","secondary",171,81,3,"no"
59,"management","married","secondary",42,40,1,"no"
32,"management","single","tertiary",2536,958,6,"yes"
49,"technician","married","tertiary",1235,354,3,"yes"
42,"admin.","divorced","secondary",1811,150,1,"no"
78,"retired","divorced","primary",229,97,1,"yes"
32,"blue-collar","married","secondary",2089,132,1,"yes"
33,"management","married","secondary",3935,765,1,"yes"
23,"services","single","tertiary",363,16,18,"no"
38,"management","single","tertiary",11971,609,2,"no"
36,"management","single","tertiary",553,106,2,"no"
52,"blue-collar","married","secondary",1117,365,1,"no"
32,"technician","married","tertiary",396,205,3,"no"
32,"technician","single","tertiary",2204,11,4,"no"
34,"management","single","tertiary",872,105,2,"no"
55,"blue-collar","married","primary",145,59,3,"no"
26,"blue-collar","married","primary",0,425,1,"no"
32,"entrepreneur","single","primary",-849,204,1,"no"
61,"admin.","married",NA,4629,181,1,"yes"
45,"blue-collar","divorced","primary",844,1018,3,"yes"
37,"technician","single","secondary",228,1740,2,"no"
38,"technician","single","secondary",50,98,2,"no"
34,"technician","married","tertiary",1539,441,1,"yes"
53,"blue-collar","married","secondary",2231,272,3,"no"
48,"admin.","married","secondary",3064,159,2,"no"
57,"management","married","secondary",82,140,1,"no"
33,"self-employed","single","tertiary",2155,295,1,"no"
36,"retired","single","secondary",101,314,1,"no"
54,"technician","divorced","secondary",784,579,1,"no"
41,"blue-collar","married","primary",-516,554,3,"no"
63,"retired","married","secondary",415,323,1,"no"
48,"management","married","tertiary",5887,227,2,"no"
48,"services","married","secondary",1355,134,2,"no"
56,"admin.","married","secondary",16873,223,1,"no"
51,"blue-collar","divorced","secondary",203,134,1,"no"
31,"services","married","secondary",338,155,1,"no"
29,"technician","married","secondary",444,130,4,"no"
41,"management","married","secondary",0,630,3,"no"
32,"technician","single","tertiary",360,164,2,"no"
37,"management","married","tertiary",0,268,2,"yes"
42,"entrepreneur","divorced","tertiary",2,380,1,"no"
31,"management","single","tertiary",6248,154,2,"no"
41,"services","married","tertiary",412,154,5,"no"
56,"retired","married","secondary",344,221,1,"no"
54,"management","divorced","tertiary",3222,67,2,"no"
41,"blue-collar","divorced","secondary",174,367,2,"no"
40,"technician","single","secondary",591,87,6,"no"
50,"blue-collar","divorced","primary",388,701,1,"no"
40,"unemployed","married","secondary",219,204,2,"no"
27,"admin.","divorced","secondary",451,652,1,"yes"
60,"retired","married","primary",5,63,2,"no"
28,"admin.","single","secondary",177,150,1,"no"
52,"services","married","secondary",657,398,2,"yes"
37,"management","married","tertiary",1315,224,1,"yes"
51,"blue-collar","married","primary",1466,406,2,"no"
41,"technician","single","secondary",879,60,4,"no"
35,"blue-collar","single","primary",293,521,2,"no"
38,"admin.","married","secondary",424,279,1,"no"
34,"blue-collar","married","secondary",1831,203,2,"no"
39,"blue-collar","married","primary",111,201,2,"no"
34,"blue-collar","married","primary",455,372,3,"no"
27,"services","single","secondary",-195,391,1,"yes"
32,"management","single","tertiary",3616,165,2,"no"
57,"blue-collar","married","secondary",14093,231,5,"no"
41,"unknown","single","tertiary",1567,291,2,"no"
41,"admin.","married","tertiary",5426,149,2,"no"
30,"admin.","single","tertiary",261,233,1,"no"
36,"blue-collar","divorced","secondary",2843,473,1,"no"
31,"unemployed","single","primary",406,736,1,"yes"
36,"blue-collar","married","secondary",0,337,1,"no"
38,"management","single","tertiary",493,553,1,"no"
49,"technician","married","secondary",5996,345,2,"no"
57,"services","single","primary",3777,65,2,"no"
34,"management","single","secondary",524,9,1,"no"
32,"management","single","tertiary",574,259,2,"no"
37,"blue-collar","married","secondary",427,371,3,"no"
33,"self-employed","married","tertiary",483,280,2,"no"
56,"unemployed","married","primary",3391,243,1,"yes"
27,"housemaid","married","primary",0,435,3,"no"
21,"student","single","secondary",2488,258,6,"yes"
58,"management","married","tertiary",1517,7,5,"no"
32,"self-employed","married","secondary",217,317,5,"no"
33,"blue-collar","single","secondary",22,76,2,"no"
25,"student","single","secondary",331,170,4,"yes"
25,"technician","single","secondary",505,386,2,"yes"
30,"services","married","secondary",1808,83,2,"no"
22,"admin.","single","secondary",4111,65,1,"no"
39,"blue-collar","married","primary",52,69,1,"no"
46,"management","divorced","tertiary",25,564,2,"no"
31,"admin.","divorced","secondary",1890,588,1,"no"
45,"blue-collar","married","primary",419,113,4,"no"
32,"technician","married","secondary",2693,16,1,"no"
36,"blue-collar","married","secondary",-231,779,2,"no"
51,"management","single","tertiary",-55,281,2,"no"
34,"self-employed","single","tertiary",462,1877,3,"yes"
24,"unemployed","single","secondary",119,51,1,"no"
45,"technician","single","secondary",586,32,3,"no"
32,"blue-collar","single","secondary",228,176,1,"no"
77,"retired","divorced","tertiary",4659,161,1,"yes"
41,"blue-collar","married","primary",168,187,3,"no"
37,"blue-collar","married","primary",0,24,1,"no"
43,"blue-collar","married",NA,-715,67,3,"no"
48,"admin.","married",NA,0,85,1,"no"
27,"technician","single","secondary",769,317,2,"no"
33,"management","single","tertiary",0,236,10,"no"
29,"admin.","single","secondary",428,54,1,"no"
34,"management","single","tertiary",0,71,1,"no"
52,"management","married","tertiary",-970,489,1,"yes"
60,"management","married",NA,6313,39,2,"no"
32,"management","divorced","tertiary",948,204,2,"no"
32,"management","single","tertiary",0,455,2,"no"
56,"services","divorced",NA,1877,86,1,"no"
31,"management","single","tertiary",874,190,2,"no"
42,"admin.","married","secondary",323,280,2,"no"
35,"management","married","tertiary",106,588,2,"no"
56,"retired","married","primary",1906,45,9,"no"
48,"technician","married","secondary",1152,168,5,"no"
46,"admin.","married","secondary",179,194,4,"no"
37,"technician","single",NA,391,103,3,"no"
41,"entrepreneur","married",NA,89,333,2,"no"
36,"management","single","tertiary",442,102,3,"no"
45,"unemployed","divorced","primary",-249,92,1,"no"
55,"entrepreneur","married","secondary",8104,213,2,"no"
39,"technician","married","secondary",501,289,1,"no"
35,"technician","divorced","secondary",308,77,2,"no"
55,"admin.","married","secondary",602,324,3,"yes"
55,"technician","married","secondary",273,84,3,"no"
27,"self-employed","single","secondary",50,168,1,"no"
34,"technician","married","secondary",1641,380,1,"no"
34,"blue-collar","married","tertiary",20,10,1,"no"
25,"admin.","single","secondary",4590,199,2,"no"
41,"admin.","single","secondary",-256,35,3,"no"
43,"services","married","secondary",978,82,2,"no"
28,"management","single","tertiary",80,676,2,"yes"
31,"admin.","single","secondary",2104,455,1,"no"
78,"housemaid","married","secondary",499,80,4,"no"
45,"blue-collar","divorced","secondary",1269,549,2,"no"
48,"technician","married","tertiary",310,135,1,"no"
32,"blue-collar","single","secondary",1143,412,1,"no"
42,"technician","married","secondary",2980,101,3,"no"
37,"management","single","tertiary",37,253,2,"no"
40,"admin.","single","secondary",462,272,1,"no"
32,"admin.","married","secondary",1031,84,1,"no"
42,"management","married","tertiary",9009,135,2,"no"
43,"admin.","married","secondary",-465,166,1,"no"
44,"admin.","married","secondary",5181,18,7,"no"
37,"admin.","married","secondary",176,147,2,"no"
37,"unknown","married",NA,1699,63,1,"no"
37,"admin.","married","tertiary",0,65,2,"no"
28,"technician","single","tertiary",172,194,2,"no"
32,"services","single","secondary",0,333,2,"no"
34,"admin.","single","secondary",6979,14,5,"no"
40,"admin.","divorced","secondary",6,140,1,"no"
34,"services","married","secondary",-62,109,3,"no"
34,"self-employed","married","tertiary",1972,61,2,"no"
34,"admin.","married","tertiary",899,377,3,"no"
37,"services","single","secondary",21,96,1,"no"
36,"technician","married","secondary",23,152,2,"no"
56,"retired","married","secondary",-1206,382,2,"yes"
49,"blue-collar","married","primary",0,97,6,"no"
33,"self-employed","married","secondary",215,543,12,"no"
30,"management","single","tertiary",1372,240,2,"no"
36,"services","married","secondary",1981,48,2,"no"
23,"student","single","secondary",9216,471,2,"no"
57,"retired","divorced","secondary",39,354,3,"no"
27,"blue-collar","single","secondary",5563,435,2,"no"
38,"services","married","secondary",1,152,2,"no"
42,"technician","married","tertiary",782,285,1,"no"
75,"retired","married","secondary",3771,185,1,"yes"
34,"technician","single","tertiary",992,301,1,"no"
48,"technician","married","secondary",1526,273,2,"no"
35,"technician","single","tertiary",2658,768,2,"yes"
39,"management","divorced","tertiary",1315,1337,4,"no"
29,"blue-collar","single","tertiary",455,403,1,"yes"
45,"technician","single","tertiary",0,139,2,"no"
42,"technician","married","secondary",2030,196,1,"no"
29,"technician","married","secondary",1599,115,1,"no"
38,"services","single","secondary",-196,60,1,"no"
56,"retired","married","secondary",1333,17,14,"no"
36,"technician","single","secondary",9149,141,3,"no"
25,"blue-collar","single","secondary",-350,95,3,"no"
38,"technician","married","tertiary",432,10,2,"no"
57,"self-employed","married","secondary",11494,198,1,"no"
31,"management","married","tertiary",-253,220,4,"no"
42,"management","married","tertiary",372,654,2,"yes"
45,"technician","married","secondary",1410,71,2,"no"
30,"blue-collar","married","secondary",975,256,2,"no"
49,"blue-collar","married","primary",305,834,10,"no"
49,"services","married","secondary",400,151,3,"no"
53,"retired","married","tertiary",-22,20,3,"no"
37,"technician","married","secondary",4030,178,5,"no"
49,"blue-collar","married","primary",365,59,2,"no"
41,"self-employed","married","primary",204,111,7,"no"
54,"management","married","primary",1691,186,1,"no"
32,"services","single","secondary",406,227,1,"no"
33,"technician","married","secondary",-204,297,3,"no"
33,"technician","married","secondary",359,210,1,"no"
36,"blue-collar","married","primary",123,9,1,"no"
35,"technician","married","tertiary",0,112,1,"no"
52,"unknown","married","secondary",142,112,6,"no"
40,"entrepreneur","married","tertiary",3571,222,3,"no"
44,"technician","single","secondary",33,195,3,"no"
45,"blue-collar","single","secondary",0,768,2,"no"
30,"student","single","secondary",3096,123,1,"no"
48,"technician","divorced","secondary",20,145,3,"no"
33,"blue-collar","married","secondary",3576,124,1,"no"
57,"technician","married",NA,206,216,3,"no"
57,"housemaid","married","primary",7082,69,3,"no"
51,"unemployed","married","tertiary",1634,168,4,"no"
34,"admin.","single","secondary",1,483,7,"no"
50,"self-employed","married","tertiary",4012,690,3,"no"
44,"management","married","tertiary",3762,125,12,"no"
27,"admin.","married","secondary",-247,344,2,"no"
50,"blue-collar","married","secondary",606,673,2,"no"
36,"management","married","tertiary",0,60,1,"no"
42,"management","married","secondary",-189,247,2,"no"
32,"unemployed","single","secondary",0,123,2,"no"
42,"management","married","tertiary",484,144,2,"no"
43,"technician","married","secondary",0,9,2,"no"
31,"management","married","tertiary",395,155,3,"no"
32,"management","married","tertiary",2349,134,5,"no"
55,"blue-collar","divorced","primary",410,221,2,"no"
58,"retired","married","primary",3401,84,3,"no"
46,"blue-collar","married","primary",222,71,2,"no"
55,"blue-collar","married","secondary",989,246,4,"no"
34,"management","married","tertiary",415,361,2,"no"
28,"unemployed","single","secondary",16,119,4,"no"
42,"technician","divorced","tertiary",7190,375,2,"no"
29,"blue-collar","single","secondary",482,1097,3,"yes"
54,"housemaid","married","secondary",209,97,1,"no"
32,"technician","single","secondary",0,181,2,"no"
39,"technician","single","tertiary",5803,83,3,"no"
53,"entrepreneur","married","tertiary",624,180,4,"no"
58,"technician","married","tertiary",883,543,1,"no"
40,"self-employed","married","secondary",1516,373,1,"no"
29,"student","single","secondary",872,230,1,"no"
33,"technician","married","tertiary",-988,83,3,"no"
38,"admin.","single","secondary",902,58,13,"no"
56,"services","divorced","secondary",1007,88,6,"no"
40,"services","married","secondary",0,297,1,"no"
24,"blue-collar","single","secondary",174,487,1,"yes"
46,"management","married","secondary",12186,29,3,"no"
35,"self-employed","married","secondary",524,484,4,"no"
35,"blue-collar","single","tertiary",0,262,4,"no"
34,"technician","married","secondary",4,644,1,"no"
35,"housemaid","married","tertiary",11219,699,2,"no"
38,"technician","single","tertiary",0,247,2,"no"
50,"blue-collar","married","primary",5776,49,3,"no"
51,"blue-collar","divorced","primary",37,341,1,"no"
59,"self-employed","married","tertiary",593,64,2,"no"
32,"blue-collar","married","secondary",1148,121,1,"no"
37,"blue-collar","single","secondary",3561,98,1,"no"
42,"admin.","divorced","secondary",63,88,6,"no"
40,"student","married","secondary",260,197,6,"no"
28,"technician","single","tertiary",2269,331,1,"no"
47,"admin.","married","secondary",1060,83,3,"no"
27,"self-employed","married","secondary",-220,138,2,"no"
41,"management","married","tertiary",49,312,5,"no"
34,"admin.","married","tertiary",69,120,3,"yes"
50,"blue-collar","married","primary",4108,526,2,"yes"
47,"blue-collar","married","secondary",480,211,2,"no"
53,"services","married","secondary",4994,62,6,"no"
53,"technician","divorced","secondary",0,135,5,"no"
47,"management","married","tertiary",3681,101,2,"no"
49,"entrepreneur","divorced",NA,-701,988,2,"yes"
29,"management","married","tertiary",451,451,1,"no"
45,"blue-collar","divorced","primary",-311,1030,1,"yes"
38,"entrepreneur","married","secondary",593,1484,24,"yes"
32,"blue-collar","married","secondary",759,317,5,"yes"
70,"retired","divorced","primary",4531,445,1,"no"
65,"retired","divorced","primary",1840,383,2,"no"
56,"blue-collar","married","secondary",345,605,1,"no"
35,"blue-collar","married","secondary",1287,330,2,"no"
56,"management","married",NA,353,171,2,"no"
56,"technician","married","secondary",205,442,2,"no"
49,"entrepreneur","married","secondary",687,772,1,"yes"
38,"unemployed","married","primary",1147,249,5,"no"
35,"management","married","tertiary",4286,357,1,"no"
38,"admin.","married","tertiary",605,147,2,"no"
49,"blue-collar","married","secondary",8545,199,7,"no"
55,"management","married",NA,559,271,2,"no"
43,"blue-collar","single","primary",2,783,3,"no"
43,"management","married","tertiary",2,472,2,"no"
25,"admin.","single","tertiary",760,223,3,"yes"
30,"blue-collar","married","primary",1317,395,2,"no"
46,"blue-collar","married","secondary",182,56,1,"no"
50,"admin.","married","primary",276,641,6,"no"
35,"entrepreneur","married","secondary",2971,429,4,"yes"
26,"unemployed","single","secondary",1064,113,1,"no"
45,"admin.","married",NA,1783,11,11,"no"
37,"blue-collar","married","secondary",-67,157,1,"no"
60,"self-employed","single","tertiary",179,79,4,"no"
38,"management","married","tertiary",1199,178,1,"yes"
47,"blue-collar","married","primary",214,168,1,"no"
33,"technician","married","secondary",6699,425,1,"no"
51,"unemployed","married","secondary",1760,162,1,"no"
35,"entrepreneur","single","tertiary",145,799,2,"yes"
35,"unemployed","married","secondary",978,1370,3,"yes"
48,"admin.","single","secondary",1150,357,1,"no"
37,"admin.","married","secondary",121,22,6,"no"
29,"technician","single","tertiary",828,215,3,"no"
34,"admin.","married","secondary",244,56,4,"no"
32,"services","married","primary",228,1017,6,"yes"
30,"management","single","tertiary",424,298,4,"yes"
47,"management","divorced","tertiary",447,126,1,"no"
33,"blue-collar","married","primary",-195,9,1,"no"
33,"management","single","tertiary",1410,8,1,"no"
63,"retired","married","primary",1084,201,1,"no"
51,"self-employed","divorced","primary",10924,106,2,"no"
41,"management","married","tertiary",832,164,1,"no"
56,"retired","married","tertiary",478,97,1,"no"
60,"management","single","tertiary",0,151,1,"no"
41,"self-employed","single","tertiary",3950,96,2,"no"
37,"management","single",NA,504,555,1,"no"
36,"blue-collar","single","secondary",219,270,2,"no"
57,"management","married","tertiary",1602,339,3,"no"
55,"management","married","primary",2587,328,2,"yes"
44,"admin.","married","secondary",0,159,1,"no"
47,"self-employed","married","tertiary",2303,323,2,"no"
31,"blue-collar","married","secondary",1660,342,1,"no"
35,"management","married","tertiary",32,180,1,"no"
39,"management","married","tertiary",278,60,3,"no"
50,"management","married","tertiary",4,223,1,"no"
29,"management","married","tertiary",318,1434,2,"no"
30,"services","single","secondary",209,30,2,"no"
46,"services","married","secondary",271,134,4,"no"
27,"management","single",NA,3196,10,2,"no"
48,"admin.","divorced","secondary",4099,397,2,"yes"
26,"student","single","secondary",2572,620,1,"no"
36,"management","single","tertiary",339,6,6,"no"
42,"blue-collar","married","primary",0,209,2,"no"
50,"housemaid","married","primary",395,419,2,"no"
49,"blue-collar","married","secondary",2039,283,2,"no"
45,"management","married","tertiary",5450,188,2,"no"
23,"student","single","secondary",780,267,1,"no"
38,"technician","single","secondary",0,196,2,"no"
32,"management","single","tertiary",8436,245,1,"no"
60,"technician","single","primary",11262,323,1,"yes"
30,"entrepreneur","married","secondary",946,1065,1,"no"
58,"housemaid","married","tertiary",497,138,5,"no"
60,"retired","married","primary",55,207,1,"no"
38,"services","married","secondary",-140,456,3,"no"
51,"technician","married","secondary",-379,261,1,"no"
42,"admin.","married","secondary",-396,80,1,"no"
30,"services","single","secondary",0,131,6,"no"
40,"management","married","primary",733,94,7,"no"
37,"management","married","tertiary",393,567,3,"yes"
53,"technician","divorced","primary",7290,153,1,"no"
27,"services","single","secondary",468,109,1,"no"
39,"blue-collar","married","secondary",0,53,1,"no"
39,"blue-collar","married","primary",3705,77,1,"no"
59,"retired","married","tertiary",9676,234,2,"yes"
37,"services","married","secondary",1328,121,2,"no"
41,"blue-collar","married","primary",8,155,2,"no"
45,"blue-collar","married","primary",61,108,1,"no"
48,"management","married","tertiary",6613,159,3,"no"
48,"technician","married","secondary",302,208,3,"no"
32,"blue-collar","married","secondary",1005,215,1,"no"
35,"services","married","secondary",109,597,3,"no"
33,"management","single","tertiary",1240,505,2,"no"
28,"blue-collar","single","primary",0,380,4,"no"
64,"retired","married",NA,2923,120,1,"no"
35,"technician","married","secondary",0,106,4,"no"
33,"blue-collar","married","secondary",43,332,2,"no"
41,"technician","married","secondary",288,221,4,"no"
34,"admin.","married","secondary",613,80,1,"no"
37,"technician","single","tertiary",6101,60,5,"no"
38,"blue-collar","married","primary",168,212,3,"no"
39,"blue-collar","married","primary",7685,493,3,"no"
35,"technician","divorced","tertiary",4515,98,2,"no"
28,"blue-collar","single","secondary",517,681,1,"yes"
27,"blue-collar","single","secondary",148,203,1,"no"
48,"retired","married","primary",-285,157,1,"no"
50,"blue-collar","married","secondary",887,287,1,"no"
45,"self-employed","married","secondary",3098,159,2,"no"
41,"technician","married","tertiary",744,125,1,"no"
39,"technician","married","secondary",130,202,2,"no"
44,"management","married","secondary",438,37,3,"no"
54,"admin.","married","secondary",0,161,1,"yes"
49,"management","married","tertiary",322,72,4,"no"
34,"blue-collar","single","secondary",186,342,1,"no"
75,"retired","divorced","tertiary",3810,262,1,"yes"
42,"management","married","tertiary",0,325,2,"no"
53,"blue-collar","married","secondary",4380,223,7,"no"
49,"management","divorced","tertiary",755,1212,4,"yes"
31,"services","single","secondary",2070,319,2,"no"
45,"blue-collar","single","primary",999,182,2,"no"
39,"self-employed","married","secondary",167,330,1,"no"
46,"technician","married","secondary",1322,514,1,"no"
42,"admin.","divorced","secondary",1076,213,1,"no"
37,"management","married","tertiary",502,551,1,"no"
26,"technician","single","tertiary",1216,472,2,"no"
37,"management","single","tertiary",876,140,4,"no"
36,"services","single","secondary",342,142,1,"no"
29,"blue-collar","single","primary",950,135,3,"no"
36,"blue-collar","married","primary",973,293,1,"no"
26,"technician","married","tertiary",3825,107,1,"no"
32,"blue-collar","married","secondary",2366,127,2,"no"
40,"management","married","tertiary",542,1816,1,"no"
53,"management","married","primary",995,200,3,"no"
29,"management","married","tertiary",20,418,1,"no"
34,"technician","single","tertiary",228,387,4,"no"
43,"blue-collar","married","secondary",130,156,1,"no"
56,"management","married","tertiary",217,121,2,"no"
55,"entrepreneur","divorced","tertiary",0,108,2,"no"
31,"self-employed","married","tertiary",259,47,1,"no"
27,"admin.","single","secondary",619,16,5,"no"
36,"management","married","secondary",644,54,2,"no"
44,"management","married","tertiary",22,265,2,"no"
37,"admin.","divorced","tertiary",4303,168,1,"no"
30,"admin.","single","secondary",239,115,3,"no"
42,"technician","single","secondary",275,31,8,"no"
30,"management","married","tertiary",1221,279,4,"yes"
62,"retired","married","secondary",816,28,2,"no"
24,"blue-collar","married","secondary",1222,369,1,"no"
31,"technician","married","secondary",2363,247,1,"no"
66,"retired","married","tertiary",2262,155,1,"no"
47,"admin.","married","secondary",2,89,1,"no"
39,"entrepreneur","married","tertiary",2,180,1,"no"
35,"technician","married","secondary",4508,854,1,"yes"
35,"admin.","divorced","secondary",-402,46,1,"no"
27,"technician","married","secondary",1577,266,2,"no"
32,"blue-collar","married","secondary",34,321,2,"no"
44,"management","married","tertiary",795,99,24,"no"
42,"blue-collar","married","secondary",117,147,1,"no"
34,"self-employed","single","tertiary",5462,430,1,"yes"
25,"services","single","secondary",402,264,1,"no"
40,"technician","single","secondary",641,156,6,"no"
43,"management","divorced","tertiary",36,118,1,"no"
55,"unemployed","married","tertiary",383,343,3,"no"
50,"blue-collar","married","secondary",283,226,3,"no"
45,"management","divorced","tertiary",0,5,1,"no"
35,"blue-collar","divorced","secondary",3102,138,1,"no"
32,"blue-collar","married","secondary",889,185,1,"yes"
59,"housemaid","married","secondary",0,722,1,"no"
34,"self-employed","married","secondary",-370,748,1,"no"
39,"management","married","tertiary",-606,142,1,"no"
40,"management","single","secondary",10378,523,3,"no"
36,"blue-collar","single","primary",1313,8,10,"no"
40,"management","married","tertiary",8969,153,1,"no"
55,"self-employed","married","secondary",-196,210,2,"no"
38,"entrepreneur","married","secondary",15,121,1,"no"
61,"admin.","married","secondary",4608,212,1,"yes"
41,"management","married","tertiary",666,253,3,"no"
57,"blue-collar","married","primary",452,139,4,"no"
48,"blue-collar","married","secondary",149,71,1,"no"
77,"retired","married","tertiary",7802,421,1,"yes"
35,"services","married","secondary",1453,199,1,"no"
54,"blue-collar","married","secondary",1480,108,1,"no"
37,"management","single",NA,715,247,2,"no"
56,"management","single","secondary",237,236,4,"no"
40,"technician","married","secondary",694,97,NA,"no"
40,"management","married","tertiary",0,109,8,"no"
54,"management","married","tertiary",55,112,2,"no"
55,"housemaid","married","primary",136,15,10,"no"
55,"services","divorced","secondary",-404,502,3,"no"
52,"blue-collar","married","primary",779,30,3,"no"
55,"blue-collar","single","primary",1187,193,2,"no"
33,"management","married","tertiary",641,347,2,"no"
52,"blue-collar","married",NA,826,468,2,"no"
33,"services","divorced","secondary",991,148,1,"no"
53,"admin.","married","secondary",1796,295,1,"yes"
46,"admin.","married","secondary",22,388,6,"yes"
44,"technician","single","secondary",244,1735,4,"yes"
48,"management","divorced","tertiary",1328,339,1,"no"
50,"housemaid","married","secondary",7317,172,1,"no"
34,"technician","single","secondary",4943,117,2,"no"
38,"technician","single","secondary",258,587,2,"no"
42,"management","single","tertiary",515,501,2,"no"
32,"management","single","tertiary",12607,203,5,"no"
58,"admin.","married","secondary",2,282,9,"no"
31,"management","married","tertiary",13,110,5,"no"
19,"student","single","primary",103,104,2,"yes"
41,"management","married","tertiary",3872,231,1,"no"
31,"unemployed","married","secondary",296,378,3,"no"
52,"self-employed","single","primary",217,193,6,"no"
42,"self-employed","divorced","tertiary",360,110,5,"no"
41,"blue-collar","single","secondary",428,92,1,"no"
30,"blue-collar","single","secondary",315,1407,1,"yes"
38,"blue-collar","married","secondary",121,168,1,"no"
32,"management","married","tertiary",820,738,3,"no"
52,"technician","married","secondary",195,220,1,"yes"
48,"management","divorced","tertiary",108,89,2,"no"
36,"management","married","tertiary",-381,30,29,"no"
45,"unemployed","divorced","primary",757,103,1,"no"
34,"technician","married","tertiary",691,70,1,"no"
36,"blue-collar","married","primary",1925,904,2,"yes"
34,"management","married","tertiary",902,159,1,"no"
61,"retired","married","secondary",5207,336,1,"no"
54,"services","married","secondary",0,220,1,"no"
50,"entrepreneur","married","secondary",665,238,1,"no"
43,"admin.","divorced","secondary",738,585,4,"no"
47,"blue-collar","married","primary",233,293,3,"no"
45,"services","married","secondary",-839,68,1,"no"
57,"retired","married","primary",5799,97,1,"no"
27,"admin.","married","secondary",1033,1713,1,"no"
49,"unemployed","divorced","secondary",66,218,3,"no"
43,"services","married","primary",2567,109,1,"no"
40,"management","married","tertiary",1584,661,1,"no"
32,"services","single","secondary",182,145,1,"no"
58,"management","married","primary",76,54,4,"no"
34,"admin.","single","secondary",663,111,1,"no"
46,"technician","divorced","secondary",3455,566,2,"no"
29,"blue-collar","married","secondary",15,136,1,"no"
52,"blue-collar","married","primary",1054,273,1,"no"
45,"management","married","tertiary",1529,160,1,"no"
26,"management","single","secondary",63,76,4,"no"
40,"technician","married","tertiary",0,44,1,"no"
41,"admin.","married","secondary",920,239,1,"no"
47,"admin.","single","secondary",3696,250,2,"yes"
27,"technician","single",NA,59,792,4,"no"
27,"services","married","secondary",0,198,13,"no"
48,"blue-collar","married","secondary",157,73,1,"no"
49,"admin.","married","secondary",2465,157,3,"no"
35,"blue-collar","married","primary",0,90,6,"no"
47,"self-employed","married","secondary",2,236,2,"no"
54,"management","married","tertiary",0,118,5,"no"
39,"management","single","tertiary",12437,40,1,"no"
28,"student","single","secondary",378,346,1,"no"
54,"blue-collar","married","primary",211,200,2,"no"
34,"technician","married","secondary",-228,187,3,"no"
63,"retired","married","secondary",2747,113,1,"no"
42,"self-employed","married","tertiary",1932,192,32,"no"
43,"technician","single","secondary",11269,92,1,"no"
37,"admin.","married","secondary",1314,682,2,"no"
55,"blue-collar","married","primary",2275,139,9,"no"
43,"management","single","tertiary",1304,501,2,"yes"
41,"blue-collar","married","secondary",720,651,1,"yes"
47,"technician","divorced","secondary",2914,405,13,"no"
34,"technician","married","secondary",1464,350,1,"no"
28,"student","single","secondary",11555,125,2,"no"
36,"services","married","secondary",-302,36,2,"no"
50,"technician","married","secondary",2497,35,1,"no"
35,"blue-collar","married","secondary",-339,389,2,"no"
40,"technician","married","secondary",56,194,1,"no"
26,"self-employed","single","tertiary",211,168,3,"no"
36,"management","divorced","tertiary",3611,347,3,"no"
59,"unemployed","married","primary",0,3025,2,"no"
28,"student","single","secondary",459,83,13,"no"
46,"entrepreneur","married",NA,242,332,2,"no"
50,"self-employed","married","secondary",1138,219,10,"no"
53,"management","married","tertiary",1319,427,1,"no"
81,"retired","married","secondary",1,65,5,"no"
35,"services","divorced","secondary",67,192,2,"no"
58,"retired","married",NA,937,155,1,"no"
44,"services","married","secondary",0,161,1,"no"
38,"management","married","tertiary",-558,533,1,"no"
49,"blue-collar","married","secondary",171,19,3,"no"
33,"technician","single","tertiary",696,193,1,"no"
29,"management","married","tertiary",361,819,3,"no"
28,"technician","single","secondary",227,278,1,"yes"
31,"admin.","married","secondary",236,211,3,"no"
33,"management","single","tertiary",-53,617,2,"no"
52,"technician","married","secondary",192,61,2,"no"
43,"management","divorced","tertiary",38,197,6,"no"
32,"self-employed","single","secondary",518,34,7,"no"
36,"self-employed","married","tertiary",16,95,4,"no"
41,"blue-collar","married","secondary",-256,147,2,"no"
43,"blue-collar","married","secondary",105,668,2,"no"
45,"self-employed","married","tertiary",334,87,2,"no"
39,"technician","married","secondary",1048,405,1,"no"
41,"services","married","secondary",108,83,7,"no"
31,"technician","married","secondary",660,115,1,"no"
37,"unemployed","single","tertiary",0,108,1,"no"
28,"entrepreneur","married",NA,1034,113,1,"no"
47,"housemaid","married","primary",201,58,2,"no"
37,"housemaid","married","primary",189,148,4,"no"
60,"retired","divorced",NA,-49,188,1,"no"
43,"technician","divorced","secondary",1413,75,3,"no"
58,"retired","divorced","tertiary",264,523,3,"no"
52,"entrepreneur","married","tertiary",54,103,1,"no"
50,"blue-collar","married","primary",12519,146,2,"no"
32,"services","single","secondary",2881,356,1,"yes"
42,"blue-collar","married","primary",0,71,1,"no"
31,"admin.","married","secondary",88,189,2,"no"
28,"blue-collar","married","secondary",1020,251,1,"no"
36,"technician","divorced","tertiary",119,127,8,"no"
51,"unemployed","single","tertiary",1594,197,1,"no"
46,"technician","married","tertiary",342,84,1,"no"
50,"services","single","secondary",72,141,2,"no"
32,"blue-collar","married","secondary",14,171,1,"no"
26,"entrepreneur","single","tertiary",81,262,3,"no"
41,"self-employed","married","tertiary",231,352,2,"yes"
39,"technician","married","tertiary",1161,236,1,"no"
31,"blue-collar","married","secondary",-45,184,1,"no"
28,"management","single","tertiary",231,568,2,"no"
31,"management","single","secondary",36,105,2,"no"
30,"technician","married","tertiary",1570,260,1,"no"
35,"technician","married","tertiary",7050,222,3,"yes"
33,"blue-collar","married","primary",3704,447,2,"no"
30,"technician","single","tertiary",6619,239,8,"no"
32,"blue-collar","single","secondary",-84,426,1,"no"
40,"management","single","tertiary",1509,333,1,"no"
31,"self-employed","married","tertiary",1134,174,2,"no"
36,"technician","married","secondary",146,284,2,"no"
33,"management","single","tertiary",9449,428,1,"no"
57,"retired","married","secondary",374,236,1,"no"
45,"technician","married","secondary",88,150,2,"no"
59,"management","married","tertiary",2764,237,1,"no"
30,"management","single","tertiary",2,1031,8,"yes"
33,"technician","married","tertiary",8023,107,1,"no"
52,"blue-collar","married","secondary",289,45,13,"no"
83,"retired","married","secondary",0,140,10,"no"
58,"self-employed","divorced","tertiary",1382,700,1,"yes"
33,"management","divorced","tertiary",280,155,1,"no"
41,"blue-collar","divorced","primary",2195,211,5,"no"
31,"self-employed","married","secondary",33,165,4,"no"
35,"blue-collar","divorced","secondary",275,144,5,"no"
27,"management","single","tertiary",703,590,3,"yes"
57,"admin.","divorced",NA,887,43,8,"no"
56,"unknown","married",NA,0,471,2,"no"
53,"admin.","single","secondary",1178,295,2,"no"
39,"management","married","tertiary",2763,526,2,"yes"
32,"entrepreneur","single","tertiary",890,27,10,"no"
46,"self-employed","married","secondary",548,1181,4,"yes"
56,"technician","married","tertiary",272,103,2,"no"
46,"management","divorced","tertiary",6269,249,3,"no"
29,"entrepreneur","married","secondary",178,231,4,"no"
60,"management","married","primary",252,123,2,"no"
33,"housemaid","single","tertiary",23663,199,2,"no"
27,"entrepreneur","single","tertiary",81,197,1,"no"
50,"self-employed","divorced","tertiary",59,67,2,"no"
45,"services","married","secondary",1343,220,1,"no"
58,"retired","married","secondary",225,122,6,"no"
59,"retired","married","primary",0,104,7,"no"
58,"retired","divorced","primary",2538,307,6,"no"
64,"retired","married","primary",43,117,1,"no"
47,"technician","married","secondary",57,253,1,"no"
40,"management","married","tertiary",-117,770,2,"no"
36,"technician","divorced","secondary",666,190,1,"no"
28,"management","single","tertiary",0,767,5,"yes"
38,"technician","single","tertiary",25,232,2,"yes"
53,"entrepreneur","married","primary",1034,854,2,"no"
46,"blue-collar","single","secondary",324,293,6,"no"
54,"technician","married","secondary",0,986,1,"no"
32,"management","married","tertiary",0,66,1,"no"
55,"management","married","primary",621,114,1,"no"
55,"retired","divorced","secondary",138,205,1,"no"
56,"technician","married","secondary",4063,31,4,"no"
40,"blue-collar","married","secondary",11084,113,1,"no"
44,"technician","married","secondary",310,200,1,"no"
32,"entrepreneur","married",NA,73,158,1,"no"
33,"management","married","tertiary",1808,99,4,"no"
41,"unemployed","divorced","secondary",1281,45,3,"no"
37,"technician","married","secondary",64,239,4,"no"
58,"management","single","tertiary",2,168,3,"no"
52,"blue-collar","married","secondary",60,196,2,"no"
49,"services","single","secondary",133,319,6,"no"
44,"housemaid","married","primary",3706,209,3,"no"
28,"admin.","single",NA,174,184,1,"no"
31,"technician",NA,"secondary",251,156,2,"no"
37,"self-employed","married","secondary",4153,35,16,"no"
30,"technician","single","tertiary",985,88,2,"no"
28,"services","single","secondary",168,347,3,"yes"
46,"services","married","secondary",1550,126,2,"no"
47,"management","married","tertiary",7708,157,5,"no"
35,"blue-collar","married","primary",-12,212,5,"no"
80,"management","married","primary",6483,123,1,"no"
30,"technician","single","tertiary",60,306,5,"no"
55,"technician","single","secondary",3339,63,1,"no"
22,"student","single","tertiary",1161,119,1,"no"
33,"blue-collar","single","primary",599,29,1,"no"
53,"entrepreneur","married",NA,28,117,2,"no"
49,"management","married","tertiary",1430,231,2,"no"
51,"retired","married","secondary",35,123,4,"no"
41,"self-employed","married","tertiary",6000,265,1,"no"
34,"technician","married","secondary",0,144,1,"no"
36,"blue-collar","single","secondary",340,559,3,"no"
35,"entrepreneur","married","tertiary",0,74,1,"no"
29,"services","married","secondary",3,183,1,"no"
40,"technician","single","tertiary",445,631,1,"no"
32,"management","divorced","tertiary",874,1282,6,"yes"
48,"blue-collar","married","secondary",705,108,2,"no"
59,"retired","married",NA,1033,1199,1,"yes"
35,"self-employed","divorced","tertiary",1354,736,2,"yes"
33,"technician","single","tertiary",123,264,1,"no"
55,"retired","married","primary",8894,262,1,"no"
41,"blue-collar","married","secondary",429,244,1,"no"
42,"housemaid","married","primary",14752,107,2,"no"
46,"blue-collar","married","primary",67,9,1,"no"
35,"housemaid","divorced","secondary",39,149,2,"no"
28,"technician","single","tertiary",102,321,2,"no"
25,"student","single","secondary",1790,224,1,"no"
56,"management","single","tertiary",15311,157,6,"no"
30,"admin.","single","secondary",-635,250,1,"no"
45,"blue-collar","married","secondary",115,209,4,"no"
40,"management","married","tertiary",10786,111,3,"no"
40,"blue-collar","married","secondary",498,55,2,"no"
39,"blue-collar","married","secondary",1045,290,13,"no"
48,"entrepreneur","married","tertiary",810,383,1,"no"
31,"technician","single","tertiary",-162,380,1,"no"
32,"management","married","tertiary",55,124,3,"no"
34,"services","married","secondary",586,224,2,"no"
26,"technician","single","secondary",455,240,1,"no"
31,"management","married","tertiary",1010,385,3,"no"
37,"management","single","tertiary",509,133,1,"no"
29,"student","single",NA,2929,91,1,"no"
57,"technician","married","secondary",3071,63,3,"no"
47,"management","single","tertiary",153,192,2,"no"
38,"self-employed","single","secondary",1146,91,2,"no"
48,"blue-collar","married","primary",1092,79,1,"no"
50,"management","married","tertiary",3463,96,1,"yes"
33,"admin.","married","secondary",1158,25,2,"no"
28,"admin.","single","secondary",26,227,2,"no"
30,"services","single","secondary",566,110,1,"no"
52,"technician","divorced","secondary",204,134,2,"no"
36,"technician","married","secondary",480,213,1,"yes"
36,"technician","single","secondary",1855,75,1,"no"
46,"services","married","secondary",1034,109,2,"no"
57,"management","married","tertiary",3250,162,3,"no"
28,"management","single","secondary",1633,275,1,"yes"
46,"services","married","secondary",0,154,1,"no"
55,"retired","married","primary",3334,632,4,"yes"
33,"management","married","tertiary",4020,251,1,"no"
53,"management","married","secondary",66,141,1,"no"
41,"technician","single","secondary",-41,154,1,"no"
60,"blue-collar","married","secondary",322,63,1,"no"
35,"entrepreneur","married","primary",2643,259,1,"no"
43,"blue-collar","divorced","primary",49,100,1,"no"
57,"admin.","divorced","primary",1,17,10,"no"
46,"admin.","married","secondary",3098,192,9,"no"
31,"blue-collar","married","primary",352,97,9,"no"
53,"technician","married","secondary",65,41,2,"no"
35,"blue-collar","married","secondary",1949,200,3,"no"
32,"admin.","single","secondary",739,91,3,"no"
48,"management","married","tertiary",1167,264,1,"yes"
50,"admin.","married","secondary",231,397,2,"no"
40,"blue-collar","married","primary",1136,86,1,"no"
42,"entrepreneur","married","tertiary",233,446,1,"no"
59,"admin.","married","secondary",817,304,1,"no"
27,"blue-collar","single","primary",1128,88,4,"no"
32,"management","single","tertiary",1831,86,2,"no"
35,"technician","single","secondary",450,63,1,"no"
28,"services","married","secondary",0,335,2,"no"
37,"management","divorced","secondary",414,293,2,"no"
57,"management","married","primary",1052,227,4,"no"
42,"admin.","single","secondary",1022,146,2,"no"
55,"admin.","married","primary",343,276,3,"no"
52,"management","married","tertiary",1944,238,3,"no"
26,"blue-collar","single","secondary",-32,14,6,"no"
52,"technician","married","secondary",1781,144,2,"no"
26,"management","single","tertiary",350,367,1,"no"
33,"unemployed","married","secondary",2,132,1,"no"
24,"blue-collar","single","primary",111,42,4,"no"
37,"management","divorced","tertiary",168,227,1,"no"
28,"technician","single","secondary",3,40,8,"no"
30,"technician","single","secondary",102,614,2,"no"
33,"blue-collar","married","primary",0,270,1,"no"
55,"unknown","married","primary",159,15,1,"no"
33,"blue-collar","married","secondary",1134,304,2,"no"
42,"blue-collar","married","secondary",352,79,3,"no"
37,"management","married","tertiary",865,101,1,"no"
59,"blue-collar","married","primary",179,55,3,"no"
27,"blue-collar","single","secondary",5,205,3,"no"
23,"student","married","tertiary",-230,259,2,"no"
51,"management","divorced","tertiary",0,60,2,"no"
50,"blue-collar","married","primary",3924,122,2,"no"
43,"technician","married","secondary",764,557,5,"no"
37,"blue-collar","divorced","primary",511,42,1,"no"
34,"management","single","tertiary",4348,373,8,"no"
41,"management","married","tertiary",3016,80,3,"no"
26,"student","single","secondary",279,239,3,"no"
49,"management","divorced","tertiary",1405,29,1,"no"
29,"blue-collar","single","secondary",908,1663,1,"yes"
30,"management","single","tertiary",162,186,4,"no"
38,"services","divorced","secondary",792,430,1,"no"
58,"management","married","secondary",111,58,2,"no"
34,"student","single",NA,1281,279,1,"no"
53,"services","divorced",NA,1012,332,2,"no"
50,"management","married","tertiary",2881,510,2,"no"
30,"blue-collar","single","secondary",445,218,1,"no"
40,"management","married","secondary",643,74,2,"no"
57,"housemaid","single","secondary",254,676,1,"no"
40,"management","married","tertiary",-1212,1259,2,"no"
41,"technician","married","secondary",2125,285,3,"no"
53,"technician","divorced",NA,629,298,1,"no"
48,"blue-collar","married","secondary",-202,225,4,"no"
32,"technician","single","secondary",271,80,2,"no"
34,"management","married","tertiary",703,342,1,"yes"
46,"blue-collar","married","secondary",-216,404,3,"no"
45,"services","divorced","secondary",88,332,1,"no"
51,"admin.","single","tertiary",16,158,1,"no"
31,"management","married","secondary",466,164,1,"no"
47,"technician","married","secondary",-75,57,1,"no"
32,"blue-collar","married","secondary",456,121,1,"no"
41,"technician","married","secondary",77,56,1,"no"
37,"services","single","secondary",-244,178,1,"no"
27,"blue-collar","single","primary",1209,283,1,"no"
27,"services","married","secondary",58,113,1,"no"
50,"management","married","secondary",421,22,5,"no"
31,"management","single","tertiary",112,159,2,"no"
40,"self-employed","married","tertiary",13669,138,1,"no"
43,"management","married","tertiary",1429,1015,1,"yes"
39,"technician","married","tertiary",794,182,1,"no"
31,"entrepreneur","single","tertiary",1957,112,3,"no"
48,"technician","married","secondary",454,114,1,"no"
32,"blue-collar","single","primary",882,80,8,"no"
47,"unemployed","married","primary",168,66,1,"no"
35,"management","single","tertiary",714,135,22,"no"
42,"management","single","tertiary",0,99,1,"no"
47,"blue-collar","married","secondary",1996,761,2,"yes"
59,"retired","married","secondary",163,464,1,"no"
38,"admin.","married","secondary",3190,20,2,"no"
50,"unemployed","married","secondary",1772,206,4,"no"
27,"services","single","secondary",-151,283,2,"no"
55,"housemaid","married","primary",16,64,1,"no"
39,"services","single","secondary",7066,667,3,"yes"
31,"technician","single","tertiary",454,73,3,"no"
37,"entrepreneur","married","tertiary",4798,156,2,"no"
28,"technician","single","secondary",-298,559,7,"no"
42,"technician","married","secondary",439,143,2,"no"
40,"services","divorced","secondary",1927,62,1,"no"
59,"management","single","secondary",671,219,2,"no"
40,"services","single","secondary",65,15,3,"no"
43,"technician","married","secondary",-932,567,1,"no"
38,"technician","single","secondary",4366,188,2,"no"
54,"retired","married","primary",0,159,2,"no"
41,"blue-collar","married","secondary",4900,121,2,"no"
55,"housemaid","divorced","primary",976,345,1,"yes"
33,"management","married","tertiary",148,717,1,"no"
46,"blue-collar","married","secondary",5,71,3,"no"
36,"management","married","secondary",-148,144,2,"no"
48,"technician","divorced","tertiary",113,38,1,"no"
42,"management","married","secondary",-105,60,2,"no"
46,"management","divorced","tertiary",624,336,2,"yes"
49,"technician","married","secondary",-1680,92,4,"no"
36,"blue-collar","married","secondary",-461,254,2,"no"
34,"technician","single","tertiary",144,104,1,"no"
51,"entrepreneur","divorced","tertiary",4,74,5,"no"
58,"blue-collar","married","primary",309,156,2,"no"
48,"management","married","tertiary",866,146,2,"no"
41,"admin.","single","secondary",1020,882,1,"yes"
49,"self-employed","married","primary",489,84,4,"no"
43,"management","married","primary",8167,114,2,"no"
32,"blue-collar","single","secondary",-255,957,3,"no"
54,"retired","married","secondary",3671,67,3,"no"
33,"blue-collar","divorced","primary",636,211,11,"no"
35,"technician","married","secondary",141,299,2,"no"
56,"technician","married","secondary",150,102,6,"no"
57,"technician","married","secondary",839,225,1,"no"
31,"housemaid","single","primary",26965,654,2,"yes"
33,"technician","single","secondary",716,234,2,"no"
29,"technician","single","tertiary",2485,48,6,"no"
38,"management","single","tertiary",15030,167,1,"no"
37,"admin.","married","secondary",11303,500,2,"no"
33,"entrepreneur","married","tertiary",595,22,2,"no"
30,"management","single","tertiary",19358,258,2,"no"
31,"self-employed","single","secondary",203,177,1,"no"
28,"technician","single","tertiary",183,62,2,"no"
26,"admin.","single","secondary",255,457,1,"yes"
31,"technician","single","secondary",102,460,2,"no"
50,"housemaid","divorced","primary",94,184,4,"no"
45,"entrepreneur","married","primary",58,119,3,"no"
48,"management","married","primary",606,77,6,"no"
41,"technician","married","secondary",0,107,1,"no"
60,"technician","married","primary",65,1028,2,"yes"
41,"blue-collar","married","secondary",338,87,1,"no"
43,"blue-collar","married","primary",757,315,4,"no"
36,"management","married","tertiary",9269,107,2,"no"
40,"blue-collar","married","primary",1206,201,5,"no"
28,"management","single","tertiary",882,94,1,"no"
27,"student","single","tertiary",5291,192,2,"yes"
49,"management","single","secondary",61,185,2,"no"
37,"technician","married","tertiary",0,77,1,"no"
31,"blue-collar","married","secondary",1407,142,3,"no"
31,"technician","single","secondary",25,381,1,"no"
31,"blue-collar","married","secondary",1354,222,2,"no"
35,"blue-collar","married","primary",793,106,1,"no"
51,"blue-collar","divorced",NA,10287,117,1,"no"
33,"technician","single","secondary",5235,67,3,"no"
30,"technician","single","tertiary",3,45,2,"no"
58,"technician","single","secondary",409,643,2,"no"
34,"admin.","married","tertiary",35,76,1,"no"
45,"management","married","tertiary",-459,508,6,"no"
28,"services","single","secondary",198,128,2,"yes"
31,"blue-collar","married","primary",99,193,2,"no"
40,"management","married","tertiary",60,172,6,"no"
30,"services","single","secondary",3485,142,2,"no"
34,"entrepreneur","married","secondary",-139,492,2,"no"
40,"blue-collar","married","secondary",952,140,1,"no"
59,"retired","married","primary",1427,140,2,"no"
43,"technician","single","tertiary",1017,257,2,"no"
41,"management","married","tertiary",-29,41,2,"no"
33,"technician","divorced","secondary",9,91,2,"no"
33,"management","married","secondary",4040,132,2,"no"
36,"blue-collar","married","secondary",13,284,1,"no"
32,"self-employed","single","secondary",1259,184,2,"no"
25,"admin.","married","secondary",18,225,1,"no"
25,"blue-collar","married","secondary",-76,241,3,"no"
38,"technician","single","tertiary",221,79,3,"no"
34,"management","married","tertiary",136,156,1,"no"
67,"blue-collar","married","secondary",16353,223,2,"no"
32,"blue-collar","married","secondary",-63,198,1,"no"
45,"housemaid","married","primary",7353,536,2,"no"
33,"blue-collar","married","primary",511,304,2,"no"
38,"admin.","married","primary",3913,196,2,"no"
32,"technician","divorced","secondary",1097,298,2,"no"
54,"retired","divorced","tertiary",6102,86,6,"no"
51,"admin.","divorced","secondary",340,186,1,"no"
42,"blue-collar","married","primary",-119,167,3,"no"
41,"admin.","married","secondary",2993,24,12,"no"
39,"management","divorced","tertiary",3575,74,3,"no"
38,"blue-collar","married","secondary",361,601,1,"no"
39,"management","married","secondary",1072,1168,2,"no"
46,"blue-collar","married","primary",2904,277,2,"no"
50,"entrepreneur","divorced","tertiary",1790,748,3,"no"
33,"blue-collar","married","secondary",86,364,1,"no"
37,"technician","married","secondary",1633,229,3,"no"
31,"management","married","tertiary",8312,43,13,"no"
34,"blue-collar","divorced",NA,172,177,1,"yes"
34,"management","married","tertiary",0,262,1,"yes"
36,"management","married","tertiary",222,317,1,"no"
40,"technician","married","secondary",109,402,22,"no"
40,"blue-collar","married","secondary",1451,314,1,"yes"
41,"technician","married","secondary",1066,109,3,"yes"
52,"management","married","tertiary",3163,56,6,"no"
40,"services","single","secondary",888,169,2,"no"
48,"blue-collar","single",NA,428,127,1,"no"
33,"management","divorced","secondary",106,175,3,"no"
44,"technician","divorced","secondary",0,56,2,"no"
55,"management","married","tertiary",979,123,1,"no"
51,"admin.","married","secondary",2662,148,2,"no"
34,"management","single","tertiary",84,231,1,"no"
58,"retired","divorced",NA,5920,255,1,"no"
39,"management","single","tertiary",816,37,3,"no"
27,"unemployed","single","secondary",3276,106,1,"no"
55,"management","divorced",NA,2,95,1,"no"
35,"technician","single","secondary",-51,134,2,"no"
37,"technician","single","tertiary",3315,820,2,"no"
52,"technician","married","secondary",196,116,1,"no"
41,"blue-collar","married","secondary",552,463,1,"no"
52,"admin.","married","secondary",2347,603,3,"no"
34,"blue-collar","single","secondary",3723,47,5,"no"
53,"management","divorced","primary",255,126,1,"no"
33,"management","single","tertiary",3143,421,2,"yes"
47,"self-employed","married","secondary",0,174,8,"no"
35,"blue-collar","married","secondary",6411,144,1,"no"
33,"management","single","tertiary",1909,191,2,"no"
55,"blue-collar","married","primary",3873,222,1,"no"
58,"self-employed","married","primary",1013,206,1,"yes"
44,"admin.","married","secondary",262,74,1,"no"
25,"services","single","secondary",3217,24,1,"no"
37,"technician","single","secondary",5436,7,11,"no"
41,"blue-collar","married","primary",2067,493,7,"no"
34,"blue-collar","single","secondary",215,350,3,"yes"
36,"services","divorced","secondary",1594,250,3,"no"
44,"self-employed","married","tertiary",134,86,4,"no"
34,"entrepreneur","divorced","tertiary",262,371,1,"no"
56,"blue-collar","divorced","primary",3021,419,2,"no"
43,"management","divorced","tertiary",388,2087,2,"yes"
28,"blue-collar","single","secondary",3412,22,4,"no"
54,"blue-collar","married","secondary",1291,266,1,"no"
37,"technician","divorced","secondary",79,191,1,"no"
59,"self-employed","married","tertiary",2013,222,4,"yes"
58,"blue-collar","divorced","secondary",543,264,3,"no"
56,"management","divorced","tertiary",1016,184,5,"no"
32,"blue-collar","single","secondary",604,95,3,"no"
42,"management","single","tertiary",525,127,2,"no"
52,"retired","divorced","primary",353,395,4,"no"
46,"management","married","tertiary",964,174,1,"no"
37,"admin.","married","tertiary",3913,124,1,"yes"
39,"blue-collar","married","primary",879,102,2,"no"
31,"admin.","married","secondary",314,279,1,"no"
59,"housemaid","married","primary",0,76,11,"no"
38,"blue-collar","married","secondary",1370,472,2,"no"
58,"management","married","secondary",37,84,11,"no"
34,"management","single","tertiary",673,271,1,"no"
40,"services","married","secondary",-342,754,1,"no"
20,"student","single","secondary",291,172,5,"no"
34,"technician","married","secondary",209,375,2,"no"
31,"technician","single","tertiary",438,130,2,"no"
39,"admin.","single","secondary",1242,303,3,"no"
34,"entrepreneur","married","tertiary",355,261,1,"no"
24,"blue-collar","married","secondary",204,229,3,"no"
41,"management","married","tertiary",10758,288,1,"no"
40,"management","married","tertiary",5,219,3,"no"
45,"technician","single","secondary",410,891,4,"yes"
36,"management","married","tertiary",605,204,1,"no"
53,"management","married","tertiary",4,19,6,"no"
23,"student","single","secondary",8494,158,2,"no"
42,"entrepreneur","married","primary",198,314,1,"no"
48,"blue-collar","married","secondary",841,215,1,"no"
34,"management","married","tertiary",8,169,4,"no"
36,"admin.","married","secondary",470,101,4,"no"
43,"retired","married","secondary",520,15,13,"no"
36,"blue-collar","married","secondary",439,260,5,"no"
49,"blue-collar","married","secondary",-454,558,1,"yes"
55,"retired","married","secondary",466,287,4,"no"
53,"retired","married","secondary",665,371,2,"yes"
42,"technician","married","secondary",994,149,1,"yes"
45,"admin.","married","secondary",5346,187,1,"yes"
31,"blue-collar","married","secondary",1243,32,1,"no"
32,"admin.","married","tertiary",0,138,1,"no"
36,"blue-collar","married","secondary",2357,228,2,"no"
56,"retired","married","secondary",1044,353,2,"yes"
46,"admin.","married","secondary",1069,45,2,"no"
41,"housemaid","single","secondary",231,76,2,"no"
31,"admin.","married","secondary",0,144,2,"no"
32,"technician","married","secondary",266,168,2,"no"
38,"management","married","tertiary",-70,140,1,"no"
49,"retired","single","primary",25824,NA,1,"no"
46,"management","single","primary",538,118,3,"no"
29,"technician","single","secondary",534,382,1,"no"
36,"admin.","married",NA,2323,111,1,"no"
38,"admin.","married","secondary",1852,298,2,"no"
53,"technician","married","secondary",2647,121,1,"no"
43,"management","married","tertiary",2767,317,7,"no"
41,"management","married","tertiary",176,42,1,"no"
42,"management","single","secondary",9720,81,2,"no"
55,"blue-collar","divorced","secondary",1613,296,1,"yes"
39,"admin.","divorced","secondary",2903,259,2,"no"
30,"admin.","single","secondary",81,121,6,"no"
41,"blue-collar","married","secondary",780,432,3,"no"
44,"unemployed","married","tertiary",178,126,2,"no"
58,"management","married","tertiary",299,120,4,"no"
35,"retired","married","primary",285,136,1,"no"
27,"blue-collar","married","secondary",872,1130,3,"no"
34,"services","married","secondary",1337,330,2,"yes"
25,"services","married","secondary",72,305,2,"no"
36,"blue-collar","married","secondary",0,332,3,"no"
38,"blue-collar","married","secondary",-388,412,1,"no"
30,"admin.","married","secondary",11,157,1,"no"
47,"blue-collar","divorced","secondary",-535,71,2,"no"
41,"services","divorced","secondary",787,297,2,"no"
36,"management","single","tertiary",3343,307,1,"no"
63,"entrepreneur","married","secondary",3904,250,2,"yes"
23,"management","single","tertiary",736,119,1,"no"
32,"management","married","tertiary",1390,116,2,"no"
57,"retired","married","primary",808,274,1,"no"
48,"management","married","tertiary",1147,389,1,"yes"
49,"services","married","secondary",1122,143,1,"no"
50,"technician","married","secondary",-568,860,2,"no"
33,"blue-collar","married","primary",1165,420,2,"no"
53,"services","divorced","secondary",-905,213,1,"no"
30,"unemployed","married","tertiary",0,756,1,"no"
38,"technician","married","secondary",740,259,3,"no"
44,"management","married","secondary",8262,201,16,"no"
39,"admin.","single","secondary",14,19,9,"no"
45,"technician","single",NA,7108,53,1,"no"
36,"blue-collar","married","secondary",1049,224,4,"yes"
38,"blue-collar","married","secondary",0,57,5,"no"
36,"housemaid","married","secondary",419,251,1,"no"
30,"management","single","tertiary",726,39,1,"no"
28,"technician","divorced","tertiary",594,54,3,"no"
26,"unemployed","married","tertiary",454,28,18,"no"
54,"unknown","married","secondary",2206,104,1,"yes"
38,"admin.","married","tertiary",1988,164,2,"yes"
32,"technician","single","tertiary",0,268,2,"no"
50,"admin.","divorced","secondary",202,148,1,"no"
43,"blue-collar","married","secondary",667,228,3,"no"
48,"admin.","married","secondary",112,139,5,"no"
57,"housemaid","married","primary",50,89,3,"no"
64,"housemaid","married","primary",768,250,2,"no"
26,"services","divorced","secondary",74,106,6,"no"
33,"blue-collar","married","secondary",661,968,1,"yes"
50,"self-employed","married","secondary",3025,168,3,"no"
47,"self-employed","married","tertiary",751,408,14,"no"
39,"management","single","tertiary",416,56,4,"no"
52,"services","married","primary",14,55,5,"no"
31,"blue-collar","single","primary",-502,76,4,"no"
50,"blue-collar","married","primary",0,72,5,"no"
47,"technician","married","secondary",599,99,3,"no"
30,"management","single","tertiary",-218,13,15,"no"
32,"technician","single","tertiary",1012,178,1,"no"
36,"technician","married","secondary",300,287,1,"no"
46,"technician","married","tertiary",217,141,1,"no"
45,"management","divorced","tertiary",2096,127,1,"no"
37,"technician","single","secondary",0,69,2,"no"
58,"housemaid","married","primary",5278,763,4,"no"
59,"management","married","tertiary",1831,122,1,"no"
28,"management","married","tertiary",1480,143,1,"no"
48,"management","married","tertiary",7289,316,3,"no"
55,"blue-collar","married",NA,1665,89,2,"no"
37,"blue-collar","single","primary",851,151,1,"no"
41,"management","married","tertiary",2885,40,1,"no"
35,"blue-collar","married","secondary",137,5,1,"no"
34,"blue-collar","single","secondary",1239,90,1,"no"
43,"management","single","tertiary",146,50,1,"no"
59,"technician","married","secondary",1,159,2,"yes"
50,"blue-collar","divorced","primary",-10,369,6,"no"
37,"technician","married","secondary",480,344,2,"yes"
35,"technician","married","secondary",2789,256,2,"no"
50,"technician","single","secondary",3897,298,1,"no"
36,"technician","divorced","secondary",487,268,3,"no"
41,"admin.","married","secondary",5110,231,1,"no"
28,"management","married","tertiary",318,4,4,"no"
42,"technician","single","tertiary",-411,78,5,"no"
60,"retired","married","secondary",4820,419,1,"no"
28,"management","single","tertiary",4937,421,3,"no"
48,"entrepreneur","married","secondary",725,105,1,"no"
51,"entrepreneur","married","tertiary",5403,42,1,"no"
32,"technician","married","tertiary",4089,114,7,"no"
35,"technician","married","tertiary",188,286,2,"no"
37,"technician","married",NA,189,238,1,"yes"
38,"blue-collar","divorced","secondary",2998,91,1,"no"
77,"retired","married","secondary",610,766,3,"no"
32,"management","single",NA,787,92,1,"no"
43,"technician","divorced","secondary",167,211,3,"no"
36,"management","single","tertiary",243,160,2,"no"
29,"management","married","tertiary",877,166,3,"no"
32,"admin.","single","secondary",2817,195,1,"no"
41,"management","divorced","tertiary",4567,106,1,"no"
26,"services","single","secondary",127,85,3,"no"
34,"blue-collar","married","primary",176,78,1,"no"
57,"retired","married","tertiary",0,648,1,"yes"
36,"services","single","secondary",1482,177,2,"no"
42,"blue-collar","married","secondary",3052,32,1,"no"
35,"technician","divorced","secondary",56,24,12,"no"
52,"entrepreneur","divorced","primary",278,688,2,"no"
36,"management","single","tertiary",3875,21,5,"no"
46,"technician","married","secondary",-337,112,1,"no"
60,"management","divorced","tertiary",366,593,1,"yes"
57,"housemaid","married","primary",501,59,2,"no"
48,"management","married","tertiary",998,121,3,"no"
59,"self-employed","married","primary",0,97,2,"no"
39,"management","married","tertiary",246,86,2,"no"
44,"blue-collar","married","secondary",-182,10,10,"no"
27,"management","single","tertiary",446,205,3,"no"
59,"retired","married","secondary",1173,77,2,"no"
36,"technician","divorced","secondary",5957,138,2,"no"
44,"admin.","married","secondary",205,289,1,"yes"
50,"admin.","married","secondary",0,86,4,"no"
41,"management","divorced","tertiary",369,9,3,"no"
47,"admin.","married","secondary",1934,225,1,"no"
32,"technician","single","tertiary",259,407,4,"no"
38,"blue-collar","married","secondary",284,1030,6,"no"
55,"blue-collar","married",NA,23,123,2,"no"
38,"management","single","tertiary",1373,119,4,"no"
31,"management","single","tertiary",62,175,1,"no"
38,"blue-collar","divorced","secondary",157,299,5,"no"
29,"unemployed","single","tertiary",991,563,1,"no"
55,"services","married","secondary",186,241,1,"no"
35,"unemployed","married","secondary",977,52,4,"no"
40,"self-employed","single","tertiary",2893,76,3,"no"
34,"blue-collar","married","secondary",1897,441,1,"no"
32,"technician","single","tertiary",5514,319,1,"yes"
33,"blue-collar","married","secondary",889,13,1,"no"
33,"management","married","tertiary",273,803,1,"yes"
37,"admin.","married","secondary",1193,396,2,"no"
58,"management","married","tertiary",2729,188,1,"no"
36,"admin.","single","secondary",0,637,1,"no"
42,"blue-collar","married","secondary",230,175,7,"no"
34,"technician","single","secondary",2729,945,1,"no"
35,"management","married","tertiary",317,162,3,"no"
60,"housemaid","married","primary",517,1178,3,"no"
50,"management","married","tertiary",-470,506,2,"no"
28,"self-employed","single","tertiary",4579,409,2,"yes"
27,"blue-collar","divorced","secondary",1,116,3,"no"
37,"management","married","tertiary",5106,244,1,"yes"
31,"technician","married","tertiary",636,352,4,"yes"
34,"services","married","secondary",1076,152,1,"yes"
38,"management","married","tertiary",126,164,2,"no"
32,"self-employed","married","secondary",-33,234,3,"no"
37,"technician","married","secondary",430,154,4,"no"
33,"admin.","married","secondary",-6,566,2,"no"
71,"technician","married","tertiary",383,327,2,"no"
27,"technician","married","secondary",130,265,3,"no"
38,"blue-collar","married","primary",2569,172,1,"no"
34,"technician","single","secondary",201,257,2,"no"
54,"retired","divorced","tertiary",0,618,1,"yes"
30,"blue-collar","married","secondary",6,241,3,"no"
35,"entrepreneur","single","secondary",475,936,4,"no"
33,"blue-collar","single","secondary",706,329,1,"no"
36,"management","married","secondary",1825,24,1,"no"
59,"self-employed","married","tertiary",185,177,5,"no"
72,"blue-collar","married","primary",4415,120,1,"no"
64,"management","married","tertiary",679,135,3,"no"
53,"technician","divorced","secondary",320,175,1,"no"
35,"management","single","tertiary",2988,179,1,"no"
58,"self-employed","married","secondary",1407,58,1,"no"
40,"technician","married","secondary",1270,342,2,"no"
41,"services","divorced","secondary",654,139,2,"no"
48,"retired","married","primary",5173,88,8,"no"
44,"entrepreneur","married","tertiary",3463,210,3,"no"
39,"blue-collar","married",NA,0,731,1,"no"
61,"management","married","tertiary",6016,670,3,"yes"
36,"entrepreneur","married","primary",177,63,5,"no"
28,"management","married","tertiary",3694,70,2,"no"
58,"retired","single","secondary",1640,72,6,"no"
60,"admin.","divorced","secondary",174,241,1,"no"
66,"admin.","single","secondary",10177,272,4,"no"
36,"management","single","tertiary",490,207,8,"yes"
49,"self-employed","married","secondary",2576,64,6,"no"
40,"services","married","secondary",0,543,2,"no"
23,"technician","single","secondary",598,166,1,"no"
29,"management","single","tertiary",15459,245,3,"no"
44,"blue-collar","married","primary",271,94,1,"no"
54,"unknown","married",NA,2508,34,8,"no"
47,"blue-collar","married","primary",320,203,2,"no"
33,"admin.","married","tertiary",640,318,1,"no"
30,"self-employed","married","secondary",1772,158,4,"no"
27,"admin.","single","secondary",15,177,1,"no"
49,"management","divorced","tertiary",2370,56,1,"no"
27,"services","single","secondary",201,172,2,"no"
51,"blue-collar","married","secondary",160,136,1,"no"
32,"admin.","divorced","secondary",5,82,3,"no"
30,"blue-collar","single","secondary",75,123,1,"no"
33,"admin.","married","secondary",4902,110,1,"no"
27,"blue-collar","single","primary",-79,385,5,"no"
75,"retired","divorced","secondary",1341,415,7,"yes"
37,"services","divorced","secondary",490,73,1,"no"
36,"technician","single","secondary",1521,243,2,"no"
37,"blue-collar","married","secondary",131,137,2,"no"
35,"management","married","tertiary",8,55,4,"no"
32,"services","married","secondary",-632,18,5,"no"
32,"admin.","single","secondary",116,255,2,"no"
35,"admin.","married","primary",189,95,1,"no"
31,"blue-collar","married","primary",2,112,1,"no"
28,"blue-collar","single","secondary",4229,205,2,"no"
27,"services","married","secondary",54,97,1,"no"
22,"student","single",NA,549,154,1,"no"
35,"blue-collar","married","primary",298,135,2,"no"
69,"retired","married","primary",579,230,1,"no"
37,"entrepreneur","single","tertiary",1467,349,1,"no"
45,"admin.","single","secondary",0,38,1,"no"
47,"management","married","tertiary",109,268,1,"no"
52,"management","married","tertiary",-11,94,4,"no"
33,"services","married","secondary",90,263,2,"no"
60,"blue-collar","married","primary",493,671,4,"yes"
33,"management","divorced","secondary",1897,197,1,"no"
44,"admin.","married","secondary",2403,180,2,"no"
38,"entrepreneur","married","secondary",868,452,2,"no"
54,"entrepreneur","married","secondary",653,352,1,"no"
32,"unemployed","divorced","primary",0,175,4,"no"
33,"technician","married","secondary",0,163,2,"no"
55,"services","divorced","secondary",218,200,2,"no"
51,"blue-collar","married","primary",5050,75,7,"no"
48,"blue-collar","married","secondary",741,227,1,"no"
37,"services","single","secondary",1050,586,3,"no"
33,"services","single","secondary",-56,119,5,"no"
30,"blue-collar","married","primary",1,80,2,"no"
43,"blue-collar","married","primary",-98,112,2,"no"
49,"technician","married","secondary",4667,130,2,"no"
54,"unemployed","married","primary",541,237,3,"no"
31,"unemployed","married","tertiary",7744,377,8,"no"
54,"unknown","married",NA,895,335,1,"yes"
36,"unemployed","married","secondary",-129,121,3,"no"
30,"admin.","married","secondary",0,127,5,"no"
27,"technician","single","secondary",158,650,2,"yes"
30,"admin.","married","secondary",122,107,1,"no"
30,"blue-collar","married","secondary",673,610,2,"no"
35,"technician","divorced","secondary",0,124,4,"no"
33,"services","divorced","secondary",411,216,1,"no"
43,"blue-collar","divorced","primary",-97,747,4,"no"
41,"blue-collar","married","secondary",-217,313,1,"no"
41,"management","divorced","tertiary",5037,252,9,"yes"
46,"admin.","divorced","secondary",2232,121,1,"yes"
54,"blue-collar","married","secondary",-932,799,1,"no"
32,"management","married","tertiary",913,883,1,"no"
30,"technician","single","tertiary",236,197,1,"no"
40,"entrepreneur","married","primary",0,271,2,"no"
30,"blue-collar","married","primary",2581,221,2,"no"
27,"admin.","married","secondary",639,243,3,"no"
41,"blue-collar","married","primary",849,72,1,"no"
54,"services","married","secondary",386,155,2,"no"
32,"management","single","tertiary",1218,70,2,"no"
31,"management","married","tertiary",2603,280,4,"yes"
42,"blue-collar","married","secondary",-921,115,2,"no"
48,"admin.","married","primary",607,29,2,"no"
34,"blue-collar","married","primary",79,406,2,"no"
55,"technician","divorced","secondary",61,113,3,"no"
49,"technician","married","secondary",1091,47,2,"no"
46,"management","divorced","tertiary",743,36,2,"no"
47,"entrepreneur","married",NA,209,135,2,"no"
24,"management","single","tertiary",172,67,2,"no"
58,"entrepreneur","married","secondary",2,684,1,"no"
32,"management","single","tertiary",41,686,5,"yes"
25,"student","single","secondary",1116,170,3,"no"
49,"blue-collar","married","secondary",-55,150,3,"no"
59,"retired","divorced","secondary",5845,1060,2,"yes"
30,"management","single","tertiary",329,122,16,"no"
46,"blue-collar","married","secondary",494,724,1,"no"
42,"management","married",NA,1519,230,1,"yes"
37,"entrepreneur","married","tertiary",2685,187,2,"no"
44,"blue-collar","married","primary",-14,179,4,"no"
49,"services","married","secondary",5673,357,3,"no"
41,"blue-collar","married","secondary",1459,82,1,"no"
48,"technician","married","tertiary",0,176,15,"no"
31,"management","married","secondary",625,424,1,"no"
37,"student","married",NA,0,115,1,"no"
51,"services","married","secondary",867,177,2,"no"
80,"retired","married","secondary",8304,712,1,"yes"
32,"management","single","tertiary",151,118,1,"no"
48,"services","married","primary",-583,25,7,"no"
49,"blue-collar","married","tertiary",1784,753,1,"no"
30,"management","married","tertiary",3134,124,1,"no"
27,"self-employed","single","secondary",49,208,2,"no"
34,"technician","married","secondary",-346,136,4,"no"
49,"management","married","secondary",1623,1081,2,"yes"
48,"management","married","tertiary",60,376,2,"no"
40,"services","married","secondary",17,78,1,"no"
38,"blue-collar","married","secondary",2008,354,1,"no"
46,"blue-collar","married","primary",91,29,1,"no"
41,"entrepreneur","married","tertiary",171,209,1,"no"
28,"management","single","tertiary",1027,433,1,"no"
51,"services","married",NA,5801,147,2,"no"
33,"blue-collar","divorced","primary",142,41,2,"no"
26,"management","single","tertiary",205,111,1,"no"
34,"admin.","single","secondary",852,108,2,"no"
27,"blue-collar","married","secondary",-584,411,2,"no"
42,"self-employed","married","secondary",97,108,2,"no"
45,"admin.","married","secondary",204,224,2,"yes"
31,"technician","single","secondary",628,1083,2,"no"
32,"management","single","tertiary",311,757,2,"yes"
39,"blue-collar","married","primary",1564,57,1,"no"
26,"blue-collar","single","secondary",856,95,5,"no"
40,"management","single","tertiary",1509,144,2,"no"
52,"services","married","secondary",-888,135,1,"no"
40,"technician","single","tertiary",226,176,2,"no"
48,"technician","married","secondary",127,524,5,"no"
31,"services","married","secondary",413,65,1,"no"
27,"admin.","married","secondary",710,653,1,"yes"
47,"technician","married","secondary",1233,91,1,"yes"
28,"management","single","secondary",171,93,1,"yes"
40,"management","divorced","tertiary",69,503,2,"no"
34,"admin.","married","secondary",1499,186,1,"no"
29,"self-employed","married","tertiary",751,121,2,"no"
36,"management","married","tertiary",61,452,2,"no"
83,"retired","married","primary",425,883,1,"yes"
55,"services","divorced","primary",2923,104,2,"no"
43,"management","divorced","tertiary",99,24,3,"no"
23,"student","single","secondary",1021,79,9,"no"
44,"technician","married","tertiary",1146,178,2,"no"
58,"blue-collar","married","primary",781,74,2,"no"
29,"admin.","single","secondary",1448,217,1,"no"
30,"management","single","tertiary",604,475,1,"no"
29,"admin.","single","secondary",-194,127,1,"no"
41,"technician","married","secondary",0,101,1,"no"
35,"housemaid","married","primary",0,340,3,"no"
31,"technician","single","secondary",1014,158,4,"no"
27,"admin.","single","tertiary",73,242,1,"no"
47,"services","married","secondary",2597,323,1,"no"
53,"self-employed","married","tertiary",2627,18,30,"no"
34,"management","married","tertiary",1906,68,3,"no"
34,"blue-collar","married","primary",-319,134,4,"no"
36,"management","married","tertiary",-296,113,3,"no"
40,"technician","married","secondary",169,43,4,"no"
37,"self-employed","single","tertiary",556,200,2,"no"
65,"retired","divorced",NA,300,245,2,"no"
53,"technician","divorced","secondary",751,343,4,"no"
28,"technician","single","secondary",126,229,1,"no"
33,"technician","divorced","tertiary",-386,530,1,"no"
56,"blue-collar","married","primary",379,58,5,"no"
45,"self-employed","married","secondary",706,78,2,"no"
39,"technician","married","secondary",9121,147,1,"no"
28,"management","single","tertiary",1466,40,1,"no"
36,"blue-collar","married","primary",0,618,2,"no"
41,"blue-collar","married","primary",951,23,4,"no"
46,"admin.","married","secondary",368,293,1,"yes"
41,"blue-collar","married","secondary",121,16,6,"no"
59,"services","married","secondary",204,286,2,"no"
24,"admin.","married","secondary",299,209,1,"no"
34,"management","married","tertiary",4170,935,1,"no"
40,"blue-collar","married","primary",-335,260,1,"no"
42,"admin.","married","secondary",3165,298,4,"no"
50,"services","married","secondary",254,397,2,"no"
25,"management","single","tertiary",553,113,4,"no"
51,"services","divorced","secondary",518,76,1,"no"
50,"management","married","tertiary",85,141,1,"no"
37,"blue-collar","married",NA,603,773,2,"no"
21,"services","single","secondary",361,329,1,"no"
52,"blue-collar","married","secondary",-98,423,1,"no"
55,"retired","married","primary",4424,67,4,"no"
26,"technician","single","secondary",2610,626,1,"no"
38,"technician","married","tertiary",3234,578,2,"yes"
32,"blue-collar","married","secondary",687,61,1,"no"
31,"blue-collar","married","secondary",631,248,4,"no"
34,"technician","single","secondary",341,136,1,"no"
33,"technician","single","tertiary",316,126,3,"no"
35,"technician","married","secondary",2,653,3,"no"
44,"management","married",NA,415,7,7,"no"
48,"management","divorced","tertiary",507,528,1,"no"
29,"blue-collar","married","secondary",912,785,1,"no"
50,"management","married","tertiary",0,243,5,"no"
37,"blue-collar","married","primary",37,24,2,"no"
44,"admin.","single","secondary",2524,82,1,"no"
36,"unemployed","single","tertiary",9019,952,3,"no"
49,"blue-collar","divorced",NA,39,27,5,"no"
31,"blue-collar","married","secondary",0,143,1,"no"
49,"technician","divorced","secondary",265,274,6,"no"
35,"blue-collar","single","secondary",0,1174,1,"yes"
57,"admin.","divorced",NA,4012,915,1,"no"
42,"blue-collar","married","primary",1520,115,1,"no"
36,"blue-collar","divorced","secondary",-140,222,2,"no"
75,"retired","divorced","primary",852,341,1,"no"
38,"blue-collar","single","secondary",578,112,2,"no"
40,"blue-collar","married","primary",0,64,2,"no"
38,"services","single","secondary",2253,937,3,"yes"
34,"management","single","tertiary",1171,129,1,"no"
29,"technician","single","tertiary",452,59,1,"no"
28,"admin.","married","secondary",-97,79,1,"no"
79,"retired","married","secondary",4738,151,5,"no"
51,"admin.","divorced","secondary",467,83,1,"no"
32,"student","single","tertiary",0,101,5,"no"
36,"management","married","tertiary",495,157,3,"yes"
38,"entrepreneur","married","secondary",157,57,11,"no"
49,"self-employed","married","secondary",358,176,3,"no"
42,"services","married","secondary",292,222,3,"no"
43,"blue-collar","married","primary",7343,217,4,"no"
34,"blue-collar","married","secondary",-563,252,1,"no"
59,"retired","single","secondary",351,1063,5,"yes"
35,"unknown","married","primary",365,41,2,"no"
33,"blue-collar","single","secondary",13494,27,25,"no"
34,"admin.","single","secondary",846,758,2,"no"
64,"retired","married","secondary",1574,301,3,"yes"
34,"entrepreneur","married","tertiary",-28,574,1,"no"
77,"retired","married","tertiary",0,847,1,"yes"
57,"retired","married","primary",2927,78,5,"no"
30,"blue-collar","married","secondary",501,514,1,"no"
56,"housemaid","divorced","primary",1238,1558,1,"yes"
49,"unknown","married",NA,301,789,2,"no"
73,"retired","married","primary",1388,146,3,"no"
39,"technician","single","secondary",102,272,2,"no"
57,"technician","divorced","primary",13,323,2,"no"
32,"self-employed","married","secondary",413,712,2,"no"
32,"technician","single","tertiary",4665,860,2,"yes"
45,"admin.","married","secondary",638,75,9,"no"
32,"blue-collar","married","secondary",101,191,4,"no"
31,"management","married","tertiary",1224,1441,2,"yes"
49,"self-employed","married","secondary",1103,428,2,"no"
29,"services","married","secondary",3748,322,3,"no"
55,"technician","married","secondary",955,104,1,"no"
30,"admin.","married","secondary",518,127,1,"no"
45,"services","single","primary",1893,1259,6,"yes"
39,"technician","married","tertiary",14,114,2,"no"
36,"admin.","married","secondary",-423,106,1,"no"
33,"management","married","tertiary",3696,305,1,"no"
36,"management","married","tertiary",2987,307,1,"yes"
31,"technician","single","secondary",433,1504,2,"no"
36,"technician","married",NA,756,396,3,"no"
38,"technician","single","tertiary",0,71,1,"no"
33,"unknown","married","secondary",2727,205,3,"no"
40,"technician","married","secondary",93,134,2,"no"
31,"blue-collar","married","secondary",1766,166,2,"yes"
39,"services","married","secondary",124,81,5,"no"
33,"admin.","married","tertiary",69,77,2,"no"
53,"services","divorced","secondary",0,80,2,"yes"
38,"management","married","tertiary",0,537,5,"no"
59,"technician","married","secondary",259,415,1,"yes"
55,"blue-collar","married","primary",4103,291,1,"no"
38,"technician","single","tertiary",744,283,1,"no"
48,"services","married","secondary",116,70,4,"no"
53,"blue-collar","married","secondary",70,611,2,"no"
44,"admin.","divorced","secondary",432,132,3,"no"
57,"management","married","tertiary",1172,26,1,"no"
29,"blue-collar","single","secondary",9,262,3,"no"
31,"services","married","secondary",428,272,1,"no"
35,"technician","single","tertiary",7546,137,1,"no"
31,"blue-collar","married","primary",620,95,1,"no"
35,"self-employed","married","tertiary",8647,140,2,"no"
40,"management","single","secondary",192,71,11,"no"
39,"blue-collar","married","secondary",0,502,1,"no"
43,"technician","single","tertiary",27733,164,7,"no"
44,"entrepreneur","married","primary",276,219,1,"no"
29,"technician","single","secondary",113,328,2,"yes"
40,"technician","married","secondary",782,224,2,"no"
33,"entrepreneur","married","primary",82,63,2,"no"
46,"management","married","tertiary",1008,24,13,"no"
27,"unknown","single","tertiary",6421,147,4,"no"
26,"admin.","single","secondary",443,84,3,"no"
41,"technician","married","secondary",351,175,1,"no"
34,"technician","married","tertiary",5060,12,21,"no"
39,"technician","single","tertiary",-41,40,15,"no"
27,"services","single","secondary",-124,217,1,"no"
31,"blue-collar","married","secondary",79,235,11,"no"
44,"unemployed","single","secondary",3945,255,1,"no"
55,"retired","married","tertiary",197,256,1,"no"
51,"blue-collar","divorced","primary",837,41,2,"no"
50,"management","married","tertiary",-94,75,1,"no"
30,"services","married","secondary",1743,192,4,"no"
46,"technician","married","secondary",57,796,1,"yes"
49,"admin.","married","secondary",635,220,3,"no"
56,"retired","married","secondary",-113,614,2,"no"
47,"admin.","divorced","secondary",225,1126,4,"yes"
30,"admin.","married","secondary",124,161,2,"no"
36,"entrepreneur","single","secondary",475,141,3,"no"
40,"management","married","tertiary",-7,697,1,"no"
37,"technician","single","secondary",375,223,2,"no"
42,"admin.","divorced","secondary",936,931,1,"yes"
45,"technician","married","secondary",1415,483,1,"no"
34,"unemployed","single","secondary",0,63,2,"no"
27,"admin.","single","secondary",3638,271,5,"no"
30,"blue-collar","married","secondary",-99,144,5,"no"
32,"technician","married","secondary",167,79,3,"no"
46,"housemaid","married","primary",19,171,1,"no"
29,"self-employed","married","tertiary",242,73,4,"no"
53,"unknown","married",NA,13,69,1,"no"
32,"technician","married","secondary",286,60,1,"no"
49,"unemployed","married","secondary",769,257,1,"no"
35,"management","married","tertiary",93,198,2,"no"
38,"blue-collar","married","secondary",1663,217,3,"no"
39,"entrepreneur","married","primary",238,134,1,"no"
34,"technician","single","secondary",2178,41,1,"no"
42,"blue-collar","married","primary",792,611,2,"no"
35,"blue-collar","single",NA,871,216,3,"no"
60,"admin.","married","secondary",1025,388,8,"no"
57,"technician","divorced","secondary",63,242,1,"no"
31,"blue-collar","single","secondary",16,387,1,"no"
29,"management","single","secondary",417,90,1,"no"
41,"services","married","secondary",3992,281,2,"no"
46,"blue-collar","married","primary",2749,332,1,"no"
33,"technician","married","secondary",133,218,1,"yes"
32,"blue-collar","single","secondary",1721,650,2,"no"
54,"management","divorced","tertiary",2171,1034,1,"yes"
37,"services","married","secondary",4760,182,2,"no"
32,"technician","single","secondary",2979,156,1,"no"
43,"management","married","tertiary",690,171,3,"no"
50,"blue-collar","divorced","secondary",203,265,1,"no"
34,"blue-collar","married","secondary",322,10,3,"no"
31,"admin.","divorced","secondary",1210,350,1,"no"
43,"self-employed","married","secondary",634,65,1,"no"
49,"entrepreneur","married","secondary",273,58,1,"no"
22,"student","single",NA,47,69,3,"no"
35,"management","married","tertiary",1100,127,2,"no"
56,"admin.","married","secondary",0,154,2,"no"
53,"blue-collar","married","secondary",0,36,4,"no"
54,"entrepreneur","married","tertiary",1544,85,7,"no"
32,"services","single",NA,6145,362,1,"no"
41,"self-employed","married","secondary",28,49,1,"no"
40,"blue-collar","married","secondary",1012,410,1,"no"
33,"blue-collar","married","primary",245,253,3,"no"
33,"management","single","tertiary",1998,570,1,"no"
34,"blue-collar","married","secondary",3990,633,7,"no"
36,"services","married","secondary",1328,82,4,"no"
34,"entrepreneur","married","tertiary",412,164,1,"no"
55,"management","married","primary",229,175,3,"no"
28,"student","single","tertiary",1562,659,4,"yes"
29,"admin.","single","secondary",3432,139,2,"no"
31,"admin.","single","secondary",144,43,11,"no"
52,"management","married","tertiary",1339,343,5,"no"
54,"services","married",NA,386,74,1,"no"
43,"blue-collar","married","primary",7727,302,8,"no"
55,"entrepreneur","married","secondary",204,455,13,"no"
28,"blue-collar",NA,NA,101,126,4,"no"
45,"unemployed","divorced","secondary",728,107,1,"no"
45,"entrepreneur","married","primary",2418,120,1,"no"
51,"management","married","tertiary",2934,727,4,"no"
42,"technician","single","secondary",0,275,4,"no"
43,"unknown","single",NA,181,41,1,"no"
34,"management","married","tertiary",176,61,4,"no"
36,"blue-collar","married","primary",49,232,2,"no"
37,"blue-collar","married","secondary",2023,214,1,"no"
50,"blue-collar","married","secondary",372,21,1,"no"
42,"management","divorced",NA,7702,138,2,"yes"
34,"blue-collar","single","primary",464,173,1,"no"
48,"management","married","secondary",117,635,1,"no"
47,"admin.","married","secondary",104,77,2,"no"
40,"management","married","tertiary",1041,73,1,"no"
37,"management","married","tertiary",539,540,2,"no"
38,"blue-collar","married","primary",0,179,2,"no"
29,"technician","single","tertiary",406,119,1,"no"
46,"blue-collar","married","primary",2558,107,1,"no"
26,"blue-collar","married","secondary",484,48,2,"no"
30,"services","single","tertiary",3516,447,4,"no"
42,"blue-collar","married","secondary",5639,430,2,"no"
42,"management","single","tertiary",100,64,2,"no"
31,"admin.","single","secondary",1306,217,5,"no"
37,"management","single","tertiary",815,77,1,"no"
26,"blue-collar","married","secondary",245,16,11,"no"
54,"blue-collar","married",NA,191,753,2,"no"
70,"retired","married","secondary",2815,125,2,"no"
29,"self-employed","single","secondary",3672,1210,1,"no"
50,"services","married","secondary",1572,185,1,"no"
60,"unemployed","divorced","secondary",385,80,1,"no"
32,"technician","single","secondary",29,156,2,"no"
32,"technician","married","secondary",84,403,3,"no"
34,"self-employed","single","tertiary",876,145,2,"no"
48,"services","single","primary",1499,17,7,"no"
25,"student","married","tertiary",0,160,1,"no"
32,"management","married","secondary",6217,486,2,"no"
32,"blue-collar","married","primary",329,321,1,"no"
47,"admin.","divorced","secondary",162,203,4,"no"
32,"technician","married",NA,14533,646,3,"no"
49,"management","single","tertiary",151,97,3,"yes"
53,"services","married","secondary",-2,144,2,"no"
41,"blue-collar","single",NA,4684,30,6,"no"
47,"management","divorced","tertiary",1149,82,2,"no"
35,"blue-collar","married","primary",11,326,4,"no"
33,"management","single","secondary",8004,414,3,"no"
49,"blue-collar","married","primary",1019,285,5,"no"
46,"management","divorced","tertiary",1297,716,3,"yes"
29,"management","divorced","tertiary",415,449,4,"no"
58,"self-employed","married","primary",671,16,3,"no"
40,"admin.","single","secondary",2378,65,1,"no"
34,"management","married","tertiary",417,138,1,"no"
60,"retired","married","primary",71,121,3,"no"
43,"management","married","tertiary",1188,140,2,"no"
50,"blue-collar","married","primary",8139,256,6,"no"
33,"blue-collar","married","secondary",249,61,4,"no"
37,"blue-collar","married","primary",689,367,2,"no"
55,"self-employed","married","secondary",203,9,5,"no"
45,"blue-collar","single","primary",-183,395,4,"no"
47,"blue-collar","married","primary",3451,125,2,"no"
58,"technician","married","secondary",116,580,3,"no"
36,"services","married","secondary",1746,15,1,"no"
55,"technician","married","secondary",0,119,2,"no"
31,"blue-collar","married","secondary",897,26,2,"no"
38,"technician","married","secondary",821,224,2,"no"
42,"blue-collar","married","secondary",130,285,1,"no"
32,"management","divorced","tertiary",1,399,4,"no"
39,"blue-collar","married","secondary",8,88,3,"no"
41,"technician","married","secondary",55,185,4,"no"
59,"blue-collar","married","primary",699,98,1,"no"
42,"unemployed","divorced","secondary",759,97,1,"no"
33,"blue-collar","married","secondary",687,72,2,"no"
53,"retired","married","secondary",4968,109,1,"no"
43,"blue-collar","married","primary",1211,208,3,"no"
39,"self-employed","single","tertiary",426,1029,1,"yes"
27,"entrepreneur","single","secondary",376,273,1,"no"
39,"management","married","tertiary",12,130,1,"no"
27,"blue-collar","single","secondary",23,590,2,"no"
33,"admin.","married","secondary",353,107,2,"no"
29,"services","divorced","secondary",330,88,2,"no"
33,"management","divorced","tertiary",0,305,2,"no"
41,"entrepreneur","married","secondary",353,90,2,"no"
38,"technician","single","tertiary",2273,222,1,"no"
30,"management","married","tertiary",0,127,1,"no"
58,"unemployed","married","tertiary",744,38,1,"no"
37,"services","single","secondary",608,380,3,"no"
36,"admin.","divorced","secondary",356,244,3,"no"
45,"blue-collar","married","primary",1291,189,17,"no"
23,"technician","single","secondary",-306,217,2,"no"
53,"blue-collar","married","primary",306,388,3,"yes"
44,"blue-collar","married","primary",-312,22,3,"no"
32,"technician","single","secondary",493,289,2,"no"
32,"management","married","tertiary",71,221,8,"no"
38,"admin.","married","tertiary",669,129,2,"no"
47,"blue-collar","married","primary",556,147,2,"no"
34,"services","single","secondary",84,299,1,"no"
52,"services","married","secondary",108,543,12,"no"
45,"admin.","single","secondary",-11,247,1,"no"
50,"blue-collar","married","primary",1164,166,2,"no"
52,"blue-collar","divorced","primary",-191,755,1,"yes"
37,"blue-collar","married","secondary",132,336,2,"no"
51,"blue-collar","married","secondary",2237,619,1,"no"
32,"management","married","tertiary",4761,159,2,"no"
33,"blue-collar","married","secondary",-346,29,3,"no"
28,"unemployed","married","secondary",655,606,2,"no"
66,"management","married","tertiary",1048,971,2,"no"
31,"services","single","secondary",0,231,2,"no"
35,"blue-collar","married","primary",624,163,1,"no"
47,"services","single",NA,1784,385,2,"yes"
36,"admin.","single","secondary",1281,119,2,"no"
32,"technician","single","tertiary",569,348,1,"no"
34,"blue-collar","married","primary",1666,30,1,"no"
40,"admin.","married","secondary",168,249,2,"no"
33,"self-employed","married","tertiary",263,119,2,"no"
39,"blue-collar","married","secondary",-405,177,1,"no"
38,"self-employed","married","secondary",279,110,5,"no"
32,"technician","single","secondary",0,594,4,"yes"
65,"unknown","married",NA,300,105,1,"no"
34,"unemployed","single","tertiary",415,123,1,"no"
34,"admin.","single","primary",0,172,4,"no"
42,"blue-collar","single","primary",1322,178,1,"no"
31,"services","married","secondary",1062,230,1,"no"
47,"technician","married","secondary",302,89,3,"no"
44,"technician","divorced","secondary",809,118,4,"no"
38,"housemaid","married","secondary",-278,143,2,"no"
28,"management","single","tertiary",3238,7,1,"no"
46,"admin.","single","secondary",751,104,2,"no"
51,"blue-collar","divorced","primary",-28,220,2,"no"
42,"management","divorced","tertiary",0,85,2,"no"
37,"technician","single","secondary",2442,91,3,"yes"
58,"unemployed","married","tertiary",1798,19,8,"no"
43,"admin.","married","secondary",132,574,1,"yes"
36,"management","single","tertiary",260,49,1,"no"
34,"blue-collar","married","secondary",7,171,2,"no"
31,"management","single","tertiary",3283,258,1,"yes"
49,"technician","married",NA,323,41,2,"no"
54,"management","married","tertiary",2960,83,1,"no"
29,"unemployed","single","secondary",486,95,1,"no"
51,"retired","divorced","secondary",343,78,2,"no"
40,"unemployed","divorced","secondary",507,134,1,"no"
35,"management","single","tertiary",5958,215,1,"yes"
25,"student","single","secondary",304,226,2,"yes"
32,"blue-collar","single","secondary",118,1275,1,"yes"
30,"self-employed","married","secondary",123,66,1,"no"
38,"management","married","tertiary",76,196,3,"no"
46,"admin.","married","secondary",70,229,2,"yes"
43,"unemployed","married","primary",960,241,2,"no"
32,"technician","single","tertiary",2185,354,2,"no"
29,"blue-collar","single","secondary",309,471,3,"no"
56,"blue-collar","married","secondary",2190,90,2,"no"
57,"technician","married","primary",0,58,8,"no"
38,"admin.","married","secondary",3732,379,2,"no"
51,"technician","married","primary",1550,12,5,"no"
35,"admin.","single","tertiary",62,67,1,"no"
37,"blue-collar","married","primary",704,165,7,"no"
48,"management","married","secondary",4415,1032,3,"yes"
30,"blue-collar","single","secondary",4,84,3,"no"
60,"retired","married","secondary",262,393,4,"no"
56,"management","married","secondary",238,808,1,"no"
45,"blue-collar","married","primary",97,923,3,"no"
38,"technician","divorced","secondary",410,63,6,"no"
20,"student","single","secondary",1191,274,1,"no"
59,"retired","married","primary",-47,84,4,"no"
34,"technician","married","tertiary",197,78,3,"yes"
36,"blue-collar","married",NA,6,41,7,"no"
53,"admin.","single","secondary",2398,317,1,"yes"
51,"management","married","tertiary",630,138,1,"no"
58,"retired","married","secondary",235,88,4,"no"
48,"management","married","primary",1910,413,2,"no"
56,"management","married","tertiary",3172,139,1,"no"
51,"blue-collar","married","primary",872,82,2,"no"
35,"blue-collar","married","secondary",407,12,6,"no"
40,"admin.","single","secondary",100,221,1,"yes"
59,"housemaid","married","secondary",345,38,1,"no"
44,"management","divorced","tertiary",2058,661,1,"no"
49,"housemaid","married","primary",889,388,1,"yes"
35,"admin.","married","tertiary",0,151,7,"no"
41,"management","married","tertiary",51,140,8,"no"
55,"retired","married","primary",150,124,1,"no"
51,"self-employed","married","secondary",34,200,1,"no"
27,"services","single","secondary",795,101,3,"no"
57,"blue-collar","married","primary",282,261,12,"no"
51,"management","single","tertiary",2139,176,2,"no"
38,"management","married","tertiary",-469,209,12,"no"
49,"admin.","married","secondary",197,223,1,"yes"
40,"technician","single","tertiary",825,38,1,"no"
47,"housemaid","single","tertiary",3232,541,1,"no"
48,"management","divorced","secondary",1598,84,1,"no"
47,"services","married","tertiary",871,602,9,"no"
56,"services","married","secondary",83,26,11,"no"
29,"management","single","tertiary",1445,328,2,"yes"
38,"technician","married","secondary",226,762,3,"yes"
32,"management","married","tertiary",-55,107,4,"no"
42,"admin.","single","secondary",243,46,5,"no"
30,"blue-collar","married","primary",-336,128,6,"no"
26,"admin.","single","tertiary",3672,360,5,"no"
35,"technician","married","secondary",0,524,1,"yes"
35,"technician","married","secondary",251,128,3,"no"
35,"self-employed","single","tertiary",44,310,2,"no"
57,"blue-collar","married","secondary",2887,819,10,"yes"
29,"admin.","single","secondary",1992,202,1,"no"
32,"blue-collar","single","secondary",2,144,2,"no"
45,"technician","married","secondary",1415,311,1,"no"
51,"management","single","tertiary",297,415,4,"yes"
31,"technician","single","secondary",1094,93,8,"no"
50,"self-employed","married",NA,-84,101,1,"no"
38,"blue-collar","single","secondary",-1,72,1,"no"
37,"management","married","tertiary",347,282,1,"no"
35,"management","married","tertiary",1253,210,2,"no"
37,"unemployed","married",NA,4565,369,1,"no"
28,"management","single","tertiary",781,125,6,"no"
38,"management","married","tertiary",7124,301,6,"no"
43,"management","married","secondary",17555,14,14,"no"
43,"management","married",NA,5172,57,3,"no"
56,"management","married","tertiary",15520,420,1,"no"
32,"technician","single","tertiary",13711,638,1,"no"
58,"management","divorced","tertiary",1533,137,2,"no"
47,"management","married","tertiary",286,557,7,"no"
31,"blue-collar","single","secondary",-219,66,2,"no"
38,"management","married","tertiary",0,206,1,"no"
50,"blue-collar","married","secondary",810,19,14,"no"
32,"blue-collar","married","secondary",300,166,2,"no"
37,"services","single","secondary",1175,102,1,"no"
39,"management","married","tertiary",0,46,2,"no"
40,"services","married","secondary",113,126,1,"no"
41,"blue-collar","married","secondary",641,161,1,"no"
45,"technician","married","secondary",1477,355,1,"no"
31,"admin.","married","secondary",0,40,2,"no"
54,"services","married","primary",8,143,1,"no"
39,"admin.","divorced","secondary",399,133,2,"no"
56,"admin.","divorced","secondary",-435,185,2,"no"
35,"admin.","single","secondary",2830,22,12,"no"
34,"management","married","secondary",15,184,7,"no"
31,"technician","single","secondary",125,78,2,"no"
38,"technician","married","tertiary",45,125,4,"no"
41,"technician","married","tertiary",13,189,2,"no"
44,"entrepreneur","married","tertiary",0,300,1,"no"
49,"blue-collar","married","secondary",579,396,1,"no"
30,"services","single","secondary",432,340,3,"no"
31,"services","single","secondary",1987,55,2,"no"
34,"management","married","secondary",857,238,6,"no"
70,"retired","married","tertiary",15834,172,3,"no"
45,"management","married","tertiary",3370,36,3,"no"
31,"management","married","tertiary",6290,303,2,"no"
57,"admin.","married","secondary",808,417,3,"no"
40,"services","married",NA,4075,162,3,"no"
28,"blue-collar","married","secondary",373,10,9,"no"
44,"admin.","single","secondary",-101,99,1,"no"
49,"services","divorced","secondary",3250,32,3,"no"
46,"management","married","tertiary",1375,308,3,"no"
34,"management","married","tertiary",180,298,3,"no"
58,"technician","married","secondary",175,92,4,"no"
52,"services","married","secondary",381,288,12,"no"
27,"blue-collar","married","secondary",2171,130,1,"no"
48,"technician","married","secondary",340,255,2,"no"
33,"technician","divorced","secondary",10,167,5,"no"
46,"admin.","married","secondary",4958,64,3,"no"
51,"housemaid","married",NA,21244,166,2,"no"
31,"management","married","tertiary",156,657,7,"yes"
35,"technician","divorced","secondary",473,434,4,"no"
37,"admin.","single","secondary",781,75,1,"no"
60,"entrepreneur","married","primary",0,40,1,"no"
40,"technician","married","secondary",1819,398,2,"no"
50,"management","married","tertiary",4374,163,2,"no"
34,"entrepreneur","married","secondary",456,137,8,"no"
32,"technician","married","secondary",253,257,3,"no"
36,"services","single","secondary",774,231,2,"no"
32,"admin.","single","tertiary",-59,192,1,"no"
40,"services","divorced","secondary",-81,186,1,"no"
37,"blue-collar","married","primary",0,226,1,"no"
57,"management","married","tertiary",0,67,1,"no"
46,"management","married","tertiary",-3,205,2,"no"
31,"blue-collar","single","primary",2488,14,1,"no"
39,"technician","divorced","tertiary",3,488,1,"yes"
35,"management","married","secondary",839,50,3,"no"
32,"blue-collar","married","primary",103,312,1,"no"
44,"technician","divorced","secondary",316,163,3,"no"
41,"technician","single","secondary",1680,76,2,"no"
59,"retired","divorced","primary",7179,150,1,"no"
39,"services","married","secondary",247,244,2,"no"
54,"management","married","tertiary",8295,207,1,"yes"
27,"services","single","secondary",261,113,1,"no"
51,"self-employed","married","secondary",95,1309,4,"yes"
33,"technician","single","secondary",291,72,6,"no"
38,"blue-collar","married","primary",2240,551,1,"no"
52,"entrepreneur","married","tertiary",0,163,3,"no"
54,"management","divorced","tertiary",1295,179,10,"no"
33,"blue-collar","married","primary",324,217,2,"no"
50,"technician","married","secondary",669,88,1,"no"
39,"blue-collar","single","secondary",4143,21,1,"no"
34,"management","single","tertiary",2646,142,1,"yes"
41,"technician","single","secondary",618,1056,1,"no"
48,"management","divorced","tertiary",541,72,1,"no"
38,"services","married","secondary",434,411,1,"no"
34,"blue-collar","married","secondary",622,145,1,"no"
32,"blue-collar","married","secondary",0,80,2,"no"
48,"management","married","secondary",99,344,1,"no"
28,"services","single","secondary",290,128,1,"no"
47,"blue-collar","married","secondary",1230,412,1,"yes"
32,"admin.","single","secondary",45,908,3,"no"
32,"admin.","married","secondary",923,819,4,"no"
38,"management","married","tertiary",950,210,2,"no"
86,"retired","married","secondary",1503,165,3,"no"
47,"technician","married","secondary",65,118,8,"no"
42,"management","married","primary",-679,159,1,"no"
44,"management","married","tertiary",773,618,1,"no"
25,"student","single",NA,10788,102,2,"no"
34,"services","divorced","secondary",991,89,1,"no"
34,"admin.","married","secondary",247,401,2,"yes"
53,"blue-collar","married","primary",4143,200,3,"no"
42,"blue-collar","married",NA,-406,152,5,"no"
30,"blue-collar","single","secondary",180,203,1,"no"
26,"blue-collar","single","primary",-887,827,2,"yes"
40,"services","married","secondary",4157,735,1,"no"
34,"technician","single","secondary",1386,185,6,"no"
34,"services","married","secondary",2211,149,1,"no"
40,"management","married","tertiary",-495,303,2,"no"
36,"management","married","tertiary",27359,71,2,"no"
34,"technician","single","secondary",440,445,2,"no"
32,"blue-collar","single","secondary",135,232,2,"no"
39,"technician","married","secondary",-735,144,5,"no"
36,"technician","married","tertiary",60,209,2,"no"
39,"technician","divorced","secondary",902,691,2,"yes"
33,"management","married",NA,18347,415,1,"no"
34,"blue-collar","single","secondary",-72,273,5,"no"
42,"management","married","tertiary",1205,376,2,"yes"
46,"technician","married","secondary",499,37,10,"no"
32,"management","single","tertiary",656,148,2,"no"
27,"services","married","secondary",100,57,2,"no"
35,"technician","divorced","secondary",69,461,3,"no"
53,"technician","married",NA,619,198,6,"no"
29,"services","single","secondary",192,327,4,"no"
35,"management","single","tertiary",0,669,6,"no"
49,"management","married","tertiary",87,165,1,"no"
58,"management","married","tertiary",3228,58,2,"no"
40,"management","single","tertiary",1361,1473,1,"yes"
19,"student","single",NA,0,123,3,"no"
30,"student","single","tertiary",34,289,1,"no"
34,"technician","single","secondary",318,239,5,"no"
60,"retired","married","secondary",197,1386,1,"no"
28,"student","single","tertiary",0,294,2,"yes"
46,"management","married","tertiary",273,910,2,"yes"
49,"blue-collar","divorced","primary",15,550,7,"no"
59,"management","divorced","tertiary",7813,75,1,"no"
44,"technician","single","secondary",-27,100,3,"no"
33,"technician","married","tertiary",75,204,4,"no"
54,"retired","married","secondary",1139,155,1,"no"
26,"blue-collar","married","secondary",115,46,3,"no"
54,"blue-collar","married","secondary",0,1366,1,"no"
48,"housemaid","married","primary",7195,609,2,"yes"
30,"services","single","tertiary",-477,1532,2,"yes"
29,"management","single","tertiary",1026,226,1,"yes"
51,"entrepreneur","married","tertiary",3921,168,1,"no"
53,"unemployed","married","primary",980,352,1,"yes"
43,"blue-collar","married","secondary",-179,335,6,"no"
34,"admin.","married","tertiary",2552,74,1,"no"
40,"entrepreneur","married","tertiary",1729,85,1,"no"
43,"technician","married","secondary",434,117,1,"no"
33,"admin.","single","secondary",-300,184,1,"no"
66,"retired","married","secondary",4785,72,3,"no"
44,"technician","divorced","secondary",-329,171,1,"no"
33,"services","married","secondary",0,44,8,"no"
31,"technician","single","secondary",391,336,2,"no"
71,"retired","married","primary",4657,93,5,"yes"
22,"student","single","primary",3472,332,1,"yes"
46,"unemployed","single","tertiary",705,398,1,"no"
32,"services","married","secondary",255,86,2,"no"
45,"blue-collar","married","secondary",4365,45,2,"no"
32,"management","married","secondary",350,110,2,"no"
49,"blue-collar","married","primary",474,152,3,"no"
27,"technician","single","secondary",489,356,4,"yes"
46,"entrepreneur","married","secondary",757,382,3,"no"
37,"management","single","tertiary",695,233,1,"no"
30,"unemployed","single","secondary",-770,87,1,"no"
44,"self-employed","divorced","secondary",80,387,2,"no"
45,"technician","married","secondary",315,103,1,"no"
27,"student","single","secondary",213,378,1,"yes"
57,"housemaid","married","primary",0,257,2,"no"
66,"management","married","tertiary",2169,282,1,"no"
40,"admin.","divorced","secondary",212,176,1,"no"
48,"blue-collar","married","secondary",333,24,6,"no"
33,"blue-collar","single","secondary",4404,766,3,"no"
42,"services","divorced","secondary",257,955,2,"yes"
47,"unemployed","married","secondary",3188,426,3,"no"
27,"technician","single","tertiary",3083,244,2,"no"
78,"retired","married","tertiary",226,136,1,"no"
50,"services","married","primary",1260,172,1,"no"
46,"entrepreneur","single","tertiary",1410,93,1,"no"
41,"admin.","divorced","secondary",6046,300,6,"yes"
36,"admin.","single","tertiary",980,118,4,"no"
49,"retired","married","primary",-37,191,2,"no"
46,"management","divorced","tertiary",-154,107,2,"no"
77,"retired","married","primary",680,513,2,"no"
30,"technician","single","tertiary",799,91,18,"no"
43,"management","single","secondary",-1164,76,4,"no"
44,"blue-collar","married","secondary",2523,1236,2,"no"
40,"blue-collar","married","primary",98,193,5,"no"
38,"blue-collar","married","primary",3419,324,5,"no"
25,"unemployed","single","tertiary",343,377,1,"yes"
49,"management","married","tertiary",852,408,1,"no"
33,"blue-collar","married","primary",50,246,2,"no"
40,"management","single","tertiary",0,58,7,"no"
44,"blue-collar","married","primary",10,196,1,"no"
32,"blue-collar","married","secondary",950,219,4,"no"
52,"management","married","tertiary",0,197,1,"no"
35,"management","married","tertiary",175,257,2,"no"
35,"technician","married","secondary",-259,381,1,"no"
32,"management","married","secondary",6217,486,2,"no"
42,"technician","married","secondary",-1310,162,1,"no"
59,"blue-collar","married",NA,139,153,1,"no"
44,"technician","single","secondary",7138,809,2,"yes"
50,"admin.","divorced","secondary",1111,50,1,"no"
27,"blue-collar","single","secondary",113,39,17,"no"
55,"management","divorced","tertiary",-612,131,2,"no"
54,"blue-collar","married",NA,310,526,4,"no"
31,"unemployed","single","secondary",-186,172,3,"no"
56,"admin.","married",NA,2038,405,1,"no"
51,"self-employed","married","tertiary",833,77,3,"no"
61,"blue-collar","married","primary",625,158,2,"no"
34,"technician","single","secondary",105,146,2,"no"
56,"blue-collar","married","primary",551,27,1,"no"
29,"student","single",NA,145,105,1,"no"
34,"management","single","tertiary",618,119,4,"no"
35,"services","single","secondary",1063,327,1,"no"
56,"admin.","divorced","secondary",985,150,2,"no"
45,"blue-collar","married","secondary",2926,482,3,"no"
31,"admin.","single","secondary",-449,81,2,"no"
37,"entrepreneur","divorced","tertiary",66,1164,2,"yes"
43,"admin.","married","secondary",0,674,3,"no"
40,"management","married",NA,419,347,1,"no"
44,"management","married","primary",4758,712,6,"yes"
38,"admin.","single","secondary",-23,48,2,"no"
58,"management","divorced","tertiary",1573,279,1,"no"
24,"blue-collar","single","secondary",77,236,2,"no"
53,"services","married","secondary",1378,91,2,"no"
36,"blue-collar","married","secondary",-73,15,8,"no"
28,"blue-collar","married","primary",60,161,1,"no"
45,"blue-collar","married","primary",137,187,19,"no"
32,"admin.","single","tertiary",1583,100,1,"no"
46,"admin.","married","secondary",-121,214,4,"no"
28,"blue-collar","single","secondary",1065,406,1,"no"
51,"unemployed","married","secondary",-13,361,1,"no"
51,"blue-collar","married","primary",1869,30,3,"no"
30,"technician","single","secondary",4787,99,2,"no"
39,"technician","married","secondary",-183,202,2,"no"
28,"blue-collar","married","primary",702,318,2,"no"
31,"management","single","tertiary",1494,275,12,"no"
31,"blue-collar","married","primary",0,59,4,"no"
38,"management","married","tertiary",46,70,4,"no"
31,"blue-collar","single","secondary",609,1126,1,"no"
74,"retired","divorced","secondary",4079,343,3,"yes"
40,"management","single","tertiary",0,228,2,"yes"
43,"technician","married","secondary",7876,209,2,"no"
34,"technician","single","tertiary",925,709,1,"yes"
54,"management","divorced","tertiary",7010,275,2,"no"
51,"blue-collar","married","primary",42,51,2,"no"
33,"blue-collar","married","secondary",285,267,1,"no"
41,"technician","married","tertiary",0,95,1,"no"
33,"management","single","tertiary",3170,246,2,"no"
48,"admin.","married","secondary",8,46,1,"no"
42,"self-employed","divorced","tertiary",216,144,3,"no"
35,"management","single","tertiary",2975,249,2,"no"
25,"admin.","married","secondary",894,328,1,"no"
38,"blue-collar","single","primary",490,17,1,"no"
45,"entrepreneur","married","secondary",245,126,3,"no"
59,"management","divorced","tertiary",0,52,8,"no"
47,"management","married",NA,150,52,1,"no"
33,"management","married","tertiary",4,285,5,"no"
59,"management","married","primary",1727,500,4,"yes"
41,"blue-collar","divorced","primary",664,955,5,"yes"
42,"technician","married","secondary",473,216,5,"no"
51,"technician","divorced","tertiary",0,84,7,"no"
45,"management","married","tertiary",-192,138,3,"no"
30,"management","married","tertiary",1942,436,2,"yes"
33,"blue-collar","single","secondary",5137,123,1,"no"
43,"management","married","tertiary",13044,36,4,"no"
37,"blue-collar","married","secondary",1053,405,3,"no"
73,"retired","married","primary",154,103,1,"no"
43,"blue-collar","married","secondary",625,175,1,"no"
52,"unemployed","married","primary",255,374,3,"no"
44,"management","married","tertiary",529,129,4,"no"
56,"management","married","tertiary",318,246,3,"no"
21,"services","single","secondary",1903,107,2,"no"
43,"unknown","married","tertiary",1937,385,1,"no"
54,"management","married","primary",3859,104,3,"no"
59,"technician","married","primary",4198,309,1,"yes"
52,"blue-collar","married","primary",230,198,2,"no"
31,"admin.","single","secondary",747,543,2,"yes"
53,"admin.","married","secondary",263,143,7,"no"
24,"technician","single","secondary",-46,23,1,"no"
57,"retired","married","secondary",0,104,2,"no"
48,"technician","married","secondary",568,378,2,"yes"
57,"technician","married","secondary",1469,364,1,"no"
51,"technician","married","secondary",18,363,6,"no"
50,"management","divorced","tertiary",201,248,1,"no"
34,"blue-collar","married","secondary",1412,157,2,"no"
43,"blue-collar","married","primary",-93,402,2,"no"
31,"services","married","secondary",-331,203,5,"no"
29,"blue-collar","married",NA,486,422,1,"no"
39,"blue-collar","married","primary",694,44,1,"no"
36,"management","single","tertiary",2806,358,4,"no"
38,"unemployed","single","tertiary",0,39,2,"no"
56,"management","divorced","tertiary",2959,325,1,"no"
41,"housemaid","divorced","primary",22,238,3,"no"
47,"technician","married","secondary",1167,968,1,"yes"
38,"management","single","tertiary",35,156,1,"no"
80,"retired","married","secondary",8304,681,1,"no"
37,"services","married","secondary",4760,187,2,"no"
44,"management","single","tertiary",-1313,104,10,"no"
33,"blue-collar","single","secondary",697,860,2,"yes"
53,"technician","married","secondary",230,112,2,"no"
69,"retired","married","tertiary",473,112,1,"no"
46,"technician","married","secondary",1427,32,3,"no"
30,"management","single","tertiary",201,325,2,"yes"
31,"self-employed","single","secondary",1086,410,1,"no"
38,"management","divorced","tertiary",4335,640,1,"no"
34,"services","divorced","secondary",44,118,1,"no"
48,"unknown","married",NA,286,166,2,"no"
46,"blue-collar","divorced","primary",216,173,1,"no"
42,"admin.","married","secondary",214,21,24,"no"
41,"blue-collar","married","secondary",343,89,7,"no"
33,"blue-collar","married","secondary",-77,151,3,"no"
39,"blue-collar","married","primary",1046,112,4,"no"
27,"student","single","secondary",1566,164,5,"no"
26,"management","single","tertiary",592,145,2,"no"
38,"management","single","tertiary",104,606,3,"yes"
48,"blue-collar","married","secondary",0,105,1,"no"
54,"services","married","secondary",-22,85,1,"no"
51,"services","married","secondary",0,439,3,"no"
47,"technician","married","secondary",72,278,1,"no"
53,"technician","married","secondary",100,205,4,"no"
35,"blue-collar","married","primary",319,221,1,"no"
58,"management","married","tertiary",9339,52,3,"no"
52,"management","divorced","tertiary",50,84,3,"no"
57,"retired","married","secondary",32,476,3,"no"
52,"management","married","tertiary",6922,371,1,"no"
35,"management","single","tertiary",633,128,3,"no"
48,"technician","married","secondary",4265,220,2,"no"
46,"entrepreneur","married","tertiary",2262,44,14,"no"
39,"services","married","secondary",1970,30,1,"no"
38,"self-employed","divorced","tertiary",1513,330,1,"no"
34,"entrepreneur","married","secondary",4659,28,1,"no"
47,"entrepreneur","married","primary",668,908,1,"no"
35,"management","divorced","tertiary",649,177,1,"no"
46,"blue-collar","divorced","primary",452,113,4,"no"
27,"admin.","single","secondary",-145,289,8,"no"
31,"blue-collar","married","secondary",-498,357,1,"no"
31,"management","single","tertiary",0,38,16,"no"
46,"admin.","married","secondary",22,414,4,"no"
31,"admin.","married","secondary",2304,257,2,"no"
33,"management","married","tertiary",1412,480,1,"yes"
42,"housemaid","married","primary",145,252,2,"no"
33,"management","single","primary",4897,151,1,"no"
40,"housemaid","married","primary",1832,213,4,"no"
51,"blue-collar","married","primary",3726,119,12,"no"
31,"unemployed","married","tertiary",591,161,2,"no"
62,"retired","divorced","tertiary",0,227,2,"yes"
24,"student","single","secondary",508,12,3,"no"
48,"unemployed","married","secondary",817,517,1,"yes"
41,"technician","divorced","secondary",348,225,2,"no"
43,"management","married","tertiary",291,150,2,"no"
52,"technician","married","secondary",3554,89,1,"no"
54,"blue-collar","married","primary",781,103,2,"no"
32,"technician","divorced","tertiary",267,128,1,"no"
38,"blue-collar","married","primary",1327,277,1,"no"
41,"admin.","married","primary",-306,500,1,"yes"
31,"blue-collar","single","primary",864,113,2,"no"
35,"housemaid","married","tertiary",1265,326,5,"yes"
26,"admin.","married","secondary",0,755,1,"no"
52,"technician","married","tertiary",214,161,3,"no"
58,"retired","married","secondary",425,100,1,"no"
57,"housemaid","married","tertiary",3,142,2,"no"
34,"management","married","tertiary",0,214,2,"no"
59,"blue-collar","married","primary",0,167,2,"no"
27,"technician","single","secondary",282,676,5,"no"
42,"entrepreneur","married","tertiary",0,236,1,"no"
47,"housemaid","single","tertiary",3727,993,6,"yes"
33,"blue-collar","married","secondary",0,83,12,"no"
31,"services","single","secondary",864,100,1,"no"
37,"management","married","tertiary",4089,289,2,"yes"
29,"blue-collar","married","secondary",-478,528,2,"no"
38,"unemployed","married","primary",-363,340,2,"no"
35,"self-employed","married","secondary",8883,33,3,"no"
31,"technician","single","secondary",1970,284,3,"no"
62,"management","married","tertiary",1859,245,3,"yes"
32,"technician","single","tertiary",1059,115,1,"no"
31,"services","married","secondary",388,730,2,"no"
51,"blue-collar","divorced","primary",602,347,1,"no"
29,"services","single","secondary",0,58,1,"no"
43,"blue-collar","married","primary",255,180,1,"no"
36,"blue-collar","married","secondary",63,56,8,"no"
34,"self-employed","married","primary",712,326,3,"no"
29,"services","married","secondary",57,342,9,"no"
57,"retired","married","secondary",523,49,6,"no"
43,"management","married","tertiary",422,110,1,"no"
33,"services","married","secondary",386,253,1,"yes"
60,"management","married","tertiary",3387,636,2,"no"
51,"technician","married","primary",260,137,2,"no"
40,"admin.","single","secondary",-1,173,1,"no"
51,"technician","married","secondary",1490,227,2,"no"
38,"services","married","secondary",497,88,5,"no"
35,"technician","married","secondary",1707,426,3,"no"
47,"technician","married","secondary",826,195,3,"no"
45,"blue-collar","married","primary",907,230,8,"no"
40,"services","married","secondary",1836,750,2,"yes"
29,"entrepreneur","single","secondary",404,413,3,"no"
52,"management","divorced","tertiary",907,104,2,"no"
26,"technician","married","secondary",18,138,1,"no"
31,"blue-collar","single","primary",-495,334,2,"no"
55,"services","married",NA,1210,868,1,"no"
35,"services","married","secondary",819,102,14,"no"
56,"management","divorced","tertiary",442,77,3,"no"
28,"blue-collar","single","secondary",-46,199,1,"yes"
27,"student","single","secondary",671,332,2,"no"
30,"technician","married","secondary",371,124,2,"no"
51,"technician","married","tertiary",-3,91,9,"no"
33,"management","married","secondary",11,104,3,"no"
32,"blue-collar","single","secondary",33,125,1,"no"
43,"entrepreneur","married","secondary",104,635,3,"yes"
46,"blue-collar","married","primary",174,90,1,"no"
32,"management","married","tertiary",3107,310,1,"no"
40,"services","married","secondary",1438,207,1,"no"
39,"blue-collar","married","secondary",1367,43,1,"no"
51,"blue-collar","married","primary",-11,126,4,"no"
46,"admin.","single","secondary",1693,137,1,"no"
43,"blue-collar","married","primary",778,284,5,"no"
36,"technician","married","tertiary",837,68,6,"no"
48,"management","married","tertiary",363,67,1,"no"
26,"admin.","single","secondary",236,8,2,"no"
39,"admin.","single",NA,0,62,1,"no"
47,"management","married","tertiary",-50,175,1,"no"
23,"entrepreneur","single","primary",4,395,2,"yes"
54,"management","divorced","tertiary",26306,27,1,"no"
38,"admin.","married","secondary",46,195,1,"no"
33,"technician","married","secondary",575,254,2,"no"
35,"admin.","divorced","secondary",148,199,1,"no"
52,"services","married","secondary",431,73,17,"no"
25,"technician","single","tertiary",777,351,1,"no"
29,"management","married","tertiary",199,1689,4,"yes"
35,"technician","single","tertiary",3552,267,1,"no"
49,"services","married","secondary",47,234,2,"no"
41,"admin.","divorced","secondary",3823,234,10,"no"
32,"management","married","tertiary",138,94,4,"no"
29,"admin.","single","secondary",1117,77,2,"no"
28,"blue-collar","married","secondary",1325,242,1,"no"
59,"retired","married","secondary",0,247,4,"no"
34,"entrepreneur","married","tertiary",4343,85,4,"no"
55,"management","divorced","tertiary",1598,607,4,"no"
34,"management","married","tertiary",3301,485,2,"yes"
24,"student","single","secondary",822,184,1,"yes"
42,"technician","divorced","secondary",-280,258,1,"no"
34,"management","single",NA,1534,156,1,"no"
34,"admin.","married","secondary",1671,160,1,"no"
51,"self-employed","married","tertiary",2007,1021,1,"no"
58,"blue-collar","married","primary",0,5,25,"no"
44,"technician","married","secondary",2776,701,1,"yes"
33,"blue-collar","married","secondary",139,732,2,"yes"
34,"management","married","tertiary",573,122,1,"no"
34,"admin.","married","secondary",475,559,1,"no"
42,"blue-collar","divorced","secondary",47,141,1,"no"
46,"management","single","tertiary",2154,87,4,"no"
31,"self-employed","single","tertiary",96,577,1,"no"
39,"entrepreneur","married","tertiary",83,193,2,"no"
34,"management","single","tertiary",6766,210,5,"no"
47,"technician","married","secondary",3973,732,2,"no"
42,"services","divorced","secondary",372,121,2,"no"
48,"blue-collar","single","secondary",-552,150,2,"no"
30,"self-employed","single","tertiary",48,140,1,"no"
38,"technician","married","secondary",7696,386,2,"no"
24,"services","married","secondary",4500,733,2,"yes"
34,"technician","married","secondary",1,108,1,"no"
46,"management","single","tertiary",46,80,1,"no"
32,"admin.","divorced","secondary",-18,155,3,"no"
46,"services","married","secondary",451,389,4,"no"
26,"self-employed","married","tertiary",479,133,3,"no"
42,"blue-collar","married","secondary",0,328,6,"no"
50,"technician","married","secondary",1130,119,2,"no"
41,"blue-collar","married","primary",389,87,6,"no"
34,"admin.","single","secondary",10,162,1,"no"
32,"services","married","secondary",401,294,2,"no"
58,"housemaid","single","tertiary",145,128,2,"no"
45,"technician","married","secondary",115,108,1,"no"
28,"admin.","single","secondary",89,172,2,"no"
35,"technician","married","secondary",94,208,5,"no"
39,"services","married","secondary",1438,212,2,"no"
49,"unemployed","divorced","tertiary",780,148,1,"no"
50,"management","married","tertiary",207,99,1,"no"
37,"management","married","tertiary",238,185,1,"yes"
45,"blue-collar","married","primary",2433,133,2,"no"
30,"housemaid","single","secondary",1924,170,1,"no"
48,"unemployed","married","tertiary",-471,668,7,"no"
36,"management","single","tertiary",1531,81,3,"no"
41,"management","single","secondary",764,230,2,"no"
55,"blue-collar","married","secondary",383,287,1,"no"
70,"retired","married","primary",3782,618,1,"no"
41,"management","married","tertiary",326,788,1,"yes"
47,"services","divorced","secondary",691,285,6,"no"
34,"technician","single","secondary",0,163,2,"no"
33,"management","single","tertiary",99,159,1,"no"
58,"retired","married","secondary",502,197,2,"no"
51,"management","married","tertiary",-15,212,2,"no"
45,"management","married","tertiary",1929,44,15,"no"
55,"admin.","married","secondary",0,180,2,"no"
30,"blue-collar","single","primary",185,11,1,"no"
33,"management","single","secondary",-424,863,1,"no"
27,"services","single","secondary",0,388,7,"no"
59,"retired","married","secondary",319,143,3,"no"
34,"management","single","tertiary",171,191,1,"no"
47,"technician","divorced","tertiary",-1148,62,2,"no"
44,"blue-collar","married","primary",-11,13,1,"no"
35,"admin.","single","secondary",0,1073,1,"yes"
45,"management","married","tertiary",-206,337,2,"no"
42,"blue-collar","married","primary",704,88,10,"no"
38,"technician","married","secondary",1931,167,1,"no"
34,"technician","single","secondary",943,96,4,"no"
35,"technician","married","secondary",327,537,3,"no"
29,"management","single","secondary",-105,5,3,"no"
58,"retired","married","secondary",983,139,1,"no"
44,"blue-collar","single","primary",787,570,2,"no"
45,"entrepreneur","married","tertiary",0,100,3,"no"
43,"blue-collar","married","secondary",3060,253,2,"no"
44,"services","married","secondary",5780,525,2,"no"
30,"technician","single","secondary",790,696,3,"no"
38,"unemployed","married","tertiary",1449,535,6,"no"
50,"technician","married","secondary",1412,131,3,"no"
21,"student","single","secondary",681,6,1,"no"
38,"entrepreneur","married","tertiary",228,105,1,"no"
42,"admin.","married","secondary",0,370,1,"no"
45,"technician","single","tertiary",2087,29,14,"no"
34,"entrepreneur","married","secondary",2,184,1,"no"
48,"technician","married","secondary",197,47,2,"no"
34,"services","married","secondary",0,193,4,"no"
32,"blue-collar","married","secondary",1905,709,2,"yes"
35,"technician","married","tertiary",118,358,2,"no"
39,"entrepreneur","married","tertiary",2644,253,1,"no"
36,"self-employed","married","tertiary",16430,197,3,"no"
35,"technician","married","secondary",13,94,2,"no"
57,"services","divorced","secondary",14,445,2,"no"
28,"technician","single","secondary",769,153,1,"no"
43,"admin.","married",NA,3485,113,1,"no"
57,"management","married","secondary",139,80,1,"no"
34,"services","divorced","secondary",202,318,1,"no"
36,"technician","married","tertiary",6,100,1,"no"
47,"management","divorced","tertiary",2515,40,3,"no"
36,"management","divorced","tertiary",5195,55,25,"no"
33,"management","married","tertiary",2098,67,1,"no"
57,"management","married","tertiary",320,76,2,"no"
57,"management","married","tertiary",3431,73,1,"no"
34,"admin.","married","secondary",50,89,2,"no"
51,"housemaid","divorced","tertiary",370,109,3,"no"
54,"blue-collar","divorced","primary",-182,98,1,"no"
52,"self-employed","single","tertiary",1623,21,17,"no"
43,"entrepreneur","married","tertiary",13342,465,1,"no"
58,"retired","single","primary",6570,106,3,"no"
53,"admin.","married","secondary",225,304,1,"no"
44,"management","married","secondary",-665,342,3,"no"
29,"management","single","tertiary",0,16,25,"no"
27,"services","single","secondary",54,543,2,"yes"
35,"blue-collar","married","primary",46,338,3,"no"
40,"self-employed","married","secondary",2,197,5,"no"
34,"blue-collar","married","secondary",103,956,2,"no"
38,"admin.","single","secondary",883,95,1,"no"
32,"services","married","secondary",55,546,9,"no"
41,"admin.","married","secondary",8238,124,4,"no"
25,"blue-collar","single","secondary",913,113,4,"no"
38,"blue-collar","divorced","secondary",595,245,3,"no"
26,"technician","single","secondary",7,188,NA,"no"
37,"technician","single","tertiary",1661,199,5,"no"
30,"management","married","tertiary",102,470,7,"yes"
36,"services","married","secondary",338,90,1,"no"
33,"management","married","secondary",3132,350,5,"no"
33,"admin.","single","tertiary",490,31,1,"no"
35,"management","married","tertiary",2682,156,1,"no"
24,"services","married","tertiary",0,299,1,"no"
29,"unemployed","married","secondary",596,510,2,"no"
54,"blue-collar","married","secondary",2059,177,4,"no"
27,"admin.","married","secondary",132,123,2,"no"
34,"management","married","secondary",0,270,1,"no"
39,"blue-collar","married","primary",385,225,4,"no"
38,"management","married","tertiary",223,63,1,"no"
37,"management","married","tertiary",0,247,13,"no"
26,"services","single","secondary",512,206,5,"no"
36,"entrepreneur","married","tertiary",1169,168,2,"no"
35,"management","single","tertiary",71,836,12,"no"
30,"management","single","tertiary",940,131,2,"no"
25,"technician","single","secondary",-80,89,1,"no"
34,"technician","married","secondary",0,116,4,"no"
52,"unknown","married",NA,1317,58,1,"no"
39,"admin.","married","secondary",179,36,1,"no"
34,"management","married","secondary",1007,240,2,"no"
34,"management","single","secondary",0,132,4,"no"
30,"services","married","secondary",1286,544,1,"no"
33,"services","married","secondary",804,266,1,"no"
30,"student","single","secondary",4,443,2,"no"
51,"blue-collar","married","primary",0,324,1,"no"
36,"services","single","secondary",417,15,10,"no"
48,"blue-collar","married","primary",1678,263,2,"no"
37,"services","divorced","secondary",532,199,1,"no"
58,"management","married","secondary",407,145,2,"no"
56,"management","divorced","tertiary",659,56,1,"no"
34,"blue-collar","married","secondary",393,11,9,"no"
33,"admin.","divorced","secondary",661,411,1,"no"
26,"services","single","secondary",0,165,23,"no"
40,"management","single",NA,838,619,3,"no"
35,"services","married","secondary",195,203,1,"no"
45,"entrepreneur","married","secondary",68,254,1,"no"
37,"technician","single","secondary",-242,1149,6,"yes"
35,"management","divorced","tertiary",321,189,1,"no"
43,"services","single","secondary",3403,707,2,"yes"
28,"blue-collar","married","secondary",8,196,1,"no"
32,"blue-collar","divorced","secondary",739,171,1,"no"
26,"unemployed","single","secondary",622,1451,2,"yes"
35,"services","married","secondary",152,563,1,"yes"
35,"technician","single","secondary",2,239,4,"no"
39,"blue-collar","married","secondary",1439,73,6,"no"
42,"blue-collar","divorced","secondary",1491,203,2,"no"
32,"technician","single","secondary",6402,158,1,"no"
30,"unemployed","married","secondary",1210,100,4,"no"
26,"management","single","tertiary",122,160,1,"no"
30,"student","single","secondary",0,661,1,"no"
32,"management","married","tertiary",62,166,1,"no"
47,"services","married","secondary",3333,114,2,"no"
33,"technician","married","tertiary",16992,58,1,"no"
57,"blue-collar","married","primary",23,25,8,"no"
35,"admin.","married","secondary",0,121,2,"no"
53,"technician","married","tertiary",6072,226,4,"no"
24,"retired","single","secondary",366,234,2,"no"
54,"management","divorced","tertiary",0,88,1,"no"
31,"management","married","tertiary",1343,85,1,"no"
41,"entrepreneur","married","secondary",2105,134,1,"no"
44,"unknown","married","secondary",2319,251,3,"no"
35,"services","single","secondary",35,152,1,"no"
30,"management","married","tertiary",877,202,1,"no"
43,"blue-collar","single","primary",30,379,17,"no"
51,"entrepreneur","married","secondary",-2082,123,6,"no"
60,"retired","married","secondary",89,156,2,"no"
43,"self-employed","married","secondary",104,332,1,"no"
31,"management","married","tertiary",1750,90,3,"no"
56,"management","married","primary",772,291,1,"no"
42,"technician","married","secondary",1048,23,2,"no"
52,"entrepreneur","married","primary",592,122,2,"no"
40,"technician","married","secondary",0,105,2,"no"
36,"services","married","secondary",3064,NA,4,"no"
40,"services","married","primary",33,70,3,"no"
46,"blue-collar","married","secondary",0,264,2,"no"
32,"admin.","single","secondary",1649,204,2,"no"
31,"housemaid","single","tertiary",287,182,1,"no"
41,"technician","divorced","secondary",0,386,2,"no"
58,"housemaid","married","primary",419,295,3,"no"
36,"services","married","secondary",257,86,2,"no"
52,"technician","married","secondary",118,16,20,"no"
42,"management","married","tertiary",251,413,2,"no"
32,"management","single","tertiary",1731,323,3,"no"
62,"management","married","tertiary",0,78,3,"no"
31,"technician","single","tertiary",23,121,3,"no"
41,"blue-collar","single","secondary",-386,477,1,"yes"
34,"self-employed","married","tertiary",5498,265,1,"no"
44,"management","single","tertiary",5063,418,2,"yes"
42,"blue-collar","married","primary",7041,386,4,"no"
37,"entrepreneur","single","secondary",654,594,2,"no"
47,"management","married","tertiary",1890,161,1,"no"
32,"unemployed","married","secondary",2400,450,3,"no"
46,"blue-collar","married","secondary",519,217,6,"no"
39,"technician","single","tertiary",1190,136,1,"no"
28,"services","single","secondary",229,322,1,"no"
26,"student","single","secondary",203,104,1,"no"
52,"technician","married","secondary",1818,189,2,"no"
42,"unemployed","married","secondary",1289,250,4,"yes"
33,"technician","divorced","tertiary",39,123,5,"no"
73,"retired","married","primary",796,427,1,"yes"
35,"admin.","single","secondary",57,632,2,"no"
40,"management","married","tertiary",1548,101,3,"no"
51,"technician","married","secondary",117,467,2,"yes"
37,"admin.","single","secondary",0,640,2,"no"
39,"management","married","tertiary",691,517,1,"no"
28,"blue-collar","married","secondary",64,160,3,"no"
49,"technician","divorced","tertiary",0,177,3,"no"
36,"admin.","married","secondary",957,206,1,"no"
45,"technician","married","secondary",118,208,2,"no"
29,"technician","single","tertiary",218,169,1,"no"
35,"management","married","secondary",724,287,2,"yes"
35,"housemaid","married","tertiary",20,505,3,"no"
30,"blue-collar","married","secondary",-28,284,2,"no"
46,"blue-collar","married","primary",665,89,4,"no"
25,"student","single","tertiary",5,138,1,"no"
36,"management","married","tertiary",925,321,3,"yes"
42,"blue-collar","married","primary",2519,262,4,"no"
57,"admin.","married","secondary",3927,61,1,"no"
42,"management","divorced","tertiary",401,217,9,"no"
29,"management","married","tertiary",581,192,2,"no"
36,"technician","married","tertiary",1327,174,2,"no"
31,"unemployed","married","secondary",3242,292,2,"no"
59,"technician","married","primary",3163,240,2,"no"
50,"unemployed","divorced","secondary",32,282,2,"no"
47,"admin.","married","secondary",310,128,6,"no"
46,"housemaid","married","primary",0,161,1,"no"
26,"blue-collar","single","primary",155,291,1,"no"
31,"services","single","secondary",11386,356,1,"no"
30,"services","married","tertiary",1380,294,2,"no"
47,"blue-collar","single",NA,2443,422,1,"no"
23,"technician","single","tertiary",1129,806,1,"yes"
44,"unemployed","single","primary",4232,227,1,"no"
42,"self-employed","married","secondary",5564,560,2,"no"
32,"services","single","secondary",-402,135,1,"no"
28,"admin.","single","secondary",1323,361,1,"no"
57,"retired","married","primary",1623,246,1,"no"
38,"technician","married","tertiary",1042,419,2,"no"
22,"student","single","secondary",2488,449,2,"yes"
54,"admin.","married","secondary",865,71,1,"no"
32,"technician","married","tertiary",-1053,357,3,"no"
32,"management","married","tertiary",1667,164,2,"no"
59,"admin.","divorced","secondary",975,263,4,"no"
45,"technician","married","secondary",2571,146,2,"no"
53,"unknown","married","primary",732,759,2,"yes"
50,"admin.","divorced","secondary",769,72,2,"no"
34,"technician","married","secondary",-136,131,2,"no"
35,"admin.","divorced","secondary",3636,808,2,"yes"
30,"management","married","tertiary",931,1183,1,"no"
62,"housemaid","married","secondary",565,123,3,"no"
40,"blue-collar","married","secondary",271,483,2,"no"
26,"self-employed","single","tertiary",1153,238,3,"no"
34,"management","married","tertiary",-73,90,1,"no"
50,"unknown","married",NA,558,464,1,"yes"
31,"unknown","divorced","tertiary",137,385,9,"no"
35,"technician","married","secondary",700,240,2,"no"
55,"retired","married","primary",-966,104,1,"no"
34,"admin.","married","secondary",96,109,2,"no"
58,"retired","married","primary",4007,598,4,"no"
50,"management","single","tertiary",567,274,8,"no"
31,"technician","single","secondary",40,123,2,"no"
47,"admin.","divorced","secondary",136,70,1,"no"
38,"self-employed","single","tertiary",917,260,1,"no"
46,"management","single","tertiary",593,190,3,"no"
42,"blue-collar","married","primary",505,521,2,"no"
34,"blue-collar","married","secondary",2542,228,1,"no"
37,"management","married","tertiary",5355,466,4,"yes"
38,"student","single","tertiary",807,74,2,"no"
59,"retired","married","secondary",9976,57,2,"no"
32,"admin.","married","secondary",0,119,3,"no"
55,"management","married","tertiary",540,124,2,"no"
35,"blue-collar","married","secondary",280,65,50,"no"
56,"management","divorced","tertiary",-59,127,6,"no"
27,"admin.","married","secondary",-517,172,3,"no"
42,"unemployed","single","secondary",2613,174,6,"no"
42,"student","married",NA,-7,41,6,"no"
41,"blue-collar","married","primary",0,232,3,"no"
53,"retired","divorced","secondary",-200,161,1,"no"
67,"retired","married","primary",2301,124,1,"no"
53,"housemaid","married","primary",104,701,1,"yes"
33,"blue-collar","married","primary",191,162,2,"no"
31,"technician","single",NA,694,431,2,"no"
31,"admin.","married","secondary",212,191,3,"no"
30,"management","married","tertiary",1882,249,5,"no"
48,"blue-collar","married",NA,131,189,1,"no"
30,"technician","single","secondary",175,167,4,"no"
43,"technician","single","tertiary",0,73,4,"no"
38,"management","divorced","tertiary",4425,162,1,"no"
46,"unemployed","married","secondary",3533,235,2,"no"
59,"blue-collar","divorced","secondary",3573,44,1,"no"
44,"management","divorced","tertiary",476,127,2,"no"
35,"blue-collar","married","secondary",1257,93,3,"no"
55,"blue-collar","married",NA,23,143,1,"no"
39,"management","single","tertiary",0,81,2,"no"
36,"services","single","secondary",398,77,2,"no"
33,"blue-collar","married","secondary",745,115,4,"no"
48,"management","single","tertiary",8106,125,1,"no"
33,"management","single","tertiary",0,53,4,"no"
67,"retired","married",NA,696,77,2,"no"
48,"unemployed","divorced","secondary",1266,45,1,"no"
57,"management","married","tertiary",2416,74,2,"no"
31,"housemaid","married","primary",25,169,5,"no"
30,"student","single","tertiary",7513,269,2,"no"
56,"entrepreneur","divorced","primary",29,52,2,"no"
26,"blue-collar","married","primary",5116,246,3,"no"
44,"management","married","secondary",-1746,218,1,"no"
44,"technician","divorced","secondary",14,167,1,"yes"
31,"management","married","tertiary",4148,316,3,"yes"
47,"self-employed","married",NA,14,142,1,"no"
30,"admin.","single","secondary",105,75,1,"no"
37,"management","married","tertiary",767,204,1,"no"
56,"admin.","divorced","primary",0,542,1,"no"
43,"management","single","secondary",-228,122,2,"no"
42,"services","married","secondary",508,70,1,"no"
60,"management","married","secondary",725,266,1,"no"
34,"blue-collar","married",NA,41,34,9,"no"
34,"management","single","tertiary",184,203,4,"no"
41,"management","married","tertiary",251,85,3,"no"
38,"management","divorced","secondary",-17,11,4,"no"
23,"services","married","secondary",-19,13,10,"no"
33,"management","married","tertiary",1064,562,1,"yes"
36,"blue-collar","married","secondary",777,185,3,"no"
49,"unemployed","married","tertiary",377,158,1,"no"
34,"admin.","divorced","secondary",479,515,1,"yes"
40,"technician","divorced","secondary",-375,60,5,"no"
72,"retired","married","primary",796,173,2,"no"
43,"technician","married","secondary",17,353,4,"no"
44,"blue-collar","married","secondary",1071,143,3,"no"
35,"admin.","married","secondary",0,18,5,"no"
46,"admin.","divorced","secondary",7378,466,1,"no"
55,"admin.","married","secondary",865,85,1,"no"
50,"technician","divorced","secondary",-701,148,1,"no"
23,"blue-collar","single",NA,817,123,1,"no"
34,"student","married",NA,1387,121,1,"no"
40,"blue-collar","married","secondary",0,245,3,"no"
61,"retired","married","secondary",2917,215,1,"yes"
53,"technician","married","secondary",4541,190,6,"no"
57,"technician","married","secondary",0,44,1,"no"
28,"blue-collar","married","secondary",4287,171,1,"no"
25,"admin.","married","secondary",242,62,12,"no"
38,"blue-collar","married","secondary",171,172,1,"no"
27,"services","single","secondary",259,78,10,"no"
45,"blue-collar","married","secondary",827,319,5,"no"
31,"services","single","secondary",469,111,1,"no"
39,"blue-collar","married","primary",2226,158,1,"no"
42,"technician","married","secondary",0,82,12,"no"
46,"management","married","tertiary",477,128,6,"no"
36,"services","married","secondary",42,102,4,"no"
30,"management","single","tertiary",775,124,2,"no"
32,"blue-collar","married","secondary",9,334,2,"no"
52,"technician","married","tertiary",2557,134,5,"yes"
31,"management","married","tertiary",2395,218,1,"no"
60,"management","married","primary",4895,313,1,"no"
35,"blue-collar","single","secondary",376,207,3,"no"
38,"management","married","tertiary",389,262,1,"no"
46,"management","divorced","tertiary",134,134,2,"no"
45,"entrepreneur","divorced","tertiary",1273,197,3,"no"
59,"services","married","secondary",0,214,3,"no"
34,"management","married","tertiary",2892,1165,7,"no"
33,"technician","divorced","secondary",0,177,2,"no"
46,"management","single","secondary",295,141,6,"no"
48,"admin.","married","secondary",292,164,6,"no"
31,"services","single","secondary",85,151,1,"no"
32,"technician","married","secondary",4,145,2,"no"
35,"blue-collar","divorced","primary",-587,111,1,"no"
36,"blue-collar","single","primary",367,217,1,"no"
52,"management","married","tertiary",-1224,253,4,"no"
45,"management","divorced","tertiary",959,74,1,"no"
34,"management","married","tertiary",0,263,2,"no"
25,"blue-collar","married","primary",-589,233,1,"no"
26,"management","single","tertiary",-8,402,2,"no"
57,"management","married",NA,0,585,1,"no"
48,"management","married","primary",247,145,1,"no"
48,"technician","married",NA,5543,143,5,"no"
32,"blue-collar","married","primary",642,524,1,"no"
58,"retired","married","secondary",11,270,1,"no"
57,"management","married","primary",-226,272,1,"no"
31,"entrepreneur","married","tertiary",5191,187,2,"no"
33,"blue-collar","single","secondary",-320,268,2,"no"
53,"entrepreneur","married","tertiary",2289,183,1,"no"
36,"admin.","married","secondary",725,123,3,"no"
32,"technician","single","tertiary",705,20,4,"no"
45,"blue-collar","married","secondary",776,232,4,"no"
35,"unemployed","married","tertiary",816,547,7,"no"
41,"services","married","secondary",171,71,9,"no"
54,"services","married","secondary",812,113,6,"no"
49,"services","married","secondary",823,780,4,"yes"
28,"technician","single","secondary",1453,246,1,"no"
24,"blue-collar","single",NA,431,108,12,"no"
30,"admin.","single","secondary",1009,253,1,"no"
32,"self-employed","married","primary",286,175,1,"no"
53,"entrepreneur","married","tertiary",22370,106,1,"no"
42,"blue-collar","married","primary",2111,86,2,"no"
48,"blue-collar","married","primary",5366,248,3,"no"
33,"technician","married","secondary",181,265,2,"no"
31,"blue-collar","divorced","secondary",-452,182,5,"no"
56,"unemployed","divorced","primary",1770,916,3,"no"
58,"retired","married","primary",0,506,1,"no"
37,"admin.","single","secondary",-296,81,1,"no"
59,"management","married","primary",2358,30,1,"no"
50,"management","single","tertiary",1200,904,3,"yes"
39,"housemaid","single","primary",109,699,3,"no"
30,"technician","married","secondary",616,19,1,"no"
47,"services","divorced","secondary",4906,389,1,"no"
44,"self-employed","married","secondary",313,211,4,"no"
38,"blue-collar","married","primary",290,283,1,"no"
50,"management","married","tertiary",1240,474,2,"no"
27,"admin.","single","tertiary",3672,157,2,"no"
73,"retired","married","secondary",19,509,2,"no"
46,"blue-collar","married","primary",143,279,1,"no"
56,"retired","divorced","secondary",212,27,1,"no"
36,"management","married","tertiary",9,386,4,"yes"
33,"blue-collar","married","primary",3074,679,1,"no"
40,"management","married","tertiary",1734,169,1,"no"
52,"management","married","tertiary",575,315,1,"no"
51,"blue-collar","married","secondary",397,293,2,"no"
33,"blue-collar","married","secondary",640,439,3,"no"
54,"services","married","secondary",158,198,1,"no"
44,"management","married","secondary",2984,770,2,"no"
50,"entrepreneur","married","secondary",1011,340,2,"no"
45,"blue-collar","single","secondary",0,1472,1,"yes"
36,"management","married","tertiary",1133,293,1,"yes"
42,"technician","married","secondary",4945,311,2,"yes"
37,"technician","married","secondary",712,291,2,"no"
28,"services","single","secondary",-427,965,2,"no"
56,"admin.","married","secondary",2146,594,1,"no"
59,"admin.","married","secondary",92,139,2,"no"
32,"unemployed","married","secondary",10,501,4,"no"
57,"retired","married","primary",1238,274,1,"no"
49,"admin.","single","secondary",981,10,3,"no"
56,"entrepreneur","married",NA,575,18,2,"no"
48,"admin.","divorced",NA,-70,243,1,"no"
27,"student","single","tertiary",3733,198,1,"yes"
31,"management","single","tertiary",574,410,2,"no"
28,"blue-collar","single","secondary",43,190,1,"no"
36,"management","married","tertiary",428,121,1,"no"
58,"housemaid","married","primary",0,148,1,"no"
46,"admin.","married","secondary",0,239,2,"no"
32,"management","single","tertiary",474,90,3,"no"
39,"services","married","secondary",-540,29,1,"no"
35,"self-employed","married","tertiary",560,58,1,"no"
31,"management","married","tertiary",325,1139,2,"yes"
29,"management","single","tertiary",437,504,1,"yes"
48,"blue-collar","married","primary",574,348,1,"no"
60,"retired","married","primary",0,130,3,"no"
74,"retired","married","secondary",935,100,1,"no"
30,"services","married","secondary",699,544,1,"no"
52,"admin.","single","primary",0,182,11,"no"
24,"blue-collar","married","secondary",-220,90,1,"no"
29,"services","married","secondary",11417,272,2,"no"
33,"housemaid","married","primary",212,260,2,"no"
34,"blue-collar","married","secondary",67,672,3,"no"
45,"admin.","divorced","secondary",0,264,1,"yes"
31,"blue-collar","married","secondary",0,275,2,"no"
45,"technician","married","secondary",1673,76,1,"no"
27,"services","married","secondary",-1202,749,2,"no"
30,"management","single","tertiary",4213,142,4,"no"
45,"blue-collar","married","primary",0,454,2,"no"
57,"blue-collar","married","secondary",1521,102,2,"no"
34,"management","married","tertiary",1310,521,3,"no"
40,"admin.","married","secondary",0,57,1,"no"
39,"management","married","tertiary",399,504,1,"no"
46,"technician","married","tertiary",405,138,3,"no"
55,"management","divorced","tertiary",9756,103,2,"yes"
25,"management","single","tertiary",2506,485,1,"yes"
34,"management","married","tertiary",697,166,1,"no"
37,"blue-collar","married","primary",403,318,2,"no"
64,"retired","divorced","tertiary",890,531,3,"no"
45,"technician","divorced","secondary",809,155,2,"no"
57,"housemaid","married","secondary",158,73,1,"no"
21,"student","single",NA,137,198,3,"no"
58,"housemaid","married","secondary",2705,137,1,"no"
41,"blue-collar","single","secondary",75,479,9,"yes"
41,"management","married",NA,2457,285,1,"no"
58,"management","married","tertiary",541,98,1,"no"
33,"management","married","tertiary",287,199,2,"no"
32,"management","married","tertiary",273,97,3,"no"
44,"services","divorced","secondary",0,389,5,"no"
47,"unknown","married",NA,677,384,1,"no"
41,"self-employed","married","primary",340,37,3,"no"
54,"technician","married","tertiary",98,420,4,"no"
47,"technician","divorced","tertiary",477,973,1,"no"
32,"management","single","tertiary",2629,77,4,"no"
59,"housemaid","married","tertiary",0,376,2,"no"
29,"technician","single","tertiary",2325,125,1,"yes"
48,"services","married","secondary",-20,142,2,"no"
32,"technician","single","secondary",230,442,1,"yes"
46,"management","divorced","secondary",-852,728,2,"no"
31,"blue-collar","single","primary",-280,281,3,"no"
53,"blue-collar","married","secondary",25,528,2,"yes"
34,"technician","single","tertiary",9851,128,5,"no"
48,"services","single",NA,5095,71,1,"no"
32,"technician","married","secondary",687,161,4,"no"
31,"management","married","secondary",1368,129,4,"no"
27,"blue-collar","single","primary",-179,54,2,"no"
60,"admin.","married","secondary",-396,443,1,"no"
34,"blue-collar","single","tertiary",1011,136,1,"no"
52,"self-employed","married","secondary",9,44,1,"no"
48,"blue-collar","married","secondary",1159,1181,9,"no"
45,"technician","married","primary",-322,225,2,"no"
54,"technician","divorced","secondary",1114,81,1,"no"
52,"services","married","secondary",2072,224,1,"no"
47,"entrepreneur","married","tertiary",459,189,4,"no"
54,"unknown","married","secondary",1157,98,2,"no"
34,"blue-collar","married","secondary",8309,50,1,"no"
39,"technician","single","tertiary",1043,195,10,"no"
46,"technician","married","secondary",2098,110,2,"no"
26,"unemployed","single","secondary",461,214,1,"no"
37,"technician","single","secondary",61,182,8,"no"
47,"blue-collar","married","secondary",1203,239,2,"no"
35,"technician","married","secondary",1067,179,6,"no"
57,"unemployed","married","primary",0,540,1,"no"
34,"management","married","tertiary",1657,566,2,"no"
47,"technician","married","secondary",1219,697,4,"yes"
27,"technician","married","secondary",7,98,2,"no"
40,"blue-collar","married","secondary",-839,1018,2,"yes"
39,"technician","married","secondary",994,221,1,"no"
36,"entrepreneur","married","tertiary",6,246,1,"no"
42,"technician","single","secondary",0,656,2,"no"
23,"blue-collar","single","primary",8627,281,1,"no"
34,"management","married","tertiary",133,65,1,"no"
34,"blue-collar","married","secondary",247,193,5,"no"
49,"services","married","secondary",1114,283,1,"no"
57,"blue-collar","married","primary",1592,78,4,"no"
59,"retired","married",NA,0,425,6,"no"
57,"admin.","married","tertiary",46,238,2,"no"
34,"blue-collar","married","secondary",1221,182,1,"no"
61,"management","married","secondary",985,998,6,"yes"
35,"blue-collar","divorced","secondary",0,477,1,"no"
42,"management","married","tertiary",520,158,1,"no"
57,"services","married","tertiary",10,320,3,"no"
42,"blue-collar","married","secondary",2157,149,1,"no"
53,"retired","married","secondary",6095,410,5,"no"
63,"retired","married","tertiary",133,104,2,"no"
47,"self-employed","married","secondary",1121,454,6,"no"
54,"services","married","secondary",88,190,1,"no"
45,"admin.","married","secondary",0,145,10,"no"
28,"management","single","tertiary",-328,318,2,"no"
58,"unemployed","married","secondary",610,246,2,"no"
48,"management","single","tertiary",414,761,2,"no"
35,"management","divorced","tertiary",0,171,1,"yes"
37,"self-employed","married","tertiary",0,143,1,"no"
37,"blue-collar","married","secondary",685,968,1,"no"
37,"management","married","primary",22856,154,1,"no"
25,"services","single","secondary",-352,246,1,"no"
58,"blue-collar","married","secondary",602,201,1,"no"
52,"management","married","secondary",-588,81,4,"no"
19,"student","single","secondary",302,205,1,"yes"
59,"blue-collar","married","secondary",5314,200,3,"no"
41,"technician","married","secondary",64,210,2,"no"
34,"technician","single","tertiary",632,215,10,"no"
35,"technician","single","secondary",5731,164,2,"no"
41,"technician","married","secondary",902,35,6,"no"
28,"blue-collar","single","secondary",6307,615,1,"no"
53,"management","divorced","secondary",112,246,3,"no"
35,"services","married","secondary",0,42,1,"no"
33,"admin.","single","tertiary",621,217,1,"no"
37,"technician","single","secondary",435,210,1,"no"
32,"technician","married","secondary",782,116,4,"no"
32,"blue-collar","married","secondary",478,200,1,"no"
54,"services","married",NA,7864,145,4,"no"
44,"blue-collar","married","secondary",1910,41,1,"no"
36,"technician","divorced","tertiary",1174,192,2,"no"
56,"admin.","married","secondary",1270,80,2,"no"
30,"management","single","tertiary",18,121,11,"no"
36,"blue-collar","married","secondary",141,106,3,"no"
43,"management","married","tertiary",2886,230,1,"no"
40,"technician","married","secondary",2715,125,2,"no"
32,"technician","single","tertiary",1100,67,1,"no"
34,"blue-collar","married","secondary",516,26,1,"no"
37,"services","married","secondary",1,395,2,"no"
28,"admin.","single","secondary",775,603,2,"no"
35,"unknown","married","primary",634,185,2,"no"
53,"blue-collar","single","secondary",5715,287,2,"no"
60,"admin.","married",NA,1088,149,1,"no"
40,"entrepreneur","married","secondary",1532,173,7,"no"
57,"retired","married","primary",75,118,2,"no"
29,"technician","single","secondary",103,314,1,"no"
44,"blue-collar","married","primary",134,378,1,"no"
41,"admin.","single","secondary",748,94,7,"no"
47,"technician","married","secondary",1990,108,4,"no"
43,"technician","married","tertiary",192,203,2,"no"
37,"technician","single","secondary",267,121,1,"no"
34,"technician","single","tertiary",586,489,2,"no"
30,"blue-collar","single","secondary",648,287,1,"no"
57,"entrepreneur","divorced","secondary",25,652,1,"no"
26,"admin.","single","secondary",96,612,2,"no"
34,"management","married","tertiary",1116,53,5,"no"
46,"technician","divorced","secondary",-90,270,1,"yes"
38,"entrepreneur","married","tertiary",170,442,1,"yes"
37,"technician","single","secondary",3665,664,3,"yes"
28,"management","single","tertiary",2380,394,2,"no"
57,"blue-collar","married","primary",179,230,3,"no"
39,"management","married","tertiary",763,877,7,"yes"
49,"services","married","secondary",320,1971,4,"yes"
38,"technician","married","secondary",1960,161,2,"no"
27,"blue-collar","married","secondary",818,188,5,"no"
30,"admin.","married","secondary",2678,23,5,"no"
38,"admin.","married","tertiary",1980,176,2,"no"
36,"management","married","tertiary",1582,26,2,"no"
38,"retired","single",NA,62,212,1,"no"
59,"housemaid","married","primary",235,119,2,"no"
37,"management","married","tertiary",489,205,5,"no"
29,"self-employed","married","tertiary",3931,73,4,"no"
43,"blue-collar","married","secondary",699,1258,2,"yes"
33,"technician","married","secondary",58,57,2,"no"
54,"housemaid","divorced","secondary",1327,115,2,"no"
55,"services","married","secondary",557,58,1,"no"
32,"technician","single","tertiary",741,238,1,"no"
48,"management","married","primary",3230,207,3,"no"
33,"management","single","tertiary",1439,178,2,"no"
46,"admin.","married","secondary",120,20,11,"no"
44,"management","married","tertiary",1058,188,3,"yes"
47,"blue-collar","married","primary",881,143,1,"no"
38,"technician","married","secondary",6728,232,1,"yes"
80,"retired","married","secondary",462,127,2,"no"
40,"self-employed","married","secondary",167,380,4,"no"
43,"entrepreneur","married","tertiary",1574,167,3,"no"
32,"technician","single","tertiary",1625,796,1,"yes"
39,"management","married","tertiary",562,303,2,"no"
33,"technician","married","secondary",9305,407,2,"no"
31,"technician","single","secondary",35,229,1,"no"
36,"management","single","tertiary",0,108,2,"no"
35,"management","single","tertiary",2486,265,1,"no"
25,"services","single","secondary",368,168,1,"no"
33,"management","single","secondary",1558,97,1,"no"
23,"blue-collar","single","primary",8627,169,1,"no"
31,"management","single","tertiary",2590,103,2,"no"
36,"management","married","tertiary",0,599,3,"no"
44,"technician","single","tertiary",900,322,2,"no"
31,"management","single","tertiary",385,304,1,"no"
55,"blue-collar","married","primary",1649,52,3,"no"
51,"housemaid","divorced","secondary",9228,655,4,"yes"
36,"admin.","married","secondary",0,101,2,"no"
27,"unemployed","single","tertiary",1,65,2,"no"
40,"services","married","secondary",771,173,4,"no"
49,"services","married","secondary",280,162,3,"no"
59,"retired","married","primary",46,78,2,"no"
32,"management","married","tertiary",2431,646,5,"yes"
42,"retired","single","tertiary",308,114,2,"no"
35,"management","divorced","tertiary",160,141,6,"no"
29,"blue-collar","single","secondary",555,133,4,"no"
29,"technician","single","secondary",778,1994,2,"no"
37,"blue-collar","single","secondary",48,140,2,"no"
49,"admin.","married","primary",169,82,3,"no"
51,"services","divorced","secondary",12,150,1,"no"
61,"housemaid","married","primary",848,605,1,"no"
43,"management","married","secondary",481,164,1,"no"
42,"services","married","tertiary",12223,36,1,"no"
24,"blue-collar","married","secondary",-254,290,2,"no"
46,"self-employed","married","tertiary",1148,104,2,"no"
23,"admin.","single","secondary",5,413,1,"no"
26,"services","single","secondary",50,153,1,"no"
43,"blue-collar","divorced","primary",92,237,2,"no"
35,"technician","single","tertiary",470,743,13,"yes"
38,"technician","married","secondary",0,82,4,"no"
56,"unemployed","divorced","primary",109,924,4,"no"
31,"services","married","secondary",440,117,3,"no"
32,"management","single","tertiary",0,550,4,"yes"
28,"services","single","secondary",2685,5,1,"no"
26,"admin.","divorced","secondary",-3,181,5,"no"
49,"management","married","tertiary",7007,325,2,"no"
33,"admin.","married","secondary",220,345,1,"no"
80,"retired","married","primary",1548,331,2,"no"
40,"blue-collar","married","secondary",326,112,1,"no"
42,"technician","divorced","secondary",0,115,6,"no"
46,"blue-collar","married","secondary",123,381,3,"no"
32,"management","single","tertiary",697,119,1,"no"
37,"services","single","tertiary",223,25,1,"no"
32,"student","married","secondary",1694,929,1,"no"
53,"management","married","tertiary",4446,429,1,"no"
39,"management","married","tertiary",894,491,1,"no"
31,"technician","divorced","secondary",202,146,1,"no"
34,"management","single","tertiary",0,191,2,"no"
44,"technician","married","tertiary",1707,406,3,"no"
35,"technician","married","secondary",13658,220,2,"no"
39,"admin.","married","secondary",406,253,5,"no"
55,"services","married","secondary",96,340,2,"no"
34,"housemaid","married","secondary",0,154,1,"yes"
39,"technician","married","tertiary",-276,121,4,"no"
58,"retired","married","secondary",413,104,5,"no"
37,"blue-collar","married","primary",655,127,2,"no"
56,"retired","divorced","primary",694,144,1,"yes"
32,"admin.","single","secondary",10218,149,2,"no"
41,"technician","single","tertiary",1646,261,1,"yes"
29,"admin.","single","tertiary",14,87,1,"no"
44,"management","married","tertiary",7635,719,5,"no"
24,"blue-collar","married","secondary",9,292,7,"no"
43,"management","single","secondary",1029,145,1,"no"
26,"admin.","married","tertiary",2855,52,3,"no"
39,"admin.","married","secondary",260,146,1,"no"
49,"blue-collar","married","secondary",2039,451,1,"yes"
52,"blue-collar","divorced","primary",-97,167,4,"no"
33,"blue-collar","married","tertiary",1465,98,4,"no"
30,"blue-collar","married","secondary",125,238,2,"no"
32,"technician","single","tertiary",930,85,7,"no"
27,"management","single","tertiary",0,323,4,"no"
58,"blue-collar","married","primary",73,116,1,"no"
46,"retired","married","primary",-35,304,3,"no"
28,"management","single","tertiary",1351,267,1,"no"
39,"services","married","primary",1601,201,2,"no"
41,"services","married",NA,88,105,1,"no"
38,"services","married","secondary",435,193,2,"no"
50,"unemployed","divorced","secondary",717,113,1,"no"
56,"services","married","secondary",705,151,2,"no"
34,"technician","married","secondary",1553,200,2,"no"
33,"blue-collar","divorced","secondary",-131,145,1,"no"
61,"technician","married","secondary",1191,214,4,"yes"
36,"admin.","single","secondary",47,36,6,"no"
34,"technician","married","tertiary",544,58,2,"no"
36,"blue-collar","married","secondary",688,174,2,"no"
45,"management","married","tertiary",242,587,1,"yes"
27,"student","single","tertiary",118,112,1,"no"
45,"admin.","married","secondary",-388,175,2,"no"
40,"self-employed","married","tertiary",1603,279,1,"no"
36,"management","single","secondary",1511,270,1,"yes"
46,"blue-collar","married","primary",147,116,2,"no"
37,"entrepreneur","married","tertiary",836,129,2,"no"
36,"technician","married","secondary",55,38,2,"no"
37,"admin.","married","secondary",1123,138,1,"no"
22,"student","single","tertiary",691,338,1,"yes"
51,"services","married","secondary",0,565,3,"no"
49,"technician","married","secondary",12531,77,8,"no"
35,"management","married","tertiary",552,314,2,"no"
50,"housemaid","married","primary",0,179,2,"no"
31,"services","married","tertiary",309,294,1,"no"
47,"services","single","secondary",33,298,1,"no"
59,"blue-collar","married","secondary",681,427,2,"no"
32,"blue-collar","married","secondary",1787,87,4,"no"
71,"retired","married","tertiary",14220,397,1,"yes"
31,"management","single","tertiary",12569,344,1,"yes"
41,"blue-collar","married","primary",4,74,5,"no"
35,"blue-collar","married","primary",3587,148,4,"no"
36,"management","married","tertiary",254,161,3,"no"
46,"blue-collar","divorced","primary",1712,110,1,"no"
46,"blue-collar","married","secondary",4855,1529,1,"no"
47,"technician","married","tertiary",2408,236,1,"no"
35,"management","single","tertiary",252,89,2,"no"
37,"blue-collar","married","secondary",346,390,1,"no"
56,"admin.","married","secondary",45,1467,1,"yes"
46,"admin.","married","secondary",556,646,3,"yes"
44,"management","divorced","tertiary",-710,183,1,"no"
48,"technician","single","tertiary",-551,168,2,"no"
28,"blue-collar","single","secondary",56,66,1,"no"
38,"entrepreneur","married","tertiary",1514,160,3,"no"
34,"management","single","tertiary",178,14,2,"no"
56,"technician","married","secondary",359,220,4,"no"
55,"retired","divorced","secondary",1580,1007,1,"yes"
44,"blue-collar","divorced","secondary",221,149,13,"no"
38,"technician","married","tertiary",1161,665,1,"no"
53,"retired","married","secondary",1278,174,3,"no"
41,"admin.","single","tertiary",982,105,1,"no"
34,"technician","single","secondary",16,990,1,"yes"
34,"management","single","tertiary",1,582,1,"no"
35,"services","married","secondary",128,136,1,"no"
38,"entrepreneur","single","secondary",2543,223,1,"yes"
42,"entrepreneur","married","tertiary",42045,205,2,"no"
56,"blue-collar","married","primary",828,214,1,"no"
37,"management","divorced","tertiary",0,217,6,"no"
47,"housemaid","married","secondary",3940,171,2,"no"
29,"blue-collar","married","secondary",125,50,1,"no"
41,"management","married","tertiary",140,65,3,"no"
43,"technician","single","secondary",593,55,1,"no"
38,"self-employed","married","secondary",746,256,3,"no"
31,"technician","married","secondary",589,151,1,"no"
32,"management","single","tertiary",2343,226,1,"no"
40,"management","married","tertiary",294,97,5,"no"
45,"admin.","married","secondary",644,92,1,"no"
43,"management","married","secondary",-26,343,1,"no"
27,"services","single","secondary",3354,493,5,"no"
33,"management","single","tertiary",23,216,3,"no"
37,"admin.","married","secondary",7,224,7,"no"
60,"admin.","married","secondary",3735,190,1,"yes"
51,"self-employed","married",NA,2094,458,6,"yes"
44,"blue-collar","married","secondary",508,222,1,"no"
48,"management","married",NA,0,612,1,"no"
57,"blue-collar","married","primary",93,137,1,"no"
29,"technician","single","tertiary",0,104,2,"no"
50,"services","married","secondary",26394,206,4,"no"
36,"services","married","secondary",-11,172,28,"no"
49,"technician","married","tertiary",523,152,2,"yes"
49,"technician","married","secondary",-74,114,1,"no"
35,"management","married","tertiary",0,89,1,"no"
39,"technician","single","secondary",122,158,1,"no"
34,"blue-collar","married","primary",351,326,11,"no"
57,"self-employed","married","secondary",35,215,3,"no"
37,"technician","divorced","secondary",2610,53,1,"no"
25,"services","single","secondary",64,71,11,"no"
43,"blue-collar","married","primary",60,487,2,"no"
37,"blue-collar","married","secondary",342,340,2,"no"
36,"blue-collar","single","tertiary",1830,183,1,"no"
49,"management","divorced","tertiary",1904,131,2,"no"
38,"management","single","tertiary",16957,208,1,"no"
39,"management","divorced","tertiary",26,311,5,"no"
40,"management","married","tertiary",0,147,1,"yes"
34,"admin.","married","secondary",79,83,1,"no"
39,"blue-collar","married","primary",2303,775,3,"yes"
53,"blue-collar","married","secondary",65,25,18,"no"
44,"management","married","tertiary",332,497,5,"no"
32,"technician","divorced","secondary",-399,180,1,"no"
50,"technician","divorced","secondary",-54,698,2,"yes"
29,"services","married","primary",-102,134,1,"no"
55,"unemployed","married","tertiary",4809,223,2,"no"
73,"retired","married","primary",279,399,3,"yes"
52,"technician","married","secondary",11,420,1,"no"
49,"services","married","secondary",2201,233,3,"no"
63,"retired","married","primary",8044,702,1,"no"
34,"admin.","married","secondary",2374,161,1,"yes"
32,"admin.","single","secondary",92,110,1,"no"
49,"housemaid","married","tertiary",443,27,6,"no"
40,"blue-collar","married","primary",1397,58,2,"no"
53,"entrepreneur","married",NA,7,68,1,"no"
53,"technician","married","tertiary",3177,92,2,"no"
43,"blue-collar","married","primary",232,45,1,"no"
35,"management","single","secondary",81,79,1,"no"
35,"services","single","secondary",414,11,5,"no"
25,"student","single","tertiary",1433,520,1,"no"
31,"technician","single",NA,187,86,1,"no"
48,"management","married","tertiary",0,16,16,"no"
40,"housemaid","married","secondary",4610,154,2,"no"
46,"blue-collar","married","primary",1429,91,1,"no"
30,"services","single","secondary",334,389,2,"no"
47,"services","married","secondary",2,71,15,"no"
23,"services","single","secondary",500,111,3,"no"
29,"technician","married","tertiary",43,68,2,"no"
38,"technician","married","secondary",4030,75,2,"no"
56,"housemaid","married","primary",306,212,1,"no"
52,"admin.","married","secondary",0,91,2,"no"
55,"retired","married","secondary",168,79,2,"no"
43,"entrepreneur","married","tertiary",210,646,2,"no"
34,"blue-collar","married","secondary",518,206,1,"no"
43,"management","single","tertiary",1696,257,1,"yes"
55,"services","married","secondary",-31,81,2,"no"
34,"blue-collar","married","secondary",856,470,1,"no"
34,"management","single","tertiary",318,133,2,"no"
43,"self-employed","married","tertiary",64,230,2,"no"
39,"blue-collar","married","primary",800,76,6,"no"
39,"technician","single",NA,75,26,1,"no"
34,"technician","single","secondary",347,154,2,"no"
55,"management","married","tertiary",2366,94,4,"no"
67,"retired","married","tertiary",701,254,2,"yes"
34,"entrepreneur","married","tertiary",475,1156,1,"no"
47,"blue-collar","married","secondary",3285,248,5,"no"
33,"blue-collar","married","primary",925,884,3,"no"
45,"entrepreneur","married","secondary",128,275,2,"no"
36,"blue-collar","married","secondary",1587,200,2,"no"
59,"technician","divorced","secondary",879,228,1,"no"
33,"services","married","secondary",478,475,2,"yes"
52,"technician","divorced","secondary",280,393,5,"no"
53,"blue-collar","married","primary",1868,156,4,"no"
41,"unemployed","married","primary",819,244,3,"no"
45,"blue-collar","married","secondary",4646,118,1,"no"
60,"self-employed","single","secondary",27,40,2,"no"
32,"blue-collar","married","secondary",736,700,3,"no"
28,"management","single","tertiary",224,97,3,"no"
31,"technician","single","secondary",2544,252,1,"yes"
53,"blue-collar","married","secondary",427,360,4,"no"
58,"management","married","tertiary",2764,235,1,"no"
38,"blue-collar","married","secondary",376,1521,1,"no"
46,"management","married","tertiary",523,105,4,"no"
53,"entrepreneur","married","tertiary",71,86,1,"no"
56,"retired","married","secondary",3948,484,1,"no"
52,"services","single","secondary",1810,117,1,"no"
38,"technician","married","secondary",994,119,1,"no"
37,"services","married","primary",52,359,1,"no"
37,"blue-collar","married","primary",11,109,8,"no"
37,"technician","married","secondary",0,236,1,"no"
66,"retired","married","primary",747,203,3,"no"
44,"blue-collar","married","primary",2657,202,2,"no"
61,"retired","married","secondary",313,42,1,"no"
34,"admin.","married","secondary",61,21,1,"no"
33,"admin.","single","secondary",2557,186,1,"no"
30,"services","divorced","secondary",0,172,1,"no"
27,"services","divorced","secondary",10,527,1,"no"
37,"services","married","secondary",658,175,1,"no"
38,"blue-collar","married","primary",1679,21,18,"no"
35,"management","single","tertiary",0,370,4,"no"
50,"technician","married","secondary",841,54,2,"no"
39,"management","married","secondary",0,63,3,"no"
35,"management","married","secondary",1160,116,3,"no"
36,"admin.","divorced","secondary",-37,151,1,"no"
28,"services","single","secondary",94,300,1,"no"
39,"self-employed","married","tertiary",585,48,1,"no"
39,"self-employed","married","secondary",235,217,1,"no"
30,"blue-collar","single","secondary",2145,727,2,"yes"
32,"services","married","secondary",1464,193,1,"no"
28,"technician","married","secondary",232,72,1,"no"
47,"technician","married","primary",187,165,1,"no"
53,"management","married","tertiary",12,345,10,"no"
57,"blue-collar","married","primary",318,206,2,"no"
47,"services","married","secondary",405,994,2,"yes"
56,"management","married","tertiary",334,127,2,"no"
38,"admin.","married","primary",0,29,32,"no"
52,"blue-collar","married","primary",2,70,3,"no"
46,"technician","married","secondary",966,40,2,"no"
57,"blue-collar","married","primary",195,185,4,"no"
42,"blue-collar","divorced",NA,0,64,2,"no"
57,"unemployed","married","secondary",0,97,1,"no"
51,"housemaid","married","secondary",260,316,5,"no"
53,"self-employed","married","tertiary",451,125,1,"no"
37,"blue-collar","married","primary",3242,233,1,"no"
47,"self-employed","divorced","secondary",8515,14,7,"no"
48,"management","married","tertiary",1808,245,1,"yes"
39,"blue-collar","married","primary",20,109,1,"no"
42,"blue-collar","married","secondary",3068,429,2,"no"
36,"management","married","tertiary",23,133,11,"no"
34,"technician","single","secondary",1076,70,2,"no"
61,"retired","married","primary",1060,118,1,"no"
32,"admin.","single","secondary",678,1579,1,"yes"
35,"blue-collar","single","primary",1147,29,1,"no"
54,"blue-collar","married","secondary",-630,173,1,"no"
31,"management","married","tertiary",459,13,14,"no"
45,"technician","divorced","secondary",976,183,1,"no"
32,"housemaid","married","tertiary",357,175,2,"no"
52,"unemployed","married","secondary",-9,123,1,"no"
36,"admin.","single","secondary",1927,288,1,"no"
31,"services","married","secondary",500,19,18,"no"
53,"technician","married","secondary",9146,136,4,"no"
43,"entrepreneur","married","secondary",59,437,2,"no"
47,"housemaid","married","primary",0,1225,2,"no"
46,"blue-collar","married","primary",328,526,8,"no"
34,"management","divorced","secondary",291,91,2,"no"
55,"technician","single","tertiary",-703,123,3,"no"
23,"admin.","single","secondary",589,62,1,"no"
75,"blue-collar","married","secondary",6053,865,2,"no"
58,"admin.","married","secondary",1142,82,3,"no"
35,"admin.","married","secondary",725,219,7,"no"
27,"management","married","tertiary",802,569,1,"yes"
24,"technician","married","secondary",556,460,2,"yes"
48,"admin.","married","secondary",191,238,3,"no"
31,"technician","single","secondary",373,346,5,"no"
57,"technician","married","secondary",6164,161,2,"no"
53,"management","married","tertiary",37,51,9,"no"
42,"blue-collar","married","primary",1156,37,1,"no"
50,"entrepreneur","married","secondary",806,141,8,"no"
59,"admin.","married","secondary",2381,173,2,"no"
38,"services","married","secondary",-314,66,2,"no"
39,"blue-collar","married","secondary",285,209,1,"no"
28,"blue-collar","single","primary",1199,1011,20,"no"
55,"management","divorced","tertiary",481,147,2,"no"
33,"technician","single","tertiary",137,88,4,"no"
36,"blue-collar","single","secondary",168,52,1,"no"
38,"admin.","divorced","secondary",156,544,3,"no"
28,"admin.","single","secondary",4745,360,1,"yes"
32,"management","single","tertiary",11797,95,2,"no"
35,"admin.","married","secondary",786,322,1,"no"
58,"technician","married","primary",4015,106,3,"no"
30,"services","married","secondary",0,20,1,"no"
33,"blue-collar","married","secondary",331,178,7,"no"
36,"blue-collar","married","secondary",1554,325,4,"no"
32,"services","married","secondary",132,343,2,"no"
34,"management","single","tertiary",5086,213,4,"yes"
42,"admin.","married","secondary",529,193,3,"no"
41,"management","married","tertiary",4824,168,7,"no"
63,"retired","married","secondary",474,423,1,"yes"
38,"admin.","divorced","tertiary",86,218,1,"no"
54,"blue-collar","married","primary",2281,158,1,"no"
39,"services","married","secondary",186,433,1,"no"
46,"blue-collar","married","secondary",137,252,3,"no"
37,"technician","married","tertiary",6968,175,1,"no"
76,"retired","divorced","primary",86,192,1,"no"
28,"management","single",NA,81,158,1,"no"
33,"services","married","primary",6904,114,2,"no"
46,"self-employed","married","tertiary",137,246,1,"no"
30,"student","single","secondary",25,44,1,"no"
60,"management","married","tertiary",759,136,2,"no"
56,"housemaid","married","tertiary",1922,247,2,"no"
24,"student","single",NA,3298,227,1,"no"
58,"retired","married","secondary",764,219,4,"no"
79,"retired","married","primary",8556,326,2,"yes"
32,"blue-collar","married","secondary",3514,226,2,"no"
33,"services","married","primary",0,351,2,"no"
77,"retired","married","primary",680,341,4,"no"
60,"housemaid","married","primary",0,124,1,"no"
54,"management","married","tertiary",2819,123,3,"no"
30,"blue-collar","married","primary",-518,244,6,"no"
50,"services","married","secondary",60,151,8,"no"
50,"management","married","secondary",732,736,7,"no"
37,"technician","married","secondary",2707,109,1,"no"
41,"technician","married","tertiary",177,117,2,"no"
49,"admin.","married","secondary",13229,77,2,"no"
41,"blue-collar","married","primary",-204,42,1,"no"
40,"technician","married","secondary",990,252,3,"no"
38,"blue-collar","married","secondary",648,179,1,"no"
34,"technician","married","secondary",50,106,3,"no"
49,"entrepreneur","married","secondary",1916,281,3,"no"
72,"retired","married","primary",763,384,2,"yes"
34,"blue-collar","married","secondary",470,217,1,"no"
31,"technician","married","secondary",0,144,4,"no"
33,"blue-collar","single","secondary",5739,374,1,"no"
31,"management","married","tertiary",0,298,1,"no"
55,"management","married","tertiary",-375,814,2,"yes"
25,"unemployed","married","secondary",157,33,31,"no"
34,"management","married","tertiary",1518,128,2,"no"
53,"management","married","tertiary",1343,129,4,"no"
39,"management","single","tertiary",-401,274,4,"no"
41,"management","married","primary",5310,984,1,"yes"
32,"blue-collar","single","secondary",2285,413,2,"no"
29,"admin.","married","secondary",22171,44,1,"no"
56,"management","married","tertiary",856,70,4,"no"
19,"student","single",NA,1169,463,18,"no"
39,"management","single","tertiary",3797,96,2,"no"
32,"blue-collar","single","secondary",53,276,1,"no"
43,"blue-collar","married","primary",2519,257,2,"no"
32,"entrepreneur","married","primary",795,131,3,"no"
53,"admin.","divorced","secondary",0,586,2,"no"
52,"blue-collar","married","secondary",2087,267,1,"yes"
43,"technician","single","secondary",34,29,1,"no"
48,"technician","married","secondary",5,65,6,"no"
27,"technician","single","secondary",15,67,3,"no"
27,"management","single","tertiary",390,190,1,"no"
51,"management","married",NA,712,287,2,"no"
39,"admin.","single","tertiary",2600,77,1,"no"
33,"blue-collar","married","secondary",-241,169,1,"no"
50,"blue-collar","divorced","primary",1545,25,1,"no"
59,"retired","divorced","secondary",1026,669,1,"yes"
58,"housemaid","married","primary",435,122,6,"no"
54,"technician","married","tertiary",876,269,3,"yes"
60,"blue-collar","married","secondary",1801,167,1,"no"
38,"management","married","tertiary",2278,244,1,"no"
39,"blue-collar","married",NA,157,99,6,"no"
40,"admin.","married","secondary",1327,76,2,"no"
55,"blue-collar","married","primary",284,252,4,"no"
36,"management","married","tertiary",495,213,3,"yes"
31,"admin.","single","secondary",1588,NA,1,"no"
38,"services","married","secondary",0,121,2,"no"
52,"management","married","secondary",428,153,1,"no"
45,"admin.","married","primary",542,8,5,"no"
32,"blue-collar","married","primary",66,244,1,"no"
58,"blue-collar","divorced","secondary",314,67,2,"no"
35,"management","married","tertiary",24,169,1,"no"
36,"management","single","tertiary",613,86,2,"no"
55,"retired","married","secondary",1467,277,2,"no"
45,"blue-collar","married","secondary",192,154,5,"no"
49,"management","married","secondary",321,135,3,"no"
44,"blue-collar","married","secondary",788,392,1,"no"
37,"blue-collar","divorced","secondary",48,133,2,"no"
35,"blue-collar","married","secondary",262,96,2,"no"
36,"blue-collar","married","secondary",4438,446,1,"yes"
44,"services","single","secondary",5045,20,6,"no"
32,"blue-collar","single","tertiary",3014,291,2,"no"
56,"management","married","tertiary",21664,214,8,"no"
32,"management","married","tertiary",5878,159,2,"no"
35,"entrepreneur","married","tertiary",2723,275,4,"no"
44,"management","married","secondary",576,128,3,"no"
59,"entrepreneur","married","primary",0,207,2,"no"
31,"blue-collar","single","tertiary",2197,146,3,"no"
60,"blue-collar","married",NA,104,22,1,"no"
33,"technician","single","secondary",1279,239,2,"no"
45,"admin.","married","secondary",295,92,1,"no"
45,"blue-collar","married","primary",2128,149,4,"no"
57,"admin.","married","secondary",367,107,2,"no"
36,"management","married","tertiary",1477,71,2,"no"
30,"blue-collar","single","primary",71,122,6,"no"
30,"admin.","single","secondary",127,16,6,"no"
59,"unemployed","divorced","secondary",2921,251,1,"no"
58,"management","married","tertiary",16264,215,3,"no"
49,"retired","married","primary",1672,128,3,"no"
48,"technician","married","tertiary",9207,445,3,"no"
28,"technician","single","tertiary",356,76,2,"no"
59,"management","divorced","primary",133,206,1,"no"
40,"management","married","tertiary",1217,155,1,"no"
32,"technician","divorced","secondary",202,429,1,"no"
58,"blue-collar","married","secondary",590,133,1,"no"
28,"self-employed","single","tertiary",442,474,3,"yes"
27,"technician","single","tertiary",808,578,1,"no"
38,"management","single","tertiary",427,17,3,"no"
53,"technician","married","tertiary",431,74,1,"no"
60,"services","married","tertiary",4256,239,3,"yes"
33,"management","divorced","tertiary",0,275,8,"no"
52,"services","divorced","secondary",238,101,1,"no"
64,"retired","married","tertiary",846,671,1,"yes"
40,"blue-collar","single","secondary",3,998,1,"yes"
52,"admin.","married","secondary",693,271,1,"no"
28,"student","single","secondary",0,133,3,"no"
49,"management","married","secondary",362,84,2,"no"
28,"technician","single","secondary",618,281,1,"no"
29,"technician","single","tertiary",2893,250,1,"no"
87,"retired","married","primary",230,144,1,"yes"
37,"management","divorced","secondary",1287,432,1,"no"
36,"services","married","primary",179,411,1,"no"
35,"self-employed","married","tertiary",980,428,2,"no"
33,"admin.","married","tertiary",79,249,2,"yes"
60,"admin.","married","secondary",3043,235,3,"no"
25,"management","single","tertiary",808,267,2,"yes"
69,"retired","married","secondary",745,595,1,"no"
41,"student","married","secondary",1309,28,4,"no"
48,"management","single","secondary",290,257,2,"no"
35,"blue-collar","divorced","primary",1792,630,6,"yes"
30,"blue-collar","single","secondary",178,747,5,"no"
59,"management","married","tertiary",0,87,4,"no"
32,"management","single","tertiary",537,187,3,"no"
28,"blue-collar","single","secondary",416,452,2,"no"
60,"blue-collar","married","primary",1472,36,4,"no"
36,"management","married","primary",3953,277,1,"no"
32,"management","single","tertiary",112,118,1,"no"
34,"management","divorced","tertiary",13204,197,2,"no"
58,"blue-collar","married","secondary",0,101,5,"no"
53,"management","married",NA,2240,282,2,"yes"
31,"management","married","tertiary",22546,8,6,"no"
33,"admin.","married","secondary",0,1448,7,"yes"
46,"unemployed","divorced","primary",23,344,1,"no"
29,"blue-collar","married","secondary",228,12,8,"no"
37,"self-employed","married","secondary",215,61,1,"no"
58,"blue-collar","married","primary",23,91,6,"no"
34,"management","married","secondary",293,162,3,"no"
34,"blue-collar","divorced","secondary",0,339,1,"no"
49,"entrepreneur","married","primary",199,113,2,"no"
53,"admin.","married","secondary",459,558,1,"yes"
42,"unemployed","married","secondary",8131,69,1,"no"
40,"services","married","secondary",-378,541,1,"no"
30,"blue-collar","single","primary",395,429,1,"no"
31,"technician","divorced","secondary",10787,135,2,"no"
55,"admin.","married","secondary",865,96,1,"no"
36,"management","married","tertiary",340,68,2,"no"
31,"blue-collar","single","secondary",1882,529,2,"no"
26,"management","married","tertiary",265,650,2,"no"
31,"admin.","married","secondary",389,69,1,"no"
49,"admin.","married","secondary",0,71,7,"no"
54,"management","married","tertiary",384,30,7,"no"
47,"management","divorced","tertiary",94,9,19,"no"
61,"management","married","secondary",1471,331,2,"no"
49,"blue-collar","married","primary",937,66,1,"no"
51,"technician","married","secondary",500,26,6,"no"
53,"blue-collar","married","primary",25,266,3,"no"
35,"management","married","tertiary",365,168,2,"no"
25,"unemployed","single","secondary",34,316,1,"no"
79,"retired","married","primary",429,1006,2,"yes"
53,"technician","married","primary",6839,77,1,"no"
21,"student","single","secondary",6,622,1,"no"
33,"blue-collar","married","secondary",467,494,2,"no"
40,"self-employed","divorced","secondary",1876,269,1,"no"
34,"entrepreneur","married","secondary",1847,543,3,"no"
52,"unknown","married","primary",247,268,6,"no"
27,"admin.","married","secondary",897,397,1,"yes"
57,"services","divorced","secondary",4664,22,4,"no"
51,"self-employed","divorced","secondary",1291,51,2,"no"
31,"student","single","tertiary",64,208,1,"no"
49,"unemployed","married","tertiary",-471,77,3,"no"
32,"management","single","tertiary",1160,450,2,"no"
28,"admin.","single","tertiary",14,201,1,"no"
33,"blue-collar","married","secondary",26,342,3,"no"
50,"blue-collar","married",NA,452,181,2,"no"
42,"blue-collar","single","secondary",382,294,1,"no"
45,"admin.","married",NA,2033,123,1,"no"
34,"unemployed","married","secondary",0,172,1,"no"
56,"admin.","divorced",NA,789,1022,1,"no"
33,"blue-collar","single","secondary",142,123,1,"no"
34,"admin.","married","secondary",645,420,1,"no"
37,"blue-collar",NA,NA,897,119,2,"no"
37,"blue-collar","married","secondary",103,153,1,"no"
35,"admin.","single","secondary",847,85,2,"no"
38,"unknown","single","tertiary",0,260,3,"yes"
32,"blue-collar","married","secondary",517,528,1,"no"
52,"technician","single","tertiary",1308,361,1,"no"
49,"services","married","secondary",66,59,4,"no"
46,"management","divorced","secondary",361,86,7,"no"
42,"entrepreneur","married","primary",66,139,1,"no"
36,"blue-collar","married",NA,70,219,4,"no"
32,"services","married","secondary",180,45,2,"no"
49,"technician","married","tertiary",279,168,4,"no"
46,"services","married","secondary",4,268,1,"yes"
40,"entrepreneur","married","secondary",1416,210,2,"no"
36,"admin.","married","secondary",465,160,1,"no"
36,"admin.","married","secondary",998,1044,2,"no"
34,"technician","married","secondary",550,601,1,"no"
46,"management","married","tertiary",1285,89,1,"no"
32,"services","married","tertiary",4908,491,2,"no"
32,"unemployed","single","tertiary",336,139,1,"no"
32,"management","single","tertiary",131,267,3,"no"
43,"management","married","tertiary",348,88,3,"no"
25,"self-employed","single","tertiary",453,134,1,"no"
55,"admin.","married","secondary",1102,126,2,"no"
24,"admin.","single","secondary",926,191,1,"no"
40,"management","divorced","tertiary",502,267,4,"no"
38,"management","single","tertiary",8669,5,3,"no"
48,"blue-collar","single","primary",316,560,2,"no"
36,"management","married","tertiary",9324,138,8,"no"
57,"management","married","tertiary",0,188,4,"no"
45,"admin.","married","secondary",72,262,2,"no"
33,"self-employed","single","tertiary",61,836,3,"yes"
38,"technician","single","secondary",173,150,4,"no"
26,"services","single","secondary",-162,44,2,"no"
30,"management","single","tertiary",47,11,17,"no"
55,"services","divorced","tertiary",1983,123,1,"no"
34,"blue-collar","married","secondary",326,150,2,"no"
60,"admin.","married","secondary",2552,255,2,"no"
36,"management","single","tertiary",1283,92,5,"no"
65,"housemaid","married","primary",2179,112,7,"no"
39,"self-employed","married","tertiary",1047,554,1,"yes"
52,"blue-collar","married","primary",36,109,2,"no"
55,"technician","married","secondary",-308,781,1,"yes"
26,"management","single","tertiary",1177,116,1,"no"
40,"self-employed","married","primary",2077,363,1,"no"
52,"entrepreneur","married","secondary",0,82,2,"no"
29,"self-employed","married","tertiary",1,167,3,"no"
41,"blue-collar","married","primary",7735,220,1,"no"
30,"technician","single","tertiary",1922,546,1,"no"
28,"student","single","secondary",153,1124,2,"yes"
26,"blue-collar","married","secondary",2770,141,1,"no"
58,"management","married","secondary",139,188,1,"no"
29,"management","single","tertiary",21,107,4,"no"
48,"technician","married","secondary",178,320,4,"no"
35,"blue-collar","married","secondary",444,244,3,"no"
26,"services","single","secondary",209,319,2,"no"
49,"blue-collar","married",NA,3096,147,2,"no"
34,"admin.","married","secondary",5320,114,6,"no"
32,"services","married","secondary",4885,400,2,"no"
31,"admin.","married","secondary",0,79,3,"no"
48,"unemployed","married","primary",5462,29,4,"no"
40,"blue-collar","married","secondary",6767,97,2,"no"
42,"technician","divorced","secondary",2974,187,5,"no"
48,"technician","married","secondary",427,201,1,"no"
38,"services","married","secondary",8876,280,1,"no"
53,"management","married","tertiary",146,150,1,"no"
59,"retired","divorced","secondary",319,129,1,"no"
28,"unemployed","single","secondary",304,516,1,"no"
41,"blue-collar","married","primary",389,127,2,"no"
50,"management","single","primary",766,174,2,"no"
31,"admin.","married","secondary",0,82,5,"no"
30,"technician","single","secondary",3107,1516,2,"no"
59,"admin.","divorced","secondary",174,204,1,"no"
33,"technician","divorced","secondary",-305,109,1,"no"
35,"self-employed","married","secondary",670,378,1,"no"
30,"management","single","tertiary",6164,152,11,"no"
71,"retired","married","secondary",2850,185,1,"yes"
30,"services","single","primary",79,317,1,"no"
24,"services","married","secondary",110,27,1,"no"
34,"technician","single","secondary",5039,205,6,"no"
34,"blue-collar","married","secondary",360,46,1,"no"
52,"admin.","married","secondary",199,978,2,"no"
33,"self-employed","single","secondary",238,45,5,"no"
38,"blue-collar","married","secondary",5092,145,6,"no"
41,"admin.","divorced","secondary",1088,138,1,"no"
42,"management","divorced","tertiary",221,720,2,"no"
38,"blue-collar","divorced","secondary",889,362,1,"no"
48,"blue-collar","married","primary",750,90,6,"no"
34,"technician","single","secondary",0,214,1,"no"
46,"blue-collar","married","primary",1291,142,3,"no"
33,"technician","married","secondary",1844,241,3,"no"
40,"management","married","tertiary",89,148,6,"no"
36,"admin.","married","secondary",4280,227,6,"no"
32,"technician","single","secondary",0,126,2,"no"
33,"blue-collar","married","secondary",625,410,1,"no"
55,"technician","married",NA,574,243,2,"no"
58,"management","married","primary",320,171,2,"no"
25,"technician","single","tertiary",468,147,1,"no"
47,"services","married","secondary",440,91,1,"no"
40,"unemployed","married","secondary",0,332,1,"no"
59,"retired","married","secondary",5706,471,2,"no"
40,"management","married","tertiary",7780,364,1,"no"
30,"management","married","secondary",-559,98,1,"no"
25,"entrepreneur","single","tertiary",16874,117,2,"no"
58,"retired","married","primary",1987,185,4,"no"
39,"entrepreneur","married",NA,98,59,3,"no"
40,"self-employed","married","tertiary",642,147,3,"no"
38,"blue-collar","married","secondary",526,553,2,"no"
66,"management","single","tertiary",6483,275,1,"no"
47,"management","married","tertiary",2306,239,4,"yes"
37,"blue-collar","married","secondary",954,402,9,"no"
36,"management","single","tertiary",-679,172,1,"no"
50,"blue-collar","married","primary",-1,195,2,"no"
76,"retired","married","primary",2590,68,12,"no"
58,"management","single","tertiary",331,82,3,"no"
42,"admin.","married","secondary",4209,57,6,"no"
58,"services","divorced","secondary",462,495,1,"yes"
28,"self-employed","single","tertiary",0,479,1,"no"
41,"technician","married","secondary",0,141,2,"no"
30,"management","married","tertiary",151,82,4,"no"
32,"management","divorced","tertiary",883,798,1,"yes"
27,"services","single","secondary",266,232,1,"no"
48,"management","married","tertiary",0,60,5,"no"
36,"technician","married","tertiary",491,103,3,"no"
54,"management","married","tertiary",3,443,1,"no"
36,"blue-collar","married","secondary",198,400,2,"no"
52,"housemaid","married","secondary",14363,132,1,"no"
34,"technician","divorced","secondary",0,374,16,"no"
43,"technician","married","secondary",136,363,7,"yes"
32,"management","single","tertiary",28,111,2,"no"
33,"management","single","tertiary",335,130,4,"no"
51,"housemaid","married",NA,174,308,3,"no"
39,"unemployed","married","secondary",270,116,1,"no"
44,"management","single","tertiary",1206,160,2,"no"
49,"housemaid","divorced","primary",198,205,3,"no"
25,"technician","married","tertiary",914,185,2,"no"
39,"self-employed","married","secondary",31,61,2,"no"
54,"technician","married","secondary",0,159,2,"no"
32,"management","single","tertiary",347,213,1,"no"
36,"management","married","tertiary",860,294,15,"no"
54,"technician","married","secondary",89,140,3,"no"
31,"technician","married","secondary",0,71,1,"no"
45,"services","married","secondary",0,47,7,"no"
31,"admin.","single","secondary",68,570,2,"no"
45,"technician","married","secondary",-149,287,2,"no"
33,"services","divorced","secondary",2411,130,1,"yes"
46,"management","divorced","tertiary",225,201,1,"no"
43,"unknown","single","tertiary",2731,11,7,"no"
50,"management","married","tertiary",112,70,5,"no"
44,"management","divorced","tertiary",0,54,2,"no"
42,"services","married","secondary",3620,22,16,"no"
26,"blue-collar","single","secondary",179,103,3,"no"
47,"admin.","single","secondary",1544,104,1,"no"
48,"blue-collar","married","primary",199,29,2,"no"
60,"blue-collar","married",NA,231,57,2,"no"
27,"admin.","divorced","secondary",76,236,1,"no"
30,"unemployed","single","tertiary",302,528,3,"yes"
28,"admin.","single","secondary",189,68,2,"no"
58,"retired","married","primary",565,876,1,"yes"
37,"entrepreneur","married","tertiary",310,76,1,"no"
36,"services","married","secondary",1746,99,1,"no"
39,"technician","married","secondary",6,122,3,"no"
52,"unemployed","married","primary",-110,141,1,"no"
55,"retired","married","secondary",2749,58,2,"no"
30,"management","single","tertiary",6495,78,3,"no"
36,"blue-collar","single","secondary",35,435,3,"no"
39,"admin.","married","secondary",-650,123,2,"no"
47,"blue-collar","married","primary",292,210,3,"no"
42,"housemaid","single","primary",5774,54,2,"no"
42,"management","married","secondary",2416,138,4,"no"
58,"retired","married","secondary",35,336,7,"no"
68,"retired","married","secondary",19317,249,1,"yes"
43,"technician","married","secondary",50,63,1,"no"
44,"blue-collar","married","secondary",-674,257,1,"no"
49,"technician","married","tertiary",3726,875,2,"yes"
57,"retired","married","tertiary",1180,191,2,"no"
61,"self-employed","divorced","tertiary",6610,481,2,"yes"
36,"admin.","single","secondary",319,120,2,"no"
31,"blue-collar","married","secondary",1545,207,1,"no"
51,"technician","married","tertiary",1315,303,2,"no"
31,"technician","single","tertiary",424,93,2,"no"
56,"blue-collar","married","primary",151,128,1,"no"
30,"technician","single","tertiary",-970,194,2,"no"
38,"services","married","secondary",-762,408,2,"no"
35,"services","married","secondary",181,5,3,"no"
31,"blue-collar","married",NA,-120,231,2,"no"
39,"admin.","divorced","secondary",1022,20,3,"no"
50,"management","married","tertiary",78,218,3,"no"
39,"technician","married","tertiary",209,36,2,"no"
26,"admin.","married","secondary",2469,136,8,"no"
55,"technician","married","secondary",0,336,1,"no"
43,"blue-collar","divorced","primary",328,192,1,"no"
34,"housemaid","married","tertiary",0,141,1,"no"
51,"self-employed","married","primary",307,65,2,"no"
31,"management","married","tertiary",1384,203,2,"no"
32,"management","married","tertiary",0,104,9,"no"
53,"technician","married","secondary",719,230,1,"no"
44,"management","divorced","tertiary",0,71,1,"no"
38,"entrepreneur","married","tertiary",6704,205,2,"no"
47,"self-employed","married","tertiary",4543,162,1,"no"
36,"management","married","tertiary",0,145,2,"no"
30,"management","single","tertiary",149,220,2,"no"
46,"blue-collar","married","secondary",-1400,309,3,"no"
33,"entrepreneur","married","secondary",-118,421,3,"no"
43,"blue-collar","married","secondary",2160,261,1,"yes"
38,"management","married","tertiary",3452,132,2,"no"
27,"technician","single","secondary",842,273,1,"no"
38,"management","married",NA,3576,349,2,"yes"
41,"unemployed","married","tertiary",1666,291,3,"no"
29,"technician","married","secondary",0,83,6,"no"
39,"services","married","secondary",0,793,2,"no"
42,"blue-collar","single","primary",1628,119,1,"no"
47,"services","married","secondary",51,312,1,"no"
30,"blue-collar","single","secondary",447,103,6,"no"
34,"admin.","married","secondary",396,101,3,"no"
45,"housemaid","married","primary",4994,48,1,"no"
43,"admin.","married","secondary",3215,228,3,"no"
59,"blue-collar","married","primary",2814,81,3,"no"
50,"technician","married","secondary",0,152,2,"no"
39,"blue-collar","married","secondary",293,160,3,"no"
36,"technician","married","secondary",474,59,1,"no"
44,"blue-collar","married","secondary",16178,297,1,"no"
36,"technician","married","tertiary",0,147,2,"no"
27,"management","single","tertiary",88,143,1,"no"
29,"services","married","secondary",308,75,1,"no"
70,"retired","married","secondary",1164,338,3,"no"
44,"management","married","tertiary",13893,29,2,"no"
55,"management","married","tertiary",0,159,2,"no"
36,"technician","divorced","secondary",-435,85,8,"no"
28,"technician","single","secondary",389,15,7,"no"
50,"management","divorced","tertiary",356,198,2,"no"
49,"technician","married","secondary",2718,114,2,"no"
71,"retired","divorced","tertiary",261,1117,2,"no"
31,"admin.","single","secondary",757,343,2,"no"
45,"management","single","tertiary",16,59,2,"no"
42,"blue-collar","married","secondary",-422,31,1,"no"
45,"admin.","married","secondary",248,212,2,"no"
47,"technician","married","primary",145,157,6,"no"
60,"retired","divorced","secondary",598,96,1,"no"
35,"management","married","tertiary",949,245,2,"no"
31,"technician","single","tertiary",614,72,4,"no"
33,"blue-collar","married","primary",1209,700,1,"no"
50,"self-employed","married","tertiary",202,107,1,"no"
51,"blue-collar","married","secondary",1840,312,3,"no"
34,"technician","married","secondary",114,153,1,"no"
56,"services","married","secondary",-229,55,10,"no"
29,"services","married","secondary",182,38,3,"no"
31,"blue-collar","married","secondary",401,96,3,"no"
44,"technician","divorced",NA,759,397,1,"no"
55,"retired","married","secondary",4194,208,3,"no"
35,"student","single",NA,0,122,3,"no"
36,"technician","married","tertiary",629,109,1,"no"
54,"retired","married","secondary",153,74,1,"no"
32,"management","married","tertiary",553,72,1,"no"
36,"management","divorced","tertiary",1057,383,2,"no"
60,"retired","married","secondary",78,113,3,"no"
32,"technician","single","secondary",-28,400,1,"no"
57,"management","married","tertiary",929,387,8,"no"
34,"blue-collar","married","primary",428,59,2,"no"
27,"student","single","secondary",268,528,1,"no"
52,"management","single","tertiary",83,1223,6,"yes"
45,"admin.","divorced",NA,998,38,2,"no"
58,"admin.","single","secondary",2223,1139,2,"no"
39,"blue-collar","single","primary",6,286,2,"no"
48,"blue-collar","single","secondary",312,369,2,"no"
36,"management","single","secondary",0,333,5,"no"
31,"technician","single","secondary",691,198,1,"no"
41,"management","married","tertiary",771,106,8,"no"
30,"self-employed","single","secondary",192,423,1,"no"
57,"retired","married","tertiary",0,116,4,"no"
29,"admin.","single","secondary",1070,30,1,"yes"
29,"services","divorced","secondary",84,1101,2,"yes"
30,"management","single","tertiary",2,102,1,"no"
44,"management","married","tertiary",1242,384,6,"no"
33,"student","single",NA,5969,156,2,"no"
56,"admin.","divorced","secondary",3337,99,3,"no"
26,"services","single","secondary",1347,280,6,"yes"
52,"technician","married","secondary",64,20,2,"no"
32,"management","single","secondary",249,258,1,"no"
36,"technician","single","secondary",0,85,6,"no"
26,"blue-collar","married","secondary",128,355,1,"no"
37,"blue-collar","married","secondary",196,66,3,"no"
34,"technician","married","secondary",351,467,1,"no"
26,"services","single","secondary",5533,582,2,"no"
32,"services","married","secondary",38,744,1,"yes"
30,"management","single","tertiary",35,185,4,"no"
27,"technician","single","secondary",235,13,5,"no"
42,"admin.","single","secondary",30,98,1,"no"
33,"blue-collar","single","primary",92,127,1,"no"
37,"blue-collar","married","secondary",67,45,2,"no"
45,"blue-collar","married","secondary",4022,244,3,"no"
36,"entrepreneur","married","tertiary",3057,2769,4,"yes"
39,"management","single","tertiary",0,561,4,"no"
33,"management","single","tertiary",349,182,1,"no"
47,"services","married","secondary",2322,618,1,"no"
49,"entrepreneur","married","secondary",167,198,3,"no"
46,"management","divorced","secondary",558,126,6,"no"
31,"services","married","secondary",-230,715,1,"no"
43,"unemployed","divorced","secondary",4094,63,1,"no"
30,"blue-collar","single","secondary",239,412,1,"yes"
43,"management","divorced","tertiary",497,66,1,"no"
42,"blue-collar","married","secondary",179,96,1,"no"
30,"admin.","single","tertiary",305,633,1,"yes"
33,"management","single","tertiary",-67,364,1,"no"
41,"admin.","married","secondary",4539,298,3,"no"
29,"blue-collar","single","secondary",770,341,1,"no"
38,"unemployed","married","secondary",-673,364,1,"no"
29,"technician","married","tertiary",858,234,7,"no"
80,"housemaid","married","primary",0,639,1,"yes"
38,"management","single","tertiary",5244,310,4,"no"
36,"blue-collar","divorced","primary",117,123,4,"no"
38,"self-employed","married","tertiary",846,253,1,"no"
44,"management","married","secondary",0,96,2,"no"
31,"management","married","tertiary",1331,297,1,"yes"
31,"services","single","secondary",31,501,2,"no"
57,"admin.","divorced","primary",179,67,1,"no"
37,"blue-collar","married","primary",543,281,1,"no"
50,"blue-collar","married","secondary",253,475,2,"no"
60,"retired","married","primary",71188,205,1,"no"
51,"management","married","tertiary",5108,272,1,"no"
48,"blue-collar","married","secondary",1738,349,1,"no"
42,"blue-collar","married","primary",-97,216,4,"no"
36,"blue-collar","married","secondary",199,183,1,"no"
43,"management","married","tertiary",489,130,1,"no"
31,"admin.","married","primary",355,61,6,"no"
49,"technician","single","secondary",-97,92,2,"no"
35,"management","divorced","tertiary",473,37,2,"no"
44,"entrepreneur","married","secondary",6649,354,2,"no"
34,"self-employed","married","tertiary",263,203,1,"no"
46,"blue-collar","married","secondary",781,152,1,"no"
49,"blue-collar","married","primary",1032,41,5,"no"
32,"blue-collar","married","secondary",119,20,5,"no"
35,"management","divorced","tertiary",434,277,1,"no"
51,"admin.","married","secondary",2967,83,2,"no"
57,"retired","divorced","secondary",-331,531,1,"no"
59,"management","married","tertiary",1585,91,5,"no"
40,"services","divorced",NA,4384,315,1,"no"
49,"management","single","tertiary",588,70,9,"no"
51,"management","married","secondary",3180,384,1,"no"
35,"admin.","married","secondary",0,105,3,"no"
29,"self-employed","married","secondary",-76,305,2,"no"
32,"services","single","secondary",152,158,2,"yes"
37,"housemaid","divorced","secondary",1040,199,1,"no"
49,"unemployed","married","primary",-384,25,1,"no"
45,"technician","married",NA,473,147,1,"no"
34,"technician","single","secondary",475,538,8,"no"
53,"technician","married","secondary",0,77,9,"no"
42,"entrepreneur","married","primary",149,94,2,"no"
43,"technician","married","secondary",3285,1721,2,"yes"
52,"retired","married","secondary",424,143,1,"no"
34,"blue-collar","single","secondary",79,104,1,"no"
34,"technician","divorced","tertiary",674,587,2,"yes"
27,"services","married","secondary",0,1608,13,"yes"
43,"unemployed","married","tertiary",58,48,4,"no"
41,"technician","married","tertiary",532,74,1,"no"
72,"retired","married","secondary",4130,427,1,"no"
35,"blue-collar","married","primary",422,73,1,"no"
41,"management","married","tertiary",437,14,21,"no"
36,"blue-collar","divorced","primary",-308,725,1,"yes"
51,"housemaid","married","primary",30,333,2,"no"
37,"self-employed","married","tertiary",137,244,6,"no"
42,"admin.","single","secondary",-247,519,1,"yes"
26,"admin.","single","secondary",321,242,7,"no"
23,"services","single","secondary",250,222,1,"no"
50,"management","married","tertiary",-470,130,2,"no"
37,"blue-collar","married","secondary",140,490,1,"no"
35,"management","married","tertiary",2793,258,2,"no"
37,"management","married","tertiary",410,337,2,"no"
79,"retired","divorced",NA,2628,220,7,"no"
39,"technician","married","secondary",116,79,2,"no"
47,"services","married","secondary",0,250,1,"no"
44,"blue-collar","married","secondary",878,130,1,"no"
36,"management","single","tertiary",2944,882,8,"yes"
33,"blue-collar","single","secondary",3975,515,1,"no"
42,"services","married","secondary",96,238,3,"no"
35,"technician","single","tertiary",2288,32,2,"no"
31,"blue-collar","married","secondary",472,907,2,"no"
58,"services","married","primary",65,162,1,"no"
46,"management","married","tertiary",0,70,2,"no"
41,"admin.","single","secondary",400,99,6,"no"
58,"technician","married","secondary",7495,325,1,"no"
33,"blue-collar","married","secondary",137,305,12,"no"
31,"unemployed","married","secondary",24,631,1,"no"
55,"technician","divorced","secondary",3450,169,1,"yes"
38,"technician","single","secondary",311,61,2,"no"
55,"housemaid","married","secondary",139,256,2,"no"
47,"management","single","tertiary",0,58,3,"no"
51,"housemaid","married","primary",492,142,3,"no"
46,"management","single","tertiary",334,36,6,"no"
61,"management","married","tertiary",997,106,1,"yes"
47,"management","single","tertiary",440,71,4,"no"
34,"technician","married","secondary",47,132,6,"no"
34,"blue-collar","married","secondary",1298,120,1,"no"
41,"management","divorced","tertiary",3355,181,2,"no"
36,"blue-collar","divorced","secondary",-11,152,2,"no"
26,"blue-collar","single","secondary",396,302,1,"no"
35,"management","married","tertiary",8,93,3,"yes"
36,"blue-collar","married","secondary",1409,235,2,"no"
26,"management","single","tertiary",170,129,1,"yes"
58,"management","married","primary",2769,94,2,"no"
50,"blue-collar","married","secondary",2320,310,1,"no"
61,"retired","married","secondary",76,195,7,"no"
28,"technician","single","secondary",2034,196,1,"no"
49,"blue-collar","single","primary",3018,93,1,"no"
74,"retired","married","secondary",921,394,2,"yes"
53,"blue-collar","married","secondary",483,288,3,"no"
46,"self-employed","married","secondary",390,208,2,"no"
47,"management","married","tertiary",0,508,1,"yes"
42,"blue-collar","single","primary",92,86,2,"no"
56,"services","married","secondary",22196,189,1,"no"
42,"technician","married","secondary",2,249,2,"no"
49,"housemaid","married","primary",249,450,1,"no"
43,"unemployed","single",NA,3274,680,1,"no"
39,"services","married","secondary",5731,175,2,"no"
66,"retired","married","primary",206,479,1,"yes"
30,"technician","single","tertiary",2325,270,3,"no"
38,"management","single","tertiary",0,164,1,"no"
31,"blue-collar","married","secondary",1664,158,1,"no"
32,"technician","married","secondary",3333,50,4,"no"
48,"technician","married","secondary",7020,80,2,"no"
34,"admin.","married","tertiary",37,45,1,"no"
28,"student","single","secondary",28,220,2,"no"
40,"admin.","single","secondary",1670,161,2,"no"
36,"entrepreneur","married","secondary",134,98,1,"no"
52,"retired","married","secondary",603,79,1,"no"
46,"admin.","married","primary",276,157,2,"no"
25,"technician","single","secondary",2157,339,1,"no"
52,"blue-collar","married","secondary",161,274,2,"no"
40,"blue-collar","married","primary",3658,977,1,"no"
26,"management","divorced","tertiary",-402,127,2,"no"
26,"blue-collar","single","primary",3342,329,4,"no"
35,"self-employed","single","secondary",1732,1441,3,"no"
40,"admin.","single","secondary",263,231,1,"no"
31,"management","married","tertiary",623,96,2,"no"
32,"admin.","married","secondary",3540,213,1,"no"
33,"admin.","married","secondary",95,335,1,"yes"
53,"services","divorced","secondary",765,959,3,"yes"
46,"technician","divorced","secondary",-824,429,3,"yes"
28,"management","single","tertiary",5549,383,6,"no"
31,"blue-collar","married","secondary",191,40,1,"no"
44,"blue-collar","married","primary",420,110,2,"no"
35,"admin.","married","secondary",0,326,1,"no"
50,"technician","divorced",NA,2706,179,3,"no"
32,"technician","married","secondary",4,132,8,"no"
51,"admin.","married","secondary",423,95,1,"no"
51,"management","married","tertiary",-892,248,2,"no"
31,"blue-collar","married",NA,-120,100,3,"no"
41,"admin.","divorced","secondary",-365,226,10,"no"
57,"technician","married","tertiary",27069,174,3,"no"
34,"management","single","tertiary",8038,29,3,"no"
47,"technician","married","secondary",-938,176,2,"no"
47,"admin.","divorced","secondary",1139,106,2,"no"
36,"self-employed","married","secondary",189,136,1,"no"
29,"housemaid","single","tertiary",19,110,2,"yes"
39,"technician","married","secondary",3663,230,3,"no"
53,"blue-collar","single",NA,0,140,7,"no"
47,"blue-collar","married","secondary",-614,118,2,"no"
51,"technician","divorced","secondary",2323,151,10,"no"
48,"blue-collar","married","secondary",425,693,2,"no"
32,"technician","married","secondary",5122,31,1,"no"
36,"management","divorced","tertiary",608,125,2,"no"
50,"unknown","married","primary",341,670,4,"yes"
39,"admin.","married","secondary",607,454,2,"yes"
31,"blue-collar","married","secondary",1495,159,3,"no"
49,"admin.","married","secondary",381,504,2,"no"
33,"unemployed","divorced","secondary",385,29,28,"no"
26,"management","single","tertiary",1274,190,1,"no"
27,"blue-collar","married","secondary",362,332,2,"no"
51,"blue-collar","married","primary",377,143,4,"no"
26,"admin.","single","secondary",802,77,1,"no"
45,"admin.","married","secondary",194,517,4,"no"
54,"technician","married","secondary",-315,2029,1,"yes"
49,"technician","married","tertiary",1843,269,1,"no"
47,"technician","married","secondary",-9,457,2,"no"
42,"housemaid","married","primary",83,184,1,"no"
50,"entrepreneur","married","tertiary",433,47,4,"no"
37,"admin.","married","secondary",-107,158,2,"no"
54,"blue-collar","married","primary",4503,168,3,"no"
40,"services","married","secondary",51,50,1,"no"
50,"services","married","secondary",961,757,4,"no"
57,"retired","married","secondary",49,93,4,"no"
33,"technician","married","secondary",3470,285,2,"no"
49,"technician","married","secondary",-147,390,1,"no"
35,"services","married","secondary",0,146,2,"no"
28,"blue-collar","single","secondary",0,386,1,"no"
58,"management","married","tertiary",172,145,7,"no"
31,"admin.","single","secondary",-407,NA,1,"no"
36,"management","divorced","tertiary",649,237,2,"no"
49,"blue-collar","single","primary",1040,474,2,"no"
30,"unemployed","married","secondary",142,350,4,"no"
29,"services","single","secondary",209,487,7,"no"
50,"management","married",NA,3304,1009,2,"no"
26,"student","single","tertiary",294,87,1,"yes"
27,"housemaid","married","secondary",4848,82,3,"no"
32,"blue-collar","single","secondary",1670,183,1,"no"
62,"unknown","married","secondary",367,139,5,"no"
34,"blue-collar","single","secondary",13683,115,3,"no"
25,"admin.","single","tertiary",1420,124,2,"no"
34,"management","single","tertiary",340,633,28,"no"
44,"technician","single","secondary",1679,718,1,"yes"
38,"management","married","tertiary",1198,63,1,"no"
57,"admin.","married","secondary",169,180,1,"no"
36,"self-employed","married","tertiary",506,47,1,"no"
41,"entrepreneur","married","secondary",1249,391,1,"no"
36,"management","single","tertiary",678,85,3,"no"
27,"management","single","tertiary",212,373,1,"no"
37,"technician","divorced","secondary",23,289,2,"no"
47,"management","single","tertiary",4402,805,1,"yes"
31,"services","divorced","primary",459,623,1,"yes"
39,"self-employed","married","secondary",4722,483,1,"no"
35,"admin.","divorced","tertiary",1555,26,2,"no"
40,"blue-collar","married","secondary",61,112,3,"no"
38,"management","single","tertiary",0,213,2,"no"
31,"technician","married","secondary",3706,129,1,"no"
36,"blue-collar","married","primary",1177,330,1,"yes"
53,"management","married","primary",2096,104,1,"no"
59,"blue-collar","married","primary",748,184,1,"no"
29,"management","single","tertiary",3357,120,3,"no"
30,"admin.","single","secondary",3809,159,4,"no"
52,"admin.","married","secondary",395,391,3,"no"
55,"blue-collar","married","secondary",1011,112,2,"no"
56,"blue-collar","married","primary",420,76,1,"no"
32,"admin.","married","secondary",76,189,2,"no"
24,"blue-collar","married","secondary",0,94,1,"no"
51,"blue-collar","married","primary",844,184,3,"no"
36,"management","married","tertiary",1318,100,2,"no"
36,"technician","married","tertiary",167,57,1,"no"
42,"management","married","tertiary",2187,525,3,"yes"
49,"admin.","married","secondary",14440,60,1,"no"
48,"management","married","secondary",2294,251,11,"no"
36,"management","married","secondary",80,251,3,"no"
48,"management","married","primary",2537,219,6,"no"
30,"technician","married","tertiary",569,976,12,"yes"
27,"management","single","tertiary",0,46,1,"no"
38,"entrepreneur","married","tertiary",0,185,3,"no"
36,"technician","single","secondary",12,587,2,"yes"
45,"technician","married","secondary",49,65,2,"no"
44,"housemaid","married","tertiary",460,491,1,"no"
42,"technician","married","secondary",613,432,2,"no"
37,"entrepreneur","married","tertiary",7944,102,1,"no"
48,"blue-collar","married","secondary",1143,264,1,"no"
57,"retired","married","primary",-464,75,1,"no"
44,"services","married","secondary",1989,106,2,"no"
48,"technician","married","secondary",17,81,1,"no"
56,"retired","married","primary",-1,89,23,"no"
37,"management","married","tertiary",1698,95,2,"no"
47,"blue-collar","married","secondary",5306,322,1,"no"
54,"housemaid","married",NA,0,94,5,"no"
51,"retired","divorced","secondary",1679,417,1,"yes"
47,"admin.","married","secondary",3676,567,1,"yes"
25,"management","married","tertiary",-242,600,4,"yes"
39,"services","single","secondary",471,5,1,"no"
40,"management","married","tertiary",8902,464,5,"no"
38,"management","single","tertiary",1704,222,1,"no"
34,"management","married","tertiary",3050,469,1,"yes"
53,"housemaid","married","primary",2581,99,1,"no"
32,"services","married","secondary",162,297,2,"no"
35,"blue-collar","married","secondary",243,41,3,"no"
24,"student","single","secondary",1847,390,1,"no"
58,"blue-collar","married","primary",0,535,2,"no"
49,"management","married","primary",3371,269,2,"yes"
45,"services","single","secondary",1757,1010,3,"no"
55,"management","married","tertiary",171,73,6,"no"
42,"entrepreneur","married","tertiary",157,650,1,"no"
28,"admin.","married","secondary",934,53,2,"no"
48,"blue-collar","married","secondary",-19,270,1,"no"
51,"management","single","tertiary",-55,119,6,"no"
38,"housemaid","married","primary",21,634,2,"no"
27,"blue-collar","single","secondary",14,72,2,"no"
50,"technician","single","secondary",246,270,1,"no"
44,"blue-collar","married","primary",887,165,2,"no"
40,"management","married","tertiary",51,164,2,"no"
29,"services","single","secondary",-287,196,1,"no"
34,"services","married","secondary",0,78,4,"no"
44,"self-employed","single","tertiary",2734,897,4,"yes"
50,"entrepreneur","married","tertiary",52,22,8,"no"
34,"management","married","tertiary",2594,161,3,"no"
54,"retired","divorced","primary",22,23,4,"no"
34,"technician","married","tertiary",1611,490,2,"no"
34,"admin.","single","tertiary",18,359,1,"yes"
52,"blue-collar","married","primary",1331,213,2,"no"
60,"unknown","married",NA,7337,122,1,"no"
39,"management","single","secondary",835,587,4,"no"
58,"retired","married","primary",5092,199,6,"no"
41,"technician","divorced","secondary",52,261,2,"no"
48,"technician","married","secondary",10655,5,3,"no"
58,"management","married","tertiary",1831,1531,1,"no"
40,"self-employed","married","primary",92,92,1,"no"
48,"management","married","tertiary",586,179,2,"no"
52,"blue-collar","divorced","primary",1758,41,1,"no"
50,"self-employed","married","secondary",2061,197,2,"no"
25,"technician","single","secondary",959,144,5,"no"
54,"retired","married","primary",208,255,1,"no"
34,"services","married","secondary",-315,56,2,"no"
48,"management","married","tertiary",-13,20,6,"no"
37,"admin.","married","tertiary",801,331,7,"no"
66,"retired","married","tertiary",1948,216,1,"yes"
32,"management","single","tertiary",751,64,1,"no"
45,"blue-collar","married","secondary",784,34,1,"no"
43,"blue-collar","single","secondary",24,68,1,"no"
41,"management","married","tertiary",72,764,3,"no"
40,"technician","divorced","tertiary",1871,64,1,"no"
44,"services","single","secondary",1378,257,2,"no"
43,"blue-collar","married","primary",188,58,3,"no"
30,"unknown","single","tertiary",6836,30,3,"no"
32,"services","married","secondary",61,529,5,"no"
57,"admin.","married","secondary",-967,8,7,"no"
31,"blue-collar","single","tertiary",462,147,1,"no"
49,"unknown","married","secondary",0,173,2,"no"
31,"admin.","single","secondary",5527,132,1,"no"
41,"admin.","married","tertiary",1287,286,1,"no"
44,"management","married","tertiary",17361,476,1,"no"
54,"entrepreneur","married",NA,1956,221,5,"no"
37,"blue-collar","divorced","secondary",0,146,4,"yes"
34,"management","married","secondary",-294,532,2,"no"
43,"technician","married","secondary",275,69,6,"no"
44,"management","married","tertiary",724,157,2,"no"
44,"services","married","secondary",27,485,1,"no"
53,"admin.","divorced","secondary",26,56,1,"no"
36,"technician","married","secondary",191,69,1,"no"
58,"technician","divorced","secondary",-123,131,2,"no"
26,"student","single","secondary",-147,95,2,"no"
34,"technician","single","secondary",179,294,3,"no"
55,"blue-collar","married","primary",1086,146,1,"no"
55,"blue-collar","married","secondary",471,58,2,"no"
34,"entrepreneur","married","tertiary",105,249,2,"no"
41,"entrepreneur","divorced","secondary",1588,10,8,"no"
38,"housemaid","divorced","secondary",70,255,3,"yes"
28,"blue-collar","single","secondary",2700,337,4,"no"
41,"technician","married","secondary",1602,142,1,"no"
30,"admin.","married","tertiary",0,209,2,"no"
39,"technician","married",NA,839,825,2,"no"
41,"admin.","married","secondary",21515,87,1,"no"
36,"technician","married","secondary",5902,219,4,"no"
37,"management","married","tertiary",547,143,1,"no"
59,"self-employed","married","tertiary",3800,70,1,"no"
26,"technician","single","secondary",261,371,2,"no"
43,"technician","married","secondary",0,539,8,"no"
42,"management","married","secondary",-34,176,1,"no"
46,"blue-collar","married",NA,9328,725,3,"yes"
31,"admin.","married","secondary",5,101,7,"no"
43,"unemployed","married","secondary",3529,169,2,"no"
48,"blue-collar","single","tertiary",2330,15,1,"no"
41,"blue-collar","married","secondary",1334,234,5,"no"
32,"self-employed","married","tertiary",3601,171,15,"no"
45,"technician","married","tertiary",265,14,3,"no"
52,"admin.","single",NA,2227,242,2,"yes"
37,"self-employed","married","secondary",487,155,15,"no"
38,"blue-collar","divorced","secondary",0,580,1,"no"
36,"services","single","secondary",174,223,2,"no"
58,"retired","married","secondary",14412,297,1,"no"
37,"management","married","tertiary",3288,124,2,"no"
30,"technician","single","secondary",57,465,2,"no"
47,"technician","married","secondary",2246,330,1,"no"
40,"technician","married","secondary",4441,153,2,"no"
42,"management","divorced","tertiary",0,131,2,"no"
71,"unknown","married","tertiary",353,208,1,"no"
54,"blue-collar","married","secondary",448,98,1,"no"
53,"entrepreneur","married","primary",27,230,3,"yes"
33,"blue-collar","divorced","secondary",474,400,2,"no"
30,"technician","single","tertiary",1185,284,1,"no"
39,"services","divorced","secondary",282,243,1,"no"
32,"blue-collar","married","secondary",2,16,9,"no"
34,"technician","single","secondary",60,274,2,"no"
39,"self-employed","single","tertiary",3972,122,3,"no"
75,"retired","married","secondary",26452,219,2,"no"
33,"admin.","divorced","secondary",818,301,3,"no"
40,"services","married","secondary",9374,7,8,"no"
37,"technician","married",NA,47,374,3,"no"
69,"retired","married","primary",279,26,1,"no"
52,"unemployed","married","primary",20,172,1,"no"
31,"admin.","divorced","secondary",360,332,1,"no"
28,"technician","single","secondary",1532,253,1,"no"
29,"management","single","tertiary",1673,200,2,"no"
46,"services","married","secondary",2420,405,2,"no"
28,"blue-collar","married","secondary",100,132,2,"no"
41,"admin.","married","secondary",0,89,1,"no"
42,"technician","divorced","secondary",1533,86,1,"no"
34,"admin.","single","secondary",296,147,4,"no"
28,"blue-collar","married","secondary",2788,369,2,"yes"
43,"management","single","secondary",109,64,3,"no"
32,"technician","married","secondary",485,98,14,"no"
33,"technician","single","tertiary",125,66,2,"no"
70,"retired","married","secondary",616,149,2,"no"
36,"services","married","secondary",3064,240,3,"no"
53,"technician","married","secondary",206,87,6,"no"
30,"blue-collar","single","secondary",6900,816,1,"no"
45,"services","divorced","secondary",-179,155,2,"no"
31,"services","single","secondary",481,106,2,"no"
28,"admin.","married","secondary",12,73,3,"no"
45,"blue-collar","married","primary",0,574,5,"no"
51,"management","married","tertiary",176,8,1,"no"
53,"management","married","primary",4086,14,3,"no"
40,"technician","married","secondary",257,731,4,"no"
53,"blue-collar","married","primary",53,208,1,"no"
31,"blue-collar","divorced","secondary",6,821,1,"no"
30,"management","married","tertiary",562,137,4,"no"
53,"entrepreneur","married","secondary",-118,101,3,"no"
40,"blue-collar","married","primary",2805,173,6,"no"
26,"management","single","secondary",565,582,11,"no"
47,"blue-collar","married","secondary",0,676,1,"no"
51,"management","married","tertiary",1612,384,1,"no"
45,"unemployed","married","primary",180,62,2,"no"
35,"management","married","tertiary",0,295,3,"no"
36,"management","single","tertiary",876,241,2,"no"
57,"admin.","married","secondary",2137,132,7,"no"
42,"blue-collar","married","primary",260,175,2,"no"
32,"blue-collar","married","secondary",-53,648,1,"yes"
30,"management","married","tertiary",944,251,2,"yes"
36,"technician","married","secondary",2394,184,2,"no"
43,"technician","married","secondary",297,119,3,"no"
69,"retired","single","tertiary",2144,417,1,"yes"
31,"technician","single","tertiary",969,95,1,"no"
35,"technician","married","secondary",0,125,2,"no"
26,"entrepreneur","married","tertiary",37,207,1,"no"
46,"technician","married","secondary",410,162,5,"no"
30,"technician","married","secondary",1211,176,1,"no"
33,"management","single","tertiary",71,107,6,"no"
34,"management","married","tertiary",436,28,1,"no"
48,"blue-collar","married","primary",559,1231,2,"no"
31,"management","married","tertiary",1170,200,4,"no"
46,"management","divorced","tertiary",25,103,2,"no"
40,"services","married","secondary",1325,150,2,"no"
39,"entrepreneur","married","secondary",0,108,7,"no"
33,"technician","single","secondary",647,124,1,"no"
50,"blue-collar","married","primary",2142,309,2,"no"
84,"retired","divorced","primary",639,353,3,"yes"
40,"blue-collar","married","primary",177,742,4,"no"
55,"management","married","tertiary",236,200,1,"no"
40,"services","divorced","secondary",1959,177,1,"no"
46,"admin.","married","primary",96,151,2,"no"
43,"self-employed","single","tertiary",0,147,1,"no"
34,"blue-collar","married","secondary",250,193,6,"no"
35,"technician","single","secondary",126,112,2,"no"
57,"retired","married",NA,1621,108,1,"no"
25,"student","single","secondary",8,107,2,"yes"
32,"self-employed","married","tertiary",189,106,2,"no"
52,"retired","single","secondary",316,463,3,"no"
31,"self-employed","single","tertiary",-282,131,3,"no"
34,"management","married","tertiary",-308,140,2,"no"
42,"technician","divorced","secondary",248,163,4,"no"
47,"blue-collar","divorced","primary",126,2456,2,"yes"
50,"self-employed","divorced","tertiary",13,76,1,"yes"
30,"technician","married","secondary",-393,435,1,"yes"
33,"services","single","secondary",358,302,1,"no"
56,"technician","single","tertiary",917,306,1,"no"
34,"admin.","divorced","secondary",1268,259,3,"no"
33,"technician","married","secondary",-163,502,2,"no"
32,"management","single","tertiary",473,72,2,"no"
34,"management","married","tertiary",4831,265,1,"no"
37,"technician","married","secondary",1063,413,2,"no"
30,"management","married","secondary",0,756,3,"no"
29,"blue-collar","married","secondary",424,241,2,"no"
56,"unemployed","divorced","primary",802,258,2,"no"
31,"management","married","tertiary",430,137,16,"no"
59,"unknown","married",NA,3940,48,2,"no"
36,"housemaid","married","secondary",2880,283,1,"no"
51,"blue-collar","divorced","secondary",1069,247,2,"no"
54,"self-employed","divorced","primary",4382,193,4,"no"
37,"management","married","tertiary",0,129,4,"no"
32,"technician","married","tertiary",3939,209,2,"no"
42,"self-employed","married","tertiary",753,31,1,"no"
29,"blue-collar","married","secondary",358,88,5,"no"
52,"blue-collar","married","primary",1141,22,5,"no"
40,"technician","married","secondary",1259,234,5,"no"
30,"services","married","secondary",227,23,1,"no"
55,"entrepreneur","divorced","secondary",538,353,2,"yes"
49,"management","married","tertiary",92,221,2,"no"
33,"technician","married","tertiary",8023,196,1,"no"
32,"services","single","secondary",2478,395,1,"no"
21,"student","single","secondary",6844,126,3,"no"
42,"technician","married","secondary",440,13,5,"no"
56,"self-employed","married","secondary",800,170,1,"no"
39,"unknown","single","secondary",914,20,1,"no"
30,"entrepreneur","single","secondary",638,358,6,"no"
55,"retired","married","secondary",159,159,1,"no"
43,"blue-collar","married","primary",483,225,3,"no"
53,"unemployed","married","secondary",94,493,1,"yes"
57,"retired","married","secondary",1044,585,1,"yes"
39,"self-employed","single",NA,0,13,11,"no"
56,"technician","divorced","tertiary",401,26,1,"no"
29,"services","single",NA,33,161,1,"no"
38,"blue-collar","married","primary",506,122,1,"no"
59,"management","married","tertiary",1881,456,2,"no"
42,"technician","single",NA,344,26,7,"no"
46,"blue-collar","married","primary",0,51,9,"no"
31,"admin.","married","secondary",3,37,12,"no"
35,"services","divorced","secondary",221,150,1,"no"
50,"self-employed","married","secondary",36,104,10,"no"
42,"blue-collar","married","primary",969,721,1,"no"
36,"services","single","secondary",760,9,13,"no"
25,"admin.","single","tertiary",220,68,1,"no"
42,"management","single","tertiary",10907,74,3,"no"
27,"student","single","tertiary",-148,146,3,"no"
32,"blue-collar","married","primary",415,777,4,"yes"
57,"management","married","tertiary",1341,339,2,"no"
48,"blue-collar","married","secondary",865,78,2,"no"
34,"blue-collar","divorced","secondary",-566,248,2,"no"
33,"services","married","secondary",210,201,1,"no"
26,"technician","single","secondary",1275,18,9,"no"
50,"blue-collar","married","secondary",579,83,4,"no"
60,"technician","single","tertiary",2934,233,2,"no"
47,"management","married","tertiary",6637,174,2,"no"
31,"management","married","tertiary",271,89,1,"no"
52,"technician","married","tertiary",0,145,3,"no"
36,"services","married","secondary",472,1017,1,"no"
43,"blue-collar","married","primary",487,548,2,"no"
30,"technician","single","tertiary",699,213,4,"no"
32,"blue-collar","married","secondary",150,210,1,"no"
31,"management","single","tertiary",1130,224,3,"no"
29,"management","single","secondary",584,541,19,"no"
48,"services","divorced","secondary",3186,104,1,"no"
32,"services","single","secondary",133,171,1,"yes"
30,"housemaid","single","tertiary",868,387,2,"no"
48,"blue-collar","married","secondary",480,830,1,"yes"
51,"blue-collar","married",NA,1883,57,1,"no"
34,"management","married","tertiary",606,97,1,"yes"
35,"blue-collar","married","secondary",603,474,2,"no"
49,"management","single","primary",548,115,6,"no"
36,"unemployed","married","secondary",-872,153,1,"no"
37,"blue-collar","divorced","secondary",33,106,2,"no"
37,"management","married","tertiary",1689,645,2,"no"
49,"blue-collar","married","primary",902,210,2,"no"
44,"services","divorced","secondary",0,97,1,"no"
40,"student","married","secondary",260,52,1,"no"
57,"technician","married","secondary",589,223,1,"no"
39,"technician","married","secondary",626,126,2,"no"
38,"services","married","secondary",0,1473,6,"no"
51,"blue-collar","divorced","secondary",78,723,2,"no"
27,"blue-collar","single","secondary",3792,279,2,"yes"
38,"blue-collar","single","tertiary",14058,293,20,"no"
30,"technician","single","secondary",-522,670,2,"yes"
36,"student","single",NA,386,359,2,"no"
37,"unemployed","married","secondary",1978,404,1,"yes"
53,"admin.","married","secondary",459,317,6,"no"
38,"unemployed","married","tertiary",2812,830,1,"yes"
48,"management","married","tertiary",5057,37,1,"no"
26,"housemaid","married","secondary",-759,191,1,"no"
33,"blue-collar","single","secondary",-416,767,2,"yes"
47,"technician","married",NA,2106,168,1,"no"
45,"management","divorced","tertiary",220,89,4,"no"
32,"blue-collar","divorced","secondary",0,746,2,"no"
69,"retired","married",NA,426,225,1,"yes"
65,"unknown","married",NA,4717,256,1,"yes"
37,"blue-collar","married","secondary",395,219,2,"no"
45,"blue-collar","divorced","primary",0,211,2,"no"
36,"blue-collar","married","secondary",-206,177,2,"no"
62,"self-employed","divorced","tertiary",6,216,1,"yes"
37,"management","married","tertiary",4039,106,2,"no"
39,"services","divorced","secondary",687,869,1,"yes"
38,"technician","single","secondary",-242,1173,3,"yes"
31,"management","married","tertiary",582,58,2,"no"
58,"blue-collar","divorced","primary",8218,124,10,"no"
44,"management","single","tertiary",1424,201,2,"no"
31,"blue-collar","married","secondary",92,688,1,"yes"
33,"technician","single","secondary",2085,501,2,"yes"
36,"technician","single","tertiary",197,260,1,"yes"
31,"technician","single","secondary",2305,139,1,"no"
45,"admin.","married","secondary",-547,214,2,"no"
30,"technician","single","tertiary",411,142,1,"no"
34,"blue-collar","married","secondary",584,154,2,"no"
34,"management","married","tertiary",997,81,1,"no"
39,"admin.","divorced","secondary",83,69,6,"no"
41,"management","married","tertiary",6563,136,8,"no"
32,"services","single","secondary",0,99,13,"no"
32,"management","single","tertiary",0,9,6,"no"
36,"blue-collar","married","primary",398,278,1,"no"
35,"admin.","married","tertiary",1145,82,2,"no"
32,"management","single","tertiary",2,100,2,"yes"
33,"management","single","tertiary",201,171,1,"no"
49,"entrepreneur","married","primary",563,84,1,"no"
35,"management","married","tertiary",3161,433,2,"no"
31,"technician","married","secondary",0,624,6,"no"
42,"management","married","secondary",1331,698,2,"no"
34,"housemaid","married","primary",2929,518,2,"yes"
32,"services","married","secondary",-220,123,2,"no"
29,"management","single","tertiary",5980,317,1,"no"
32,"services","single","secondary",48,8,3,"no"
50,"housemaid","single",NA,0,118,8,"no"
58,"retired","married","secondary",3382,294,2,"no"
59,"technician","married","secondary",2308,815,1,"yes"
25,"student","married","tertiary",10,857,4,"yes"
57,"services","married","secondary",162,174,1,"no"
30,"blue-collar","single","secondary",1073,1130,4,"no"
26,"services","single","secondary",1700,13,5,"no"
50,"services","single","primary",148,198,2,"no"
39,"services","married","secondary",0,503,1,"no"
45,"blue-collar","married","primary",185,249,3,"no"
37,"management","divorced","tertiary",896,343,2,"no"
47,"blue-collar","divorced","primary",1279,479,2,"no"
50,"technician","married","tertiary",199,116,2,"no"
40,"management","married","secondary",99,15,5,"no"
35,"blue-collar","married","primary",378,427,3,"no"
53,"management","married","tertiary",15,921,2,"yes"
35,"admin.","married","secondary",147,41,1,"no"
54,"technician","married","secondary",2225,73,2,"no"
35,"admin.","single","secondary",1810,65,2,"no"
31,"housemaid","married",NA,-6,94,2,"no"
46,"technician","divorced","secondary",435,192,3,"no"
52,"management","married","secondary",335,411,1,"yes"
34,"admin.","divorced","secondary",-251,641,1,"yes"
46,"services","divorced","secondary",5,305,2,"no"
54,"self-employed","married","secondary",641,472,1,"no"
37,"admin.","married","tertiary",0,115,1,"no"
39,"admin.","married","tertiary",722,141,1,"no"
50,"technician","married","tertiary",3337,24,14,"no"
44,"technician","divorced","secondary",0,264,5,"no"
56,"admin.","married","secondary",1504,66,2,"no"
40,"services","married","tertiary",35,318,4,"no"
36,"services","married","secondary",895,622,1,"no"
33,"management","married","tertiary",752,104,4,"no"
33,"blue-collar","single","secondary",1925,76,2,"no"
42,"services","married","secondary",-246,149,1,"no"
30,"self-employed","single","tertiary",901,601,1,"no"
33,"admin.","single","secondary",894,509,2,"no"
26,"blue-collar","single","secondary",592,174,1,"no"
26,"admin.","single","secondary",3529,57,2,"no"
37,"services","married","secondary",0,187,2,"no"
59,"retired","married","primary",0,493,2,"yes"
49,"blue-collar","married","primary",371,18,44,"no"
33,"blue-collar","single","primary",1,257,1,"no"
46,"technician","single","secondary",834,196,2,"no"
55,"entrepreneur","married","primary",298,144,3,"no"
49,"services","married","tertiary",306,285,7,"no"
51,"technician","married","secondary",143,627,1,"no"
27,"admin.","married","secondary",186,136,2,"no"
44,"technician","married","secondary",5597,27,3,"no"
40,"services","single","secondary",1547,88,2,"no"
36,"management","married","tertiary",1852,362,1,"no"
46,"admin.","single","secondary",1790,214,5,"no"
30,"services","single","secondary",20,404,6,"no"
35,"admin.","married","secondary",8652,103,6,"no"
31,"technician","single","secondary",1626,356,2,"no"
37,"admin.","married","secondary",749,219,1,"no"
49,"blue-collar","married",NA,51,984,1,"no"
27,"services","single","secondary",-1,60,2,"no"
32,"blue-collar","married","secondary",-32,145,1,"no"
70,"retired","divorced","secondary",6850,252,3,"no"
22,"technician","single","secondary",333,129,1,"no"
58,"blue-collar","married","secondary",-27,77,13,"no"
33,"blue-collar","married","secondary",932,226,1,"no"
83,"retired","divorced","primary",0,664,1,"no"
50,"management","divorced","tertiary",100,157,1,"no"
53,"blue-collar","married","secondary",-626,205,1,"no"
37,"management","single","tertiary",9,484,2,"no"
55,"services","divorced","primary",653,800,1,"no"
49,"admin.","married","secondary",3608,231,1,"yes"
41,"blue-collar","married","primary",293,102,1,"no"
40,"management","single","tertiary",36,240,3,"no"
48,"management","married","tertiary",263,350,2,"no"
27,"student","single","secondary",8366,458,2,"no"
30,"management","single","tertiary",2186,366,1,"no"
37,"entrepreneur","single","secondary",20453,115,1,"no"
37,"services","single","secondary",105,260,4,"no"
40,"blue-collar","married","secondary",440,327,2,"no"
73,"retired","married",NA,519,434,1,"yes"
50,"management","married","tertiary",19447,166,1,"no"
53,"blue-collar","married","primary",225,171,7,"no"
47,"blue-collar","married","secondary",2548,577,1,"no"
33,"technician","divorced","secondary",0,224,8,"no"
50,"blue-collar","married",NA,2284,1088,17,"yes"
51,"blue-collar","married","primary",40,79,1,"no"
42,"housemaid","divorced","tertiary",364,52,1,"no"
34,"technician","single","secondary",174,259,4,"no"
44,"technician","married","secondary",10888,163,1,"no"
32,"admin.","married","secondary",0,159,2,"no"
60,"retired","married","tertiary",225,54,2,"no"
60,"retired","divorced","tertiary",2131,421,6,"no"
29,"blue-collar","single","secondary",-20,574,1,"yes"
39,"management","single","secondary",36,70,2,"no"
47,"blue-collar","married","primary",2642,310,2,"no"
30,"admin.","married","tertiary",400,223,1,"no"
31,"technician","single","tertiary",1214,39,1,"no"
34,"management","single","tertiary",-292,181,6,"no"
51,"admin.","married","secondary",1415,151,3,"no"
38,"blue-collar","married","secondary",213,270,15,"no"
47,"admin.","single","secondary",2540,110,5,"no"
46,"housemaid","single","tertiary",3232,94,2,"no"
33,"management","married","tertiary",296,90,2,"no"
30,"management","married","tertiary",42,115,6,"no"
40,"technician","married","secondary",697,220,2,"no"
38,"blue-collar","single","secondary",13156,291,4,"no"
63,"retired","divorced","secondary",1490,506,1,"yes"
33,"management","married","tertiary",150,151,2,"no"
59,"retired","married","secondary",0,812,1,"yes"
29,"management","single","tertiary",4210,119,1,"no"
54,"services","divorced","secondary",1012,33,3,"no"
57,"technician","married","secondary",16063,352,3,"no"
57,"blue-collar","married","primary",5431,383,1,"no"
28,"services","single","secondary",317,21,3,"no"
30,"technician","single","secondary",4787,266,1,"no"
28,"blue-collar","married","secondary",225,866,2,"no"
45,"services","divorced","primary",3854,10,3,"no"
29,"services","divorced","secondary",92,240,1,"no"
42,"blue-collar","married","primary",-10,291,4,"no"
31,"blue-collar","married","secondary",-617,115,2,"no"
59,"housemaid","divorced","primary",195,366,2,"no"
41,"blue-collar","married","primary",1172,153,1,"no"
57,"housemaid","married","secondary",0,197,2,"no"
43,"services","divorced","secondary",0,106,4,"no"
30,"services","divorced","secondary",-94,41,2,"no"
26,"admin.","single","secondary",609,112,1,"no"
52,"management","single","tertiary",4,30,9,"no"
32,"entrepreneur","divorced","secondary",1121,211,3,"no"
39,"management","divorced","tertiary",355,313,5,"no"
31,"blue-collar","married","secondary",3653,252,1,"no"
83,"retired","divorced","primary",1097,181,1,"yes"
34,"management","married","tertiary",436,118,4,"no"
40,"blue-collar","married","secondary",4795,57,1,"no"
39,"self-employed","married","secondary",266,102,2,"no"
50,"unemployed","married","secondary",3357,239,4,"yes"
30,"technician","married","tertiary",101,187,3,"no"
43,"blue-collar","married","secondary",10910,66,2,"no"
49,"blue-collar","married","secondary",1568,206,6,"no"
41,"retired","single","primary",0,239,1,"no"
35,"blue-collar","married","secondary",305,7,7,"no"
57,"retired","married","tertiary",31,260,2,"no"
29,"entrepreneur","married","secondary",452,347,1,"no"
48,"admin.","married","secondary",5,697,2,"no"
38,"entrepreneur","divorced","tertiary",7929,182,3,"no"
41,"entrepreneur","married","primary",39,549,2,"yes"
39,"housemaid","married","primary",267,1151,5,"no"
31,"management","married","tertiary",4945,445,1,"no"
51,"technician","married","secondary",463,213,5,"no"
35,"unemployed","single","secondary",2116,409,2,"no"
45,"admin.","divorced","secondary",59,873,8,"yes"
28,"blue-collar","married","secondary",131,147,5,"no"
57,"retired","married","secondary",107,85,2,"no"
36,"unemployed","married","secondary",-35,339,3,"no"
49,"technician","married","primary",230,96,1,"no"
34,"management","single","tertiary",2679,195,1,"no"
65,"retired","married","primary",493,622,1,"no"
26,"services","single","secondary",256,101,2,"no"
52,"blue-collar","married","primary",-133,96,2,"no"
32,"blue-collar","single","secondary",811,563,1,"yes"
33,"unemployed","married","tertiary",302,670,1,"no"
43,"management","married","tertiary",3529,190,3,"no"
26,"technician","single","tertiary",75,351,1,"no"
45,"technician","married","secondary",999,215,6,"no"
30,"management","single","tertiary",7845,59,1,"no"
37,"services","divorced","primary",260,446,2,"no"
45,"management","single","tertiary",2048,310,1,"yes"
34,"management","married","tertiary",1557,213,1,"no"
35,"services","married","secondary",505,371,2,"no"
41,"admin.","married","tertiary",1536,54,2,"no"
42,"self-employed","married","tertiary",0,118,6,"no"
48,"blue-collar","married",NA,439,212,1,"no"
45,"unknown","married","primary",44,81,1,"no"
47,"management","married","tertiary",295,157,1,"no"
37,"blue-collar","married","primary",190,194,1,"no"
32,"management","married","secondary",3935,129,2,"no"
40,"management","married","tertiary",-17,474,1,"yes"
35,"technician","single","secondary",175,219,1,"no"
31,"technician","single","secondary",4888,475,4,"no"
36,"technician","single","tertiary",40,359,3,"no"
44,"management","married","tertiary",4460,168,2,"no"
52,"admin.","divorced","secondary",98,148,1,"no"
28,"student","single","secondary",330,197,1,"no"
45,"blue-collar","married","primary",13117,42,2,"no"
38,"management","married","tertiary",12877,118,3,"no"
39,"blue-collar","married","primary",1506,299,2,"no"
28,"management","single","tertiary",0,198,2,"no"
31,"technician","single","secondary",775,361,1,"no"
46,"blue-collar","married","primary",258,217,1,"no"
22,"student","single","secondary",246,25,1,"no"
49,"blue-collar","single","primary",2146,1516,2,"yes"
44,"unemployed","married","secondary",304,129,2,"no"
31,"self-employed","single","secondary",360,592,4,"no"
53,"blue-collar","married","primary",3316,331,6,"no"
55,"management","married","tertiary",6880,353,2,"no"
35,"technician","married","secondary",2189,256,3,"no"
35,"blue-collar","married","secondary",5304,340,1,"no"
37,"management","single","tertiary",102,101,2,"no"
50,"blue-collar","married","secondary",181,599,2,"no"
37,"management","married","primary",3953,610,2,"no"
37,"blue-collar","single","primary",6969,412,1,"no"
29,"management","single","tertiary",572,314,1,"yes"
31,"admin.","single","secondary",223,508,1,"no"
40,"technician","married","secondary",-396,127,1,"no"
47,"services","divorced","secondary",164,212,1,"no"
55,"self-employed","married","secondary",2678,151,12,"no"
33,"technician","single","secondary",920,58,1,"no"
53,"services","divorced","secondary",4554,8,6,"no"
38,"management","single","tertiary",623,297,4,"yes"
61,"management","married","secondary",967,180,1,"no"
43,"unemployed","divorced","secondary",1577,87,1,"no"
42,"housemaid","married","primary",1,59,5,"no"
36,"management","divorced","tertiary",0,81,4,"no"
31,"technician","single","tertiary",1166,207,NA,"no"
59,"management","married",NA,3534,216,4,"no"
29,"blue-collar","married","primary",200,322,2,"no"
33,"technician","married","secondary",4790,137,1,"no"
44,"blue-collar","married","primary",-237,73,1,"no"
43,"blue-collar","married","secondary",1335,371,2,"no"
42,"management","married","tertiary",603,298,5,"no"
32,"management","single","tertiary",577,101,2,"no"
43,"management","married","tertiary",0,110,1,"no"
39,"admin.","single","secondary",163,107,2,"no"
23,"blue-collar","married","primary",1158,743,1,"no"
43,"services","married","secondary",642,644,2,"no"
46,"admin.","married","secondary",466,169,1,"no"
31,"technician","married","secondary",119,380,1,"no"
38,"management","married","tertiary",3436,663,4,"yes"
53,"blue-collar","married","primary",238,238,2,"no"
37,"blue-collar","married","primary",378,514,1,"no"
49,"entrepreneur","divorced","secondary",32,128,1,"no"
31,"unemployed","single","secondary",315,130,1,"no"
45,"management","married","tertiary",6945,131,5,"no"
58,"admin.","married","secondary",3496,111,4,"no"
35,"blue-collar","single","secondary",0,169,1,"no"
32,"technician","single","secondary",309,346,1,"no"
28,"technician","single","tertiary",0,205,6,"no"
26,"technician","single","secondary",668,576,3,"yes"
48,"management","married","tertiary",1175,1476,3,"no"
30,"blue-collar","single","secondary",363,171,3,"no"
31,"entrepreneur","single","tertiary",38,185,2,"no"
31,"management","married","tertiary",1183,676,6,"no"
45,"blue-collar","divorced","primary",942,362,1,"no"
38,"admin.","married","secondary",4196,193,2,"no"
34,"management","married","tertiary",297,63,4,"no"
42,"services","married","secondary",-91,43,1,"no"
60,"self-employed","married","primary",362,816,6,"yes"
42,"blue-collar","single","secondary",1080,951,3,"yes"
32,"admin.","single","secondary",620,1234,3,"yes"
42,"unemployed","divorced","tertiary",-166,85,4,"no"
33,"services","married","secondary",288,306,1,"no"
42,"admin.","married",NA,642,509,2,"no"
51,"technician","married","tertiary",2506,210,3,"no"
36,"technician","divorced","secondary",566,129,2,"no"
46,"blue-collar","married","secondary",668,1263,2,"yes"
40,"blue-collar","married","secondary",1100,660,2,"no"
49,"blue-collar","married","secondary",322,356,2,"no"
38,"blue-collar","married","secondary",1205,45,4,"no"
32,"services","single","secondary",473,624,5,"no"
33,"services","married","secondary",-333,329,5,"no"
57,"self-employed","married","tertiary",-3313,153,1,"no"
57,"technician","married","secondary",295,151,11,"no"
28,"blue-collar","married","secondary",1137,129,4,"no"
44,"entrepreneur","single","tertiary",1136,345,2,"no"
